cell,label
aaacctgagccatcgc_mcf7.aa.t0,sensitive
aaacctggtcggctca_mcf7.aa.t0,sensitive
aaacctgtccgatatg_mcf7.aa.t0,sensitive
aaacgggcagtaagcg_mcf7.aa.t0,sensitive
aaacggggtccatgat_mcf7.aa.t0,sensitive
aaagatgcaagctgtt_mcf7.aa.t0,sensitive
aaagatggtctcttat_mcf7.aa.t0,sensitive
aaagatggtgataaac_mcf7.aa.t0,sensitive
aaagcaaagtgtacgg_mcf7.aa.t0,sensitive
aaagcaaagtgtactc_mcf7.aa.t0,sensitive
aaagcaaagttaagtg_mcf7.aa.t0,sensitive
aaagcaacacgaaagc_mcf7.aa.t0,sensitive
aaagcaacatcaccct_mcf7.aa.t0,sensitive
aaagtagcagatccat_mcf7.aa.t0,sensitive
aaatgcccaccgaatt_mcf7.aa.t0,sensitive
aacacgtagcgtcaag_mcf7.aa.t0,sensitive
aacacgtcatgacatc_mcf7.aa.t0,sensitive
aacacgtgtgagggag_mcf7.aa.t0,sensitive
aaccatgagcaggcta_mcf7.aa.t0,sensitive
aaccatgagcctatgt_mcf7.aa.t0,sensitive
aaccatggttacagaa_mcf7.aa.t0,sensitive
aaccgcgagtttcctt_mcf7.aa.t0,sensitive
aaccgcgcaaactgtc_mcf7.aa.t0,sensitive
aaccgcggtacagacg_mcf7.aa.t0,sensitive
aacgttgagcccaacc_mcf7.aa.t0,sensitive
aacgttgcagcctata_mcf7.aa.t0,sensitive
aacgttgcatcacgat_mcf7.aa.t0,sensitive
aacgttgtcacaatgc_mcf7.aa.t0,sensitive
aacgttgtcgttacag_mcf7.aa.t0,sensitive
aactcagagtcaagcg_mcf7.aa.t0,sensitive
aactcagcagatggca_mcf7.aa.t0,sensitive
aactcaggtagagtgc_mcf7.aa.t0,sensitive
aactcagtcaagaagt_mcf7.aa.t0,sensitive
aactcagtcgtccgtt_mcf7.aa.t0,sensitive
aactcccagggatggg_mcf7.aa.t0,sensitive
aactccccagcgatcc_mcf7.aa.t0,sensitive
aactcttcaatcagaa_mcf7.aa.t0,sensitive
aactcttgtcagaata_mcf7.aa.t0,sensitive
aactctttcacggtta_mcf7.aa.t0,sensitive
aactctttcatacggt_mcf7.aa.t0,sensitive
aactctttcctgcagg_mcf7.aa.t0,sensitive
aactctttctgctgct_mcf7.aa.t0,sensitive
aactggtaggagttta_mcf7.aa.t0,sensitive
aactggtcaggaatcg_mcf7.aa.t0,sensitive
aactggttcaccgggt_mcf7.aa.t0,sensitive
aactttccagacactt_mcf7.aa.t0,sensitive
aactttccagatgggt_mcf7.aa.t0,sensitive
aactttcgtaaggatt_mcf7.aa.t0,sensitive
aagacctagatgtcgg_mcf7.aa.t0,sensitive
aagacctcaccaggct_mcf7.aa.t0,sensitive
aagacctcagtcgatt_mcf7.aa.t0,sensitive
aagccgcagactgtaa_mcf7.aa.t0,sensitive
aagccgccagccagaa_mcf7.aa.t0,sensitive
aagccgcgtagaagga_mcf7.aa.t0,sensitive
aaggagcagataggag_mcf7.aa.t0,sensitive
aaggagccacagaggt_mcf7.aa.t0,sensitive
aaggcagagataggag_mcf7.aa.t0,sensitive
aaggcagagtacatga_mcf7.aa.t0,sensitive
aaggcaggttacgcgc_mcf7.aa.t0,sensitive
aaggcagtcgacagcc_mcf7.aa.t0,sensitive
aaggttcagagagctc_mcf7.aa.t0,sensitive
aaggttccacgaaagc_mcf7.aa.t0,sensitive
aaggttctcgccataa_mcf7.aa.t0,sensitive
aaggttctctaccaga_mcf7.aa.t0,sensitive
aaggttctctgcgacg_mcf7.aa.t0,sensitive
aagtctgagcgtagtg_mcf7.aa.t0,sensitive
aagtctgcaccagtta_mcf7.aa.t0,sensitive
aagtctggtcatccct_mcf7.aa.t0,sensitive
aatcggttcacttatc_mcf7.aa.t0,sensitive
aatcggttcgtaggag_mcf7.aa.t0,sensitive
acaccaagtgactcat_mcf7.aa.t0,sensitive
acaccaagtgtaacgg_mcf7.aa.t0,sensitive
acaccaatcaataagg_mcf7.aa.t0,sensitive
acaccaatcatgcaac_mcf7.aa.t0,sensitive
acaccaatcttcgaga_mcf7.aa.t0,sensitive
acaccctagattaccc_mcf7.aa.t0,sensitive
acaccctagcaatctc_mcf7.aa.t0,sensitive
acaccctagggatctg_mcf7.aa.t0,sensitive
acaccctaggtcatct_mcf7.aa.t0,sensitive
acaccctcaaacaaca_mcf7.aa.t0,sensitive
acaccctcagacaaat_mcf7.aa.t0,sensitive
acacccttctggcgac_mcf7.aa.t0,sensitive
acaccggagggtatcg_mcf7.aa.t0,sensitive
acaccggagtgttaga_mcf7.aa.t0,sensitive
acaccggcattcttac_mcf7.aa.t0,sensitive
acactgaagaaacgcc_mcf7.aa.t0,sensitive
acactgacattgcggc_mcf7.aa.t0,sensitive
acactgagttcctcca_mcf7.aa.t0,sensitive
acactgatcatctgcc_mcf7.aa.t0,sensitive
acactgatccgcggta_mcf7.aa.t0,sensitive
acagccgcaagccgtc_mcf7.aa.t0,sensitive
acagccggtctaaaga_mcf7.aa.t0,sensitive
acagccggtttgttgg_mcf7.aa.t0,sensitive
acagccgtccaaagtc_mcf7.aa.t0,sensitive
acagctaagaaaccgc_mcf7.aa.t0,sensitive
acagctaagactagat_mcf7.aa.t0,sensitive
acagctaagtgtccat_mcf7.aa.t0,sensitive
acagctacagccacca_mcf7.aa.t0,sensitive
acagctagttacggag_mcf7.aa.t0,sensitive
acagctatctgcttgc_mcf7.aa.t0,sensitive
acatcagagtgctgcc_mcf7.aa.t0,sensitive
acatcaggtatatgga_mcf7.aa.t0,sensitive
acatcaggttatcggt_mcf7.aa.t0,sensitive
acatcaggttctcatt_mcf7.aa.t0,sensitive
acatcaggttggtttg_mcf7.aa.t0,sensitive
acatcagtccacgttc_mcf7.aa.t0,sensitive
accagtaagcggatca_mcf7.aa.t0,sensitive
accagtaaggacatta_mcf7.aa.t0,sensitive
accagtacagctcgca_mcf7.aa.t0,sensitive
accagtagtaaggatt_mcf7.aa.t0,sensitive
accagtatcaaacaag_mcf7.aa.t0,sensitive
acccactgtaacgcga_mcf7.aa.t0,sensitive
acccactgtgtaacgg_mcf7.aa.t0,sensitive
accgtaacaaagcggt_mcf7.aa.t0,sensitive
accgtaacacatcttt_mcf7.aa.t0,sensitive
accgtaacagccaatt_mcf7.aa.t0,sensitive
accgtaacaggaatcg_mcf7.aa.t0,sensitive
accgtaagtcaagcga_mcf7.aa.t0,sensitive
accgtaagtgcaactt_mcf7.aa.t0,sensitive
accgtaatcaggcgaa_mcf7.aa.t0,sensitive
acctttaagaggttat_mcf7.aa.t0,sensitive
acctttaagccacgct_mcf7.aa.t0,sensitive
acctttacaatccaac_mcf7.aa.t0,sensitive
acctttagtagggtac_mcf7.aa.t0,sensitive
acctttagtctgcaat_mcf7.aa.t0,sensitive
acctttagtctgccag_mcf7.aa.t0,sensitive
acctttatccgttgct_mcf7.aa.t0,sensitive
acgagccagatcctgt_mcf7.aa.t0,sensitive
acgagcctcagagctt_mcf7.aa.t0,sensitive
acgagcctcggaaata_mcf7.aa.t0,sensitive
acgagcctcgtttgcc_mcf7.aa.t0,sensitive
acgagcctctgacctc_mcf7.aa.t0,sensitive
acgagcctctgaggga_mcf7.aa.t0,sensitive
acgaggacacttggat_mcf7.aa.t0,sensitive
acgaggagttattctc_mcf7.aa.t0,sensitive
acgaggagtttggcgc_mcf7.aa.t0,sensitive
acgatacagtgcgatg_mcf7.aa.t0,sensitive
acgatacgtaacgcga_mcf7.aa.t0,sensitive
acgatactcttgtttg_mcf7.aa.t0,sensitive
acgatgtcaagtctac_mcf7.aa.t0,sensitive
acgatgtcattcttac_mcf7.aa.t0,sensitive
acgatgtgtcaggaca_mcf7.aa.t0,sensitive
acgatgtgtgcacgaa_mcf7.aa.t0,sensitive
acgatgttccacgttc_mcf7.aa.t0,sensitive
acgcagccaccgaatt_mcf7.aa.t0,sensitive
acgcagctcacgcggt_mcf7.aa.t0,sensitive
acgcagctccgttgct_mcf7.aa.t0,sensitive
acgccagagcgtctat_mcf7.aa.t0,sensitive
acgccagcagtggagt_mcf7.aa.t0,sensitive
acgccaggtaccgtta_mcf7.aa.t0,sensitive
acgccaggtgaccaag_mcf7.aa.t0,sensitive
acgccaggtgcttctc_mcf7.aa.t0,sensitive
acgccagtcagagctt_mcf7.aa.t0,sensitive
acgccagtcataaccg_mcf7.aa.t0,sensitive
acggagaagaaggcct_mcf7.aa.t0,sensitive
acggagaaggccctca_mcf7.aa.t0,sensitive
acggagaagtatcgaa_mcf7.aa.t0,sensitive
acggagacactcgacg_mcf7.aa.t0,sensitive
acggccaagactgggt_mcf7.aa.t0,sensitive
acggccaagcgtgtcc_mcf7.aa.t0,sensitive
acggccacaacaacct_mcf7.aa.t0,sensitive
acggccagtgtcaatc_mcf7.aa.t0,sensitive
acgggctagatatgca_mcf7.aa.t0,sensitive
acgggctaggcgtaca_mcf7.aa.t0,sensitive
acgggctagggtctcc_mcf7.aa.t0,sensitive
acgggctagtcgagtg_mcf7.aa.t0,sensitive
acgggctagtgcgtga_mcf7.aa.t0,sensitive
acgggctgtcaacatc_mcf7.aa.t0,sensitive
acgggtcagggatggg_mcf7.aa.t0,sensitive
acgggtcagttcgatc_mcf7.aa.t0,sensitive
acgtcaaagcgctcca_mcf7.aa.t0,sensitive
acgtcaaaggacacca_mcf7.aa.t0,sensitive
acgtcaacaagacacg_mcf7.aa.t0,sensitive
acgtcaagttaccgat_mcf7.aa.t0,sensitive
acgtcaatcctcatta_mcf7.aa.t0,sensitive
actatctgtccgtgac_mcf7.aa.t0,sensitive
actgaaccataaaggt_mcf7.aa.t0,sensitive
actgaaccatatgaga_mcf7.aa.t0,sensitive
actgaactctaactgg_mcf7.aa.t0,sensitive
actgagtagatcacgg_mcf7.aa.t0,sensitive
actgagtagccctaat_mcf7.aa.t0,sensitive
actgagtgtgtgaccc_mcf7.aa.t0,sensitive
actgagttcttgccgt_mcf7.aa.t0,sensitive
actgatgagcagcctc_mcf7.aa.t0,sensitive
actgatgcacagaggt_mcf7.aa.t0,sensitive
actgatgtctaacggt_mcf7.aa.t0,sensitive
actgctccaggaacgt_mcf7.aa.t0,sensitive
actgctcgtagaggaa_mcf7.aa.t0,sensitive
actgctctccctcttt_mcf7.aa.t0,sensitive
actgctctcgcctgag_mcf7.aa.t0,sensitive
actgtccagcgttgcc_mcf7.aa.t0,sensitive
actgtcccaagtctgt_mcf7.aa.t0,sensitive
actgtcccatccgggt_mcf7.aa.t0,sensitive
actgtccgttggaccc_mcf7.aa.t0,sensitive
acttactagatgggtc_mcf7.aa.t0,sensitive
acttactagggcatgt_mcf7.aa.t0,sensitive
acttactcaagcgatg_mcf7.aa.t0,sensitive
acttactcaagttaag_mcf7.aa.t0,sensitive
acttacttcgtggtcg_mcf7.aa.t0,sensitive
acttgttcactgtcgg_mcf7.aa.t0,sensitive
acttgttgtctgcaat_mcf7.aa.t0,sensitive
acttgtttcagtcagt_mcf7.aa.t0,sensitive
acttgtttccggcaca_mcf7.aa.t0,sensitive
actttcaagtacgtaa_mcf7.aa.t0,sensitive
actttcacagctgtta_mcf7.aa.t0,sensitive
actttcatcaacactg_mcf7.aa.t0,sensitive
actttcatctcgtatt_mcf7.aa.t0,sensitive
agaatagagtgtgaat_mcf7.aa.t0,sensitive
agaatagcatgtaaga_mcf7.aa.t0,sensitive
agaataggttggtttg_mcf7.aa.t0,sensitive
agaatagtctgggcca_mcf7.aa.t0,sensitive
agacgttaggcgtaca_mcf7.aa.t0,sensitive
agacgttaggtgcaca_mcf7.aa.t0,sensitive
agacgttagtatcgaa_mcf7.aa.t0,sensitive
agacgttgtccgagtc_mcf7.aa.t0,sensitive
agacgtttcaacggcc_mcf7.aa.t0,sensitive
agagcgaagagtaagg_mcf7.aa.t0,sensitive
agagcgaagatcgata_mcf7.aa.t0,sensitive
agagcgaaggccatag_mcf7.aa.t0,sensitive
agagcgaaggccgaat_mcf7.aa.t0,sensitive
agagcgaagtagccga_mcf7.aa.t0,sensitive
agagcgacaagccatt_mcf7.aa.t0,sensitive
agagcgagtgcggtaa_mcf7.aa.t0,sensitive
agagcgatcatagcac_mcf7.aa.t0,sensitive
agagcgatccctgact_mcf7.aa.t0,sensitive
agagcttgtacagacg_mcf7.aa.t0,sensitive
agagctttcaccttat_mcf7.aa.t0,sensitive
agagctttcgccgtga_mcf7.aa.t0,sensitive
agagtggagagaacag_mcf7.aa.t0,sensitive
agagtggagagggata_mcf7.aa.t0,sensitive
agagtggcacatttct_mcf7.aa.t0,sensitive
agagtggcacgtaagg_mcf7.aa.t0,sensitive
agagtggcatgcctaa_mcf7.aa.t0,sensitive
agagtgggtgagggag_mcf7.aa.t0,sensitive
agatctgagatagtca_mcf7.aa.t0,sensitive
agatctggtgaaatca_mcf7.aa.t0,sensitive
agatctggttggaggt_mcf7.aa.t0,sensitive
agatctgtcaagaagt_mcf7.aa.t0,sensitive
agattgcgtcttcgtc_mcf7.aa.t0,sensitive
agattgctcgcctgtt_mcf7.aa.t0,sensitive
agcagccagatgtgta_mcf7.aa.t0,sensitive
agcagccagggtctcc_mcf7.aa.t0,sensitive
agcagccagtacgata_mcf7.aa.t0,sensitive
agcagcccacccattc_mcf7.aa.t0,sensitive
agcagcccacttcgaa_mcf7.aa.t0,sensitive
agcagcccagttccct_mcf7.aa.t0,sensitive
agcagccgtacagcag_mcf7.aa.t0,sensitive
agcataccacaagtaa_mcf7.aa.t0,sensitive
agcatactcaaggtaa_mcf7.aa.t0,sensitive
agcctaaagaatgttg_mcf7.aa.t0,sensitive
agcctaaagctagttc_mcf7.aa.t0,sensitive
agcctaaaggcattgg_mcf7.aa.t0,sensitive
agcctaaaggtgcaca_mcf7.aa.t0,sensitive
agcctaagtcttgcgg_mcf7.aa.t0,sensitive
agcctaatcacaaacc_mcf7.aa.t0,sensitive
agcggtcagtagccga_mcf7.aa.t0,sensitive
agcggtccatggtagg_mcf7.aa.t0,sensitive
agcggtcgtactctcc_mcf7.aa.t0,sensitive
agcggtcgtcctagcg_mcf7.aa.t0,sensitive
agcggtcgttaagggc_mcf7.aa.t0,sensitive
agcggtctcagttgac_mcf7.aa.t0,sensitive
agcgtatcatgaagta_mcf7.aa.t0,sensitive
agcgtatgtcaaactc_mcf7.aa.t0,sensitive
agcgtattccgcggta_mcf7.aa.t0,sensitive
agcgtattcgtaggtt_mcf7.aa.t0,sensitive
agcgtcgagcccagct_mcf7.aa.t0,sensitive
agcgtcgagcgtgtcc_mcf7.aa.t0,sensitive
agctcctcattggtac_mcf7.aa.t0,sensitive
agctccttcgtcgttc_mcf7.aa.t0,sensitive
agctccttctgatacg_mcf7.aa.t0,sensitive
agctccttcttaccta_mcf7.aa.t0,sensitive
agctctccaataagca_mcf7.aa.t0,sensitive
agctctccatacgccg_mcf7.aa.t0,sensitive
agctctcgtctaggtt_mcf7.aa.t0,sensitive
agctctcgtgtgaata_mcf7.aa.t0,sensitive
agcttgagtacctaca_mcf7.aa.t0,sensitive
agcttgatcctatgtt_mcf7.aa.t0,sensitive
aggccacagcggcttc_mcf7.aa.t0,sensitive
aggccacaggatcgca_mcf7.aa.t0,sensitive
aggccaccagacaagc_mcf7.aa.t0,sensitive
aggccaccatagtaag_mcf7.aa.t0,sensitive
aggccacgtgcctggt_mcf7.aa.t0,sensitive
aggccgtagtgttaga_mcf7.aa.t0,sensitive
aggccgtgtcgattgt_mcf7.aa.t0,sensitive
aggccgtgtgatgata_mcf7.aa.t0,sensitive
aggccgttcctagaac_mcf7.aa.t0,sensitive
aggccgttcgtgggaa_mcf7.aa.t0,sensitive
agggagtagacgcaac_mcf7.aa.t0,sensitive
agggagtagctgaaat_mcf7.aa.t0,sensitive
agggagtcaaagtcaa_mcf7.aa.t0,sensitive
agggagtcaatctacg_mcf7.aa.t0,sensitive
agggagtgtcatatcg_mcf7.aa.t0,sensitive
agggagtgtcgaaagc_mcf7.aa.t0,sensitive
agggagtgtgtgcgtc_mcf7.aa.t0,sensitive
agggagttcgtccgtt_mcf7.aa.t0,sensitive
agggagttctggagcc_mcf7.aa.t0,sensitive
agggatgagctaactc_mcf7.aa.t0,sensitive
agggatgcacttggat_mcf7.aa.t0,sensitive
agggtgaaggatatac_mcf7.aa.t0,sensitive
agggtgacacatccgg_mcf7.aa.t0,sensitive
agggtgagtcttgcgg_mcf7.aa.t0,sensitive
agggtgagtttactct_mcf7.aa.t0,sensitive
agggtgatccagagga_mcf7.aa.t0,sensitive
agggtgatctgccagg_mcf7.aa.t0,sensitive
aggtcatcaccggaaa_mcf7.aa.t0,sensitive
aggtcatgttgtggcc_mcf7.aa.t0,sensitive
aggtcattcctttctc_mcf7.aa.t0,sensitive
aggtccggtaagagag_mcf7.aa.t0,sensitive
aggtccggtaatcacc_mcf7.aa.t0,sensitive
aggtccgtcaacgaaa_mcf7.aa.t0,sensitive
agtagtcagggagtaa_mcf7.aa.t0,sensitive
agtagtctcagcatgt_mcf7.aa.t0,sensitive
agtctttagctagccc_mcf7.aa.t0,sensitive
agtctttagggttccc_mcf7.aa.t0,sensitive
agtctttcagataatg_mcf7.aa.t0,sensitive
agtctttcatcgatgt_mcf7.aa.t0,sensitive
agtgggaagttcgcgc_mcf7.aa.t0,sensitive
agtgggacacattcga_mcf7.aa.t0,sensitive
agtgggacaggtggat_mcf7.aa.t0,sensitive
agtgggagtctggaga_mcf7.aa.t0,sensitive
agtgtcaagagactat_mcf7.aa.t0,sensitive
agtgtcaagtgtggca_mcf7.aa.t0,sensitive
agtgtcagtaagtagt_mcf7.aa.t0,sensitive
agtgtcagtcgcttct_mcf7.aa.t0,sensitive
agtgtcatcagagacg_mcf7.aa.t0,sensitive
agttggtagcgagaaa_mcf7.aa.t0,sensitive
agttggtagctgaacg_mcf7.aa.t0,sensitive
agttggtagtctcggc_mcf7.aa.t0,sensitive
agttggtcaccaggct_mcf7.aa.t0,sensitive
agttggtcactaagtc_mcf7.aa.t0,sensitive
agttggtgtagcgcaa_mcf7.aa.t0,sensitive
agttggtgtccgaatt_mcf7.aa.t0,sensitive
ataacgcagctagtgg_mcf7.aa.t0,sensitive
ataacgccagcgaaca_mcf7.aa.t0,sensitive
ataacgcgtcagaata_mcf7.aa.t0,sensitive
ataacgctcagcacat_mcf7.aa.t0,sensitive
ataacgctcgtcgttc_mcf7.aa.t0,sensitive
ataacgctcttgagac_mcf7.aa.t0,sensitive
ataagagagatcgggt_mcf7.aa.t0,sensitive
ataagagagggtttct_mcf7.aa.t0,sensitive
ataagaggttctcatt_mcf7.aa.t0,sensitive
ataagagtcactgggc_mcf7.aa.t0,sensitive
atagaccagatggcgt_mcf7.aa.t0,sensitive
atagacccatggtcat_mcf7.aa.t0,sensitive
atagacctcaacacgt_mcf7.aa.t0,sensitive
atagacctctcacatt_mcf7.aa.t0,sensitive
atcacgaagcgtcaag_mcf7.aa.t0,sensitive
atcacgacagatgagc_mcf7.aa.t0,sensitive
atcacgacagggttag_mcf7.aa.t0,sensitive
atcacgacatatgaga_mcf7.aa.t0,sensitive
atcacgagtatatgag_mcf7.aa.t0,sensitive
atcacgagttggtaaa_mcf7.aa.t0,sensitive
atcacgatcgcatggc_mcf7.aa.t0,sensitive
atcatctgtcctgctt_mcf7.aa.t0,sensitive
atcatcttcgcggatc_mcf7.aa.t0,sensitive
atcatggagctgccca_mcf7.aa.t0,sensitive
atcatgggttatgtgc_mcf7.aa.t0,sensitive
atccacccacagcgtc_mcf7.aa.t0,sensitive
atccaccgtgtcaatc_mcf7.aa.t0,sensitive
atccacctcttcggtc_mcf7.aa.t0,sensitive
atccgaacacgaaagc_mcf7.aa.t0,sensitive
atccgaacagcatgag_mcf7.aa.t0,sensitive
atcgagtcacccatgg_mcf7.aa.t0,sensitive
atcgagtgtacagtgg_mcf7.aa.t0,sensitive
atcgagttccttggtc_mcf7.aa.t0,sensitive
atctactagagggctt_mcf7.aa.t0,sensitive
atctactcacgaaata_mcf7.aa.t0,sensitive
atctactcagtcttcc_mcf7.aa.t0,sensitive
atctactgtgctgtat_mcf7.aa.t0,sensitive
atctacttccctcagt_mcf7.aa.t0,sensitive
atctgcccattggtac_mcf7.aa.t0,sensitive
atgagggagacctttg_mcf7.aa.t0,sensitive
atgagggagtggagaa_mcf7.aa.t0,sensitive
atgagggcacagtcgc_mcf7.aa.t0,sensitive
atgcgataggagcgtt_mcf7.aa.t0,sensitive
atgcgataggcaatta_mcf7.aa.t0,sensitive
atgcgatcacttaacg_mcf7.aa.t0,sensitive
atgcgatcatccttgc_mcf7.aa.t0,sensitive
atgggaggtagcctcg_mcf7.aa.t0,sensitive
atgggaggtgggtatg_mcf7.aa.t0,sensitive
atgggagtcaaagtag_mcf7.aa.t0,sensitive
atgtgtgcagatgggt_mcf7.aa.t0,sensitive
atgtgtggtgtgcgtc_mcf7.aa.t0,sensitive
atgtgtggttagtggg_mcf7.aa.t0,sensitive
atgtgtggtttgactg_mcf7.aa.t0,sensitive
attactcagcctatgt_mcf7.aa.t0,sensitive
attactccagtgggat_mcf7.aa.t0,sensitive
attactcgtccgacgt_mcf7.aa.t0,sensitive
attatcccagctattg_mcf7.aa.t0,sensitive
attatccgtgagggtt_mcf7.aa.t0,sensitive
attatccgtttaggaa_mcf7.aa.t0,sensitive
attatcctctctgtcg_mcf7.aa.t0,sensitive
attctacaggcacatg_mcf7.aa.t0,sensitive
attctacaggctatct_mcf7.aa.t0,sensitive
attctacaggtaaact_mcf7.aa.t0,sensitive
attctaccactcgacg_mcf7.aa.t0,sensitive
attggactccagaagg_mcf7.aa.t0,sensitive
attggtgaggtgcaca_mcf7.aa.t0,sensitive
attggtgcatgtaaga_mcf7.aa.t0,sensitive
atttctgagtccgtat_mcf7.aa.t0,sensitive
caaccaaagcaatatg_mcf7.aa.t0,sensitive
caaccaaagctgccca_mcf7.aa.t0,sensitive
caaccaacactgtcgg_mcf7.aa.t0,sensitive
caaccaagtatagggc_mcf7.aa.t0,sensitive
caaccaatctagcaca_mcf7.aa.t0,sensitive
caacctcagagatgag_mcf7.aa.t0,sensitive
caacctcgtaattgga_mcf7.aa.t0,sensitive
caacctctctgcaagt_mcf7.aa.t0,sensitive
caactagcaaacccat_mcf7.aa.t0,sensitive
caactagcacgtctct_mcf7.aa.t0,sensitive
caactaggtacatgtc_mcf7.aa.t0,sensitive
caactagtcgtggtcg_mcf7.aa.t0,sensitive
caagaaaagcgcctca_mcf7.aa.t0,sensitive
caagatcagcagactg_mcf7.aa.t0,sensitive
caagatcagtgctgcc_mcf7.aa.t0,sensitive
caagatccaatgttgc_mcf7.aa.t0,sensitive
caagatcgtgtggctc_mcf7.aa.t0,sensitive
caaggccagtgggcta_mcf7.aa.t0,sensitive
caaggcccagtcgatt_mcf7.aa.t0,sensitive
caaggcctccgttgtc_mcf7.aa.t0,sensitive
caagttgagctaagat_mcf7.aa.t0,sensitive
caagttggttacgact_mcf7.aa.t0,sensitive
caagttgtcccaagat_mcf7.aa.t0,sensitive
cacaaacaggccgaat_mcf7.aa.t0,sensitive
cacaaaccaaacccat_mcf7.aa.t0,sensitive
cacaaaccacttggat_mcf7.aa.t0,sensitive
cacaaacgtgatgccc_mcf7.aa.t0,sensitive
cacaaactcctgccat_mcf7.aa.t0,sensitive
cacacaaagttaggta_mcf7.aa.t0,sensitive
cacacaagtaaggatt_mcf7.aa.t0,sensitive
cacacctagctccttc_mcf7.aa.t0,sensitive
cacacctgtttaggaa_mcf7.aa.t0,sensitive
cacactcagctgaaat_mcf7.aa.t0,sensitive
cacactccaccaggtc_mcf7.aa.t0,sensitive
cacactcgtaatcgtc_mcf7.aa.t0,sensitive
cacactctccgtcaaa_mcf7.aa.t0,sensitive
cacaggcgtcagtgga_mcf7.aa.t0,sensitive
cacaggctccctaatt_mcf7.aa.t0,sensitive
cacagtaagaaacgag_mcf7.aa.t0,sensitive
cacagtaagtgtactc_mcf7.aa.t0,sensitive
cacagtagtctcttta_mcf7.aa.t0,sensitive
cacataggtacgaccc_mcf7.aa.t0,sensitive
cacatttcacctatcc_mcf7.aa.t0,sensitive
cacatttgtggcccta_mcf7.aa.t0,sensitive
cacattttcccaagta_mcf7.aa.t0,sensitive
cacattttcctgcagg_mcf7.aa.t0,sensitive
cacattttcgtggtcg_mcf7.aa.t0,sensitive
cacattttctgttgag_mcf7.aa.t0,sensitive
caccactaggacagct_mcf7.aa.t0,sensitive
caccactcacggctac_mcf7.aa.t0,sensitive
caccactcactgccag_mcf7.aa.t0,sensitive
caccactgtttgacac_mcf7.aa.t0,sensitive
caccaggagaccggat_mcf7.aa.t0,sensitive
caccaggcacataacc_mcf7.aa.t0,sensitive
caccaggcagctcgca_mcf7.aa.t0,sensitive
caccaggtccacgcag_mcf7.aa.t0,sensitive
caccaggtctgtcaag_mcf7.aa.t0,sensitive
caccttgagtgttaga_mcf7.aa.t0,sensitive
caccttggtcgcggtt_mcf7.aa.t0,sensitive
cactccaagcgtgaac_mcf7.aa.t0,sensitive
cactccagtacctaca_mcf7.aa.t0,sensitive
cactccagttcagcgc_mcf7.aa.t0,sensitive
cactccatcctagggc_mcf7.aa.t0,sensitive
cactccatcgcaagcc_mcf7.aa.t0,sensitive
cactccatcttgggta_mcf7.aa.t0,sensitive
cagaatcagtaggcca_mcf7.aa.t0,sensitive
cagaatcgtacttctt_mcf7.aa.t0,sensitive
cagaatctctatccta_mcf7.aa.t0,sensitive
cagagagagcaccgtc_mcf7.aa.t0,sensitive
cagagaggtcagctat_mcf7.aa.t0,sensitive
cagagaggttaagatg_mcf7.aa.t0,sensitive
cagatcaaggtgtggt_mcf7.aa.t0,sensitive
cagatcaagtcctcct_mcf7.aa.t0,sensitive
cagatcatcgcaaact_mcf7.aa.t0,sensitive
cagcagcaggatggtc_mcf7.aa.t0,sensitive
cagcagccagtatgct_mcf7.aa.t0,sensitive
cagcagctcaaaccac_mcf7.aa.t0,sensitive
cagcagctctcttatg_mcf7.aa.t0,sensitive
cagcataagatggcgt_mcf7.aa.t0,sensitive
cagcataagcttcgcg_mcf7.aa.t0,sensitive
cagcatacaagccgtc_mcf7.aa.t0,sensitive
cagcatacaagttgtc_mcf7.aa.t0,sensitive
cagcatacacaggagt_mcf7.aa.t0,sensitive
cagcatagtgtcctct_mcf7.aa.t0,sensitive
cagccgaagtgaagag_mcf7.aa.t0,sensitive
cagcgaccacgtaagg_mcf7.aa.t0,sensitive
cagcgaccagccaatt_mcf7.aa.t0,sensitive
cagcgacgtgcaactt_mcf7.aa.t0,sensitive
cagcgacgtttgcatg_mcf7.aa.t0,sensitive
cagcgactctatcccg_mcf7.aa.t0,sensitive
cagctggcacaggagt_mcf7.aa.t0,sensitive
cagctggcaccaggct_mcf7.aa.t0,sensitive
cagctggcagatctgt_mcf7.aa.t0,sensitive
cagctgggtattagcc_mcf7.aa.t0,sensitive
cagctggtcaaaccgt_mcf7.aa.t0,sensitive
caggtgcagcgctcca_mcf7.aa.t0,sensitive
caggtgcagtagtgcg_mcf7.aa.t0,sensitive
caggtgccatagaaac_mcf7.aa.t0,sensitive
caggtgcgttcagtac_mcf7.aa.t0,sensitive
cagtaacgtattagcc_mcf7.aa.t0,sensitive
cagtaacgtcttcaag_mcf7.aa.t0,sensitive
cagtaactccacgaat_mcf7.aa.t0,sensitive
cagtcctagactttcg_mcf7.aa.t0,sensitive
cagtcctcacatccgg_mcf7.aa.t0,sensitive
cagtccttcggctacg_mcf7.aa.t0,sensitive
catatggagaattccc_mcf7.aa.t0,sensitive
catatggcaactggcc_mcf7.aa.t0,sensitive
catatggcaaggctcc_mcf7.aa.t0,sensitive
catatggcagagtgtg_mcf7.aa.t0,sensitive
catatggcatcccatc_mcf7.aa.t0,sensitive
catatgggtatcgcat_mcf7.aa.t0,sensitive
catatggtcgatagaa_mcf7.aa.t0,sensitive
catattccaaaggtgc_mcf7.aa.t0,sensitive
catcaagagagcttct_mcf7.aa.t0,sensitive
catcaagagtctcaac_mcf7.aa.t0,sensitive
catcaagcacataacc_mcf7.aa.t0,sensitive
catcaaggtagaagga_mcf7.aa.t0,sensitive
catcagacaatgacct_mcf7.aa.t0,sensitive
catcagatccacgtgg_mcf7.aa.t0,sensitive
catccacagatgcgac_mcf7.aa.t0,sensitive
catccaccacgcgaaa_mcf7.aa.t0,sensitive
catcgaacagcctttc_mcf7.aa.t0,sensitive
catcgaagttctgaac_mcf7.aa.t0,sensitive
catcgaatcggcggtt_mcf7.aa.t0,sensitive
catcgggcatacgccg_mcf7.aa.t0,sensitive
catcggggtagcacga_mcf7.aa.t0,sensitive
catcggggtcccgaca_mcf7.aa.t0,sensitive
catcggggtgacgcct_mcf7.aa.t0,sensitive
catcggggttcagtac_mcf7.aa.t0,sensitive
catcggggttccaaca_mcf7.aa.t0,sensitive
catgacaagccacgtc_mcf7.aa.t0,sensitive
catgacagtccatcct_mcf7.aa.t0,sensitive
catgacagtgatgtgg_mcf7.aa.t0,sensitive
catgacagttacggag_mcf7.aa.t0,sensitive
catgacatcaacacac_mcf7.aa.t0,sensitive
catgcctagtacgata_mcf7.aa.t0,sensitive
catggcgcactcaggc_mcf7.aa.t0,sensitive
catggcggtcatgccg_mcf7.aa.t0,sensitive
catggcggtgtcctct_mcf7.aa.t0,sensitive
catggcgtcatcaccc_mcf7.aa.t0,sensitive
catggcgtctaccaga_mcf7.aa.t0,sensitive
cattatccaatagagt_mcf7.aa.t0,sensitive
cattatccagacactt_mcf7.aa.t0,sensitive
cattatccagatctgt_mcf7.aa.t0,sensitive
cattatccagcctgtg_mcf7.aa.t0,sensitive
cattatccataagaca_mcf7.aa.t0,sensitive
cattatctcagttagc_mcf7.aa.t0,sensitive
cattatctcgcttaga_mcf7.aa.t0,sensitive
cattcgcaggactggt_mcf7.aa.t0,sensitive
cattcgctcccggatg_mcf7.aa.t0,sensitive
ccaatcccacacgctg_mcf7.aa.t0,sensitive
ccaatcccaccaggtc_mcf7.aa.t0,sensitive
ccaatcctcgtccagg_mcf7.aa.t0,sensitive
ccacctaagccagaac_mcf7.aa.t0,sensitive
ccacctacacttctgc_mcf7.aa.t0,sensitive
ccacggaagattaccc_mcf7.aa.t0,sensitive
ccacggacagtttacg_mcf7.aa.t0,sensitive
ccacggagtcattagc_mcf7.aa.t0,sensitive
ccacggatcggtgtta_mcf7.aa.t0,sensitive
ccactacagatcctgt_mcf7.aa.t0,sensitive
ccactacgttggtttg_mcf7.aa.t0,sensitive
ccactactcaacggga_mcf7.aa.t0,sensitive
ccactactcagcaact_mcf7.aa.t0,sensitive
ccagcgaagacccacc_mcf7.aa.t0,sensitive
ccagcgaaggaattac_mcf7.aa.t0,sensitive
ccagcgaagtgaacgc_mcf7.aa.t0,sensitive
ccatgtcagaacaact_mcf7.aa.t0,sensitive
ccatgtcagatcacgg_mcf7.aa.t0,sensitive
ccatgtcaggagttta_mcf7.aa.t0,sensitive
ccatgtccaccagtta_mcf7.aa.t0,sensitive
ccatgtctcccttgtg_mcf7.aa.t0,sensitive
ccattcgcacgctttc_mcf7.aa.t0,sensitive
ccattcgcactgtcgg_mcf7.aa.t0,sensitive
cccaatcagccatcgc_mcf7.aa.t0,sensitive
cccaatcaggagttgc_mcf7.aa.t0,sensitive
cccaatcgtcgaaagc_mcf7.aa.t0,sensitive
cccaatcgttatcacg_mcf7.aa.t0,sensitive
cccagttagccagtag_mcf7.aa.t0,sensitive
cccagttcaatgaaac_mcf7.aa.t0,sensitive
cccatacagtggcaca_mcf7.aa.t0,sensitive
cccataccaatgacct_mcf7.aa.t0,sensitive
cccataccacaagccc_mcf7.aa.t0,sensitive
cccatacgtcgcggtt_mcf7.aa.t0,sensitive
cccatactcttgcatt_mcf7.aa.t0,sensitive
ccctcctagattaccc_mcf7.aa.t0,sensitive
ccctcctgtgcacgaa_mcf7.aa.t0,sensitive
ccctccttcattgcga_mcf7.aa.t0,sensitive
ccctccttctgctgtc_mcf7.aa.t0,sensitive
ccgggatagagcccaa_mcf7.aa.t0,sensitive
ccgggataggagttgc_mcf7.aa.t0,sensitive
ccgggatgtagggtac_mcf7.aa.t0,sensitive
ccgggatgtgactcat_mcf7.aa.t0,sensitive
ccgggattcttagccc_mcf7.aa.t0,sensitive
ccggtagcagacaaat_mcf7.aa.t0,sensitive
ccggtagcatgtctcc_mcf7.aa.t0,sensitive
ccggtaggtgtgaaat_mcf7.aa.t0,sensitive
ccgtactcacgaaacg_mcf7.aa.t0,sensitive
ccgtactcatgacatc_mcf7.aa.t0,sensitive
ccgtacttccagagga_mcf7.aa.t0,sensitive
ccgtacttctcgcttg_mcf7.aa.t0,sensitive
ccgtggatcagcatgt_mcf7.aa.t0,sensitive
ccgttcaagccagttt_mcf7.aa.t0,sensitive
ccgttcagtatagtag_mcf7.aa.t0,sensitive
ccgttcatcgctgata_mcf7.aa.t0,sensitive
ccgttcatcttccttc_mcf7.aa.t0,sensitive
cctaaagagaaggttt_mcf7.aa.t0,sensitive
cctaaagagcccagct_mcf7.aa.t0,sensitive
cctaaagcaagttaag_mcf7.aa.t0,sensitive
cctaaaggtacttctt_mcf7.aa.t0,sensitive
cctaaaggtggtctcg_mcf7.aa.t0,sensitive
cctacaccatggttgt_mcf7.aa.t0,sensitive
cctacacgttggtgga_mcf7.aa.t0,sensitive
cctacactccgaatgt_mcf7.aa.t0,sensitive
cctacactcttatctg_mcf7.aa.t0,sensitive
cctaccaagacccacc_mcf7.aa.t0,sensitive
cctaccagtactctcc_mcf7.aa.t0,sensitive
cctaccatcaccaggc_mcf7.aa.t0,sensitive
cctagctagtccgtat_mcf7.aa.t0,sensitive
cctagctcaccctatc_mcf7.aa.t0,sensitive
cctagctgtgccttgg_mcf7.aa.t0,sensitive
cctagcttcaacggcc_mcf7.aa.t0,sensitive
cctattaagagtgacc_mcf7.aa.t0,sensitive
cctattaagtgtacgg_mcf7.aa.t0,sensitive
cctattagtggcgaat_mcf7.aa.t0,sensitive
cctattagttaccgat_mcf7.aa.t0,sensitive
cctcagtagctaacaa_mcf7.aa.t0,sensitive
cctcagtagggagtaa_mcf7.aa.t0,sensitive
cctcagtagtgggcta_mcf7.aa.t0,sensitive
cctcagtgttcgaatc_mcf7.aa.t0,sensitive
cctctgacacgtgaga_mcf7.aa.t0,sensitive
cctctgagtaaacctc_mcf7.aa.t0,sensitive
cctctgagtacagttc_mcf7.aa.t0,sensitive
cctctgagtgtttgtg_mcf7.aa.t0,sensitive
ccttacgaggacacca_mcf7.aa.t0,sensitive
ccttacgaggtgatta_mcf7.aa.t0,sensitive
ccttacgcatacgcta_mcf7.aa.t0,sensitive
ccttacgcatttcagg_mcf7.aa.t0,sensitive
ccttacggtatggttc_mcf7.aa.t0,sensitive
ccttacgtcaggatct_mcf7.aa.t0,sensitive
ccttacgtccaaacac_mcf7.aa.t0,sensitive
ccttacgtcttaccta_mcf7.aa.t0,sensitive
ccttcccgttcctcca_mcf7.aa.t0,sensitive
ccttccctcactattc_mcf7.aa.t0,sensitive
ccttccctcactctta_mcf7.aa.t0,sensitive
ccttcgaagccactat_mcf7.aa.t0,sensitive
ccttcgaagcgagaaa_mcf7.aa.t0,sensitive
ccttcgaagtgtacct_mcf7.aa.t0,sensitive
ccttcgacaagcgatg_mcf7.aa.t0,sensitive
ccttcgacaagctgtt_mcf7.aa.t0,sensitive
ccttcgacaatggacg_mcf7.aa.t0,sensitive
ccttcgagtacgcacc_mcf7.aa.t0,sensitive
ccttcgatcctagggc_mcf7.aa.t0,sensitive
cctttctagcgaaggg_mcf7.aa.t0,sensitive
cctttcttcacccgag_mcf7.aa.t0,sensitive
cctttcttcggtccga_mcf7.aa.t0,sensitive
cctttcttctatgtgg_mcf7.aa.t0,sensitive
cgaacatcagctgtat_mcf7.aa.t0,sensitive
cgaacatgtaccagtt_mcf7.aa.t0,sensitive
cgaacattccgcagtg_mcf7.aa.t0,sensitive
cgaatgtcacgtaagg_mcf7.aa.t0,sensitive
cgaatgtcagcgaaca_mcf7.aa.t0,sensitive
cgaatgttccaagccg_mcf7.aa.t0,sensitive
cgaatgttctccaacc_mcf7.aa.t0,sensitive
cgaccttcagcctttc_mcf7.aa.t0,sensitive
cgaccttgtatagtag_mcf7.aa.t0,sensitive
cgacctttcagagacg_mcf7.aa.t0,sensitive
cgacctttcagcgacc_mcf7.aa.t0,sensitive
cgacttccagctgtta_mcf7.aa.t0,sensitive
cgacttccatcacaac_mcf7.aa.t0,sensitive
cgacttcgtgcaacga_mcf7.aa.t0,sensitive
cgacttcgtgtgaata_mcf7.aa.t0,sensitive
cgacttctccacgtgg_mcf7.aa.t0,sensitive
cgacttctcgctagcg_mcf7.aa.t0,sensitive
cgagaagagaccggat_mcf7.aa.t0,sensitive
cgagaagagctaccgc_mcf7.aa.t0,sensitive
cgagaagcaatgttgc_mcf7.aa.t0,sensitive
cgagaaggttcgggct_mcf7.aa.t0,sensitive
cgagcacgtacatcca_mcf7.aa.t0,sensitive
cgagccaagtacatga_mcf7.aa.t0,sensitive
cgagccacaccaaccg_mcf7.aa.t0,sensitive
cgagccagtagcgtga_mcf7.aa.t0,sensitive
cgagccagttctgttt_mcf7.aa.t0,sensitive
cgagccatcactgggc_mcf7.aa.t0,sensitive
cgatcgggtactctcc_mcf7.aa.t0,sensitive
cgatcgggtgtaatga_mcf7.aa.t0,sensitive
cgatcggtcgatccct_mcf7.aa.t0,sensitive
cgatggcagccaggat_mcf7.aa.t0,sensitive
cgatggcagtgttgaa_mcf7.aa.t0,sensitive
cgatggcgttactgac_mcf7.aa.t0,sensitive
cgatgtaagcccaatt_mcf7.aa.t0,sensitive
cgatgtaagtggtccc_mcf7.aa.t0,sensitive
cgattgaagatatggt_mcf7.aa.t0,sensitive
cgattgaagccacctg_mcf7.aa.t0,sensitive
cgattgacaaggtttc_mcf7.aa.t0,sensitive
cgattgagtctagcgc_mcf7.aa.t0,sensitive
cgattgagtgaaagag_mcf7.aa.t0,sensitive
cgattgatctaccaga_mcf7.aa.t0,sensitive
cgccaagcaagctgga_mcf7.aa.t0,sensitive
cgccaagcaaggttct_mcf7.aa.t0,sensitive
cgccaagcacatccgg_mcf7.aa.t0,sensitive
cgccaagtcacttatc_mcf7.aa.t0,sensitive
cgcggtacacggtaga_mcf7.aa.t0,sensitive
cgcggtacatgtcctc_mcf7.aa.t0,sensitive
cgcgtttagaggtacc_mcf7.aa.t0,sensitive
cgcgtttagggtctcc_mcf7.aa.t0,sensitive
cgctatcagccagaac_mcf7.aa.t0,sensitive
cgctatcgtagattag_mcf7.aa.t0,sensitive
cgctatctcagcttag_mcf7.aa.t0,sensitive
cgctatctcaggcgaa_mcf7.aa.t0,sensitive
cgctatctccaaccaa_mcf7.aa.t0,sensitive
cgctggaaggtcggat_mcf7.aa.t0,sensitive
cgctggagtagggtac_mcf7.aa.t0,sensitive
cgctggatcgtgacat_mcf7.aa.t0,sensitive
cgcttcaagacctttg_mcf7.aa.t0,sensitive
cgcttcacacattcga_mcf7.aa.t0,sensitive
cggacacagagttggc_mcf7.aa.t0,sensitive
cggacaccaaagaatc_mcf7.aa.t0,sensitive
cggacaccaacgcacc_mcf7.aa.t0,sensitive
cggacacgtacagtgg_mcf7.aa.t0,sensitive
cggacactcttaccgc_mcf7.aa.t0,sensitive
cggacgttcacgatgt_mcf7.aa.t0,sensitive
cggacgttccgaagag_mcf7.aa.t0,sensitive
cggactgagtgatcgg_mcf7.aa.t0,sensitive
cggactgagtggagtc_mcf7.aa.t0,sensitive
cggactggtacgctgc_mcf7.aa.t0,sensitive
cggactggtgcgatag_mcf7.aa.t0,sensitive
cggagctagctaggca_mcf7.aa.t0,sensitive
cggagctaggagcgag_mcf7.aa.t0,sensitive
cggagctagtgttgaa_mcf7.aa.t0,sensitive
cggagctcagctcgac_mcf7.aa.t0,sensitive
cggagcttccggcaca_mcf7.aa.t0,sensitive
cggagtcagcgttccg_mcf7.aa.t0,sensitive
cggagtcagtctcaac_mcf7.aa.t0,sensitive
cggagtcgtgttaaga_mcf7.aa.t0,sensitive
cggagtctcggaaacg_mcf7.aa.t0,sensitive
cggctagagcatcatc_mcf7.aa.t0,sensitive
cggctagcaagccgtc_mcf7.aa.t0,sensitive
cggctagcacgaaata_mcf7.aa.t0,sensitive
cggctagcatgcctaa_mcf7.aa.t0,sensitive
cggctagtcgccagca_mcf7.aa.t0,sensitive
cggctagtctacttac_mcf7.aa.t0,sensitive
cgggtcaagctagccc_mcf7.aa.t0,sensitive
cgggtcaaggtaaact_mcf7.aa.t0,sensitive
cgggtcacactacagt_mcf7.aa.t0,sensitive
cgggtcagtagcgtcc_mcf7.aa.t0,sensitive
cgggtcatcagtgttg_mcf7.aa.t0,sensitive
cggttaaagccagaac_mcf7.aa.t0,sensitive
cggttaaagcgcctca_mcf7.aa.t0,sensitive
cggttaaaggttccta_mcf7.aa.t0,sensitive
cggttaaagtgtacct_mcf7.aa.t0,sensitive
cggttaacacatgact_mcf7.aa.t0,sensitive
cggttaacagctccga_mcf7.aa.t0,sensitive
cggttaacagctcgac_mcf7.aa.t0,sensitive
cggttaagtccgctga_mcf7.aa.t0,sensitive
cgtagcgagctttggt_mcf7.aa.t0,sensitive
cgtagcggtgtctgat_mcf7.aa.t0,sensitive
cgtagcgtcaacggcc_mcf7.aa.t0,sensitive
cgtaggccagttaacc_mcf7.aa.t0,sensitive
cgtaggccattcctcg_mcf7.aa.t0,sensitive
cgtaggctcatcgatg_mcf7.aa.t0,sensitive
cgtcactagttaagtg_mcf7.aa.t0,sensitive
cgtcacttcctagtga_mcf7.aa.t0,sensitive
cgtcacttcgctgata_mcf7.aa.t0,sensitive
cgtcacttctggtatg_mcf7.aa.t0,sensitive
cgtcaggagcgccttg_mcf7.aa.t0,sensitive
cgtcaggagggaacgg_mcf7.aa.t0,sensitive
cgtcaggaggttccta_mcf7.aa.t0,sensitive
cgtcaggcagcctttc_mcf7.aa.t0,sensitive
cgtcagggtcatatgc_mcf7.aa.t0,sensitive
cgtcaggtccgcagtg_mcf7.aa.t0,sensitive
cgtcaggtcgagagca_mcf7.aa.t0,sensitive
cgtcaggtcgttgaca_mcf7.aa.t0,sensitive
cgtccatagcgtagtg_mcf7.aa.t0,sensitive
cgtccatcactctgtc_mcf7.aa.t0,sensitive
cgtccatcagctcgca_mcf7.aa.t0,sensitive
cgtctaccatgggaac_mcf7.aa.t0,sensitive
cgtctacgtcttcgtc_mcf7.aa.t0,sensitive
cgtgagcaggctatct_mcf7.aa.t0,sensitive
cgtgagccacctcgtt_mcf7.aa.t0,sensitive
cgtgagccactgtgta_mcf7.aa.t0,sensitive
cgtgagcgtacaccgc_mcf7.aa.t0,sensitive
cgtgagcgttgtggag_mcf7.aa.t0,sensitive
cgtgtctcatgctagt_mcf7.aa.t0,sensitive
cgttagacatagaaac_mcf7.aa.t0,sensitive
cgttagagtgcgaaac_mcf7.aa.t0,sensitive
cgttagagttacggag_mcf7.aa.t0,sensitive
cgttctgcacgtcagc_mcf7.aa.t0,sensitive
cgttctgcatgtcgat_mcf7.aa.t0,sensitive
cgttctggttacgtca_mcf7.aa.t0,sensitive
cgttctggttgagttc_mcf7.aa.t0,sensitive
cgttctgtctatccta_mcf7.aa.t0,sensitive
cgttgggagagtgacc_mcf7.aa.t0,sensitive
cgttgggcagcttcgg_mcf7.aa.t0,sensitive
cgttggggtcctcttg_mcf7.aa.t0,sensitive
cgttggggtcgaatct_mcf7.aa.t0,sensitive
cgttgggtcacgaagg_mcf7.aa.t0,sensitive
ctaacttagcgtctat_mcf7.aa.t0,sensitive
ctaacttcacctggtg_mcf7.aa.t0,sensitive
ctaacttgtacttgac_mcf7.aa.t0,sensitive
ctaactttctgttgag_mcf7.aa.t0,sensitive
ctaagaccagacgcaa_mcf7.aa.t0,sensitive
ctaagaccatcccact_mcf7.aa.t0,sensitive
ctaagactccacgacg_mcf7.aa.t0,sensitive
ctaagactctgcgtaa_mcf7.aa.t0,sensitive
ctaagactcttctggc_mcf7.aa.t0,sensitive
ctaatggaggagttta_mcf7.aa.t0,sensitive
ctaatggcaatggtct_mcf7.aa.t0,sensitive
ctaatggcactcgacg_mcf7.aa.t0,sensitive
ctaatggcatccgtgg_mcf7.aa.t0,sensitive
ctaatggtccttgacc_mcf7.aa.t0,sensitive
ctaatggtcgaacgga_mcf7.aa.t0,sensitive
ctacacccacagtcgc_mcf7.aa.t0,sensitive
ctacacctctcgatga_mcf7.aa.t0,sensitive
ctacattcagcgtaag_mcf7.aa.t0,sensitive
ctacatttcataaagg_mcf7.aa.t0,sensitive
ctacatttcgagaacg_mcf7.aa.t0,sensitive
ctacccaagtttagga_mcf7.aa.t0,sensitive
ctacccacacctggtg_mcf7.aa.t0,sensitive
ctacgtcagtgcgtga_mcf7.aa.t0,sensitive
ctagagtaggacgaaa_mcf7.aa.t0,sensitive
ctagagtagtatgaca_mcf7.aa.t0,sensitive
ctagagtcacgactcg_mcf7.aa.t0,sensitive
ctagagttcatcattc_mcf7.aa.t0,sensitive
ctagcctagagtacat_mcf7.aa.t0,sensitive
ctagcctcacacatgt_mcf7.aa.t0,sensitive
ctagcctgtaggagtc_mcf7.aa.t0,sensitive
ctagccttcaaaccgt_mcf7.aa.t0,sensitive
ctagtgaagaattgtg_mcf7.aa.t0,sensitive
ctagtgagttcacggc_mcf7.aa.t0,sensitive
ctagtgatcaccgggt_mcf7.aa.t0,sensitive
ctagtgatcagaggtg_mcf7.aa.t0,sensitive
ctcacaccattctcat_mcf7.aa.t0,sensitive
ctcacacgtccatgat_mcf7.aa.t0,sensitive
ctcagaaagaatgtgt_mcf7.aa.t0,sensitive
ctcagaaagacaatac_mcf7.aa.t0,sensitive
ctcagaacaaacctac_mcf7.aa.t0,sensitive
ctcagaacatatgaga_mcf7.aa.t0,sensitive
ctcattacaatgttgc_mcf7.aa.t0,sensitive
ctcattacaccatcct_mcf7.aa.t0,sensitive
ctcattagtacagacg_mcf7.aa.t0,sensitive
ctcattagtagaggaa_mcf7.aa.t0,sensitive
ctcattagtaggctga_mcf7.aa.t0,sensitive
ctcattagttatcggt_mcf7.aa.t0,sensitive
ctcctagagataggag_mcf7.aa.t0,sensitive
ctcctagcattcctcg_mcf7.aa.t0,sensitive
ctcctagcattgagct_mcf7.aa.t0,sensitive
ctcctaggtagcgtag_mcf7.aa.t0,sensitive
ctcctagtcaatctct_mcf7.aa.t0,sensitive
ctcctagtctgcagta_mcf7.aa.t0,sensitive
ctcgaaaagtgacata_mcf7.aa.t0,sensitive
ctcgaaagtaggcatg_mcf7.aa.t0,sensitive
ctcgaggagtacatga_mcf7.aa.t0,sensitive
ctcgaggcaatggacg_mcf7.aa.t0,sensitive
ctcgagggtggcgaat_mcf7.aa.t0,sensitive
ctcgagggttatgtgc_mcf7.aa.t0,sensitive
ctcgaggtcgtaccgg_mcf7.aa.t0,sensitive
ctcggagagtgggatc_mcf7.aa.t0,sensitive
ctcggagtcatgtggt_mcf7.aa.t0,sensitive
ctcgggaagtgacata_mcf7.aa.t0,sensitive
ctcgtacagaaaccat_mcf7.aa.t0,sensitive
ctcgtacagctgccca_mcf7.aa.t0,sensitive
ctcgtacaggatggtc_mcf7.aa.t0,sensitive
ctcgtacaggctcatt_mcf7.aa.t0,sensitive
ctcgtacgtggtacag_mcf7.aa.t0,sensitive
ctcgtacgttcagtac_mcf7.aa.t0,sensitive
ctcgtactcggccgat_mcf7.aa.t0,sensitive
ctcgtcaagaagggta_mcf7.aa.t0,sensitive
ctcgtcaagctagtct_mcf7.aa.t0,sensitive
ctcgtcaagtcacgcc_mcf7.aa.t0,sensitive
ctcgtcacatgcaatc_mcf7.aa.t0,sensitive
ctcgtcagtccgaatt_mcf7.aa.t0,sensitive
ctcgtcagtctctcgt_mcf7.aa.t0,sensitive
ctcgtcagttagggtg_mcf7.aa.t0,sensitive
ctctaatagagggata_mcf7.aa.t0,sensitive
ctctaatagcccagct_mcf7.aa.t0,sensitive
ctctaataggcgacat_mcf7.aa.t0,sensitive
ctctaatcacttctgc_mcf7.aa.t0,sensitive
ctctaattcagtcagt_mcf7.aa.t0,sensitive
ctctacgcaaggctcc_mcf7.aa.t0,sensitive
ctctacgtcggtgtta_mcf7.aa.t0,sensitive
ctctacgtctgttgag_mcf7.aa.t0,sensitive
ctctggtagatgtggc_mcf7.aa.t0,sensitive
ctctggtcatgcccga_mcf7.aa.t0,sensitive
ctctggtgtgtggctc_mcf7.aa.t0,sensitive
ctgaaacaggctagca_mcf7.aa.t0,sensitive
ctgaaacagggtgtgt_mcf7.aa.t0,sensitive
ctgaaaccaggacgta_mcf7.aa.t0,sensitive
ctgaaaccatgggaac_mcf7.aa.t0,sensitive
ctgaaacgtattctct_mcf7.aa.t0,sensitive
ctgaagtaggcagtca_mcf7.aa.t0,sensitive
ctgaagtaggttccta_mcf7.aa.t0,sensitive
ctgaagtagtgaagag_mcf7.aa.t0,sensitive
ctgaagtgtgaccaag_mcf7.aa.t0,sensitive
ctgaagttccgtcatc_mcf7.aa.t0,sensitive
ctgatagagaaacgag_mcf7.aa.t0,sensitive
ctgatagcacctatcc_mcf7.aa.t0,sensitive
ctgatagcagtggagt_mcf7.aa.t0,sensitive
ctgataggtcttcaag_mcf7.aa.t0,sensitive
ctgataggtttaggaa_mcf7.aa.t0,sensitive
ctgatagtctctgaga_mcf7.aa.t0,sensitive
ctgatccagactaggc_mcf7.aa.t0,sensitive
ctgatccagcgctcca_mcf7.aa.t0,sensitive
ctgcctaagctttggt_mcf7.aa.t0,sensitive
ctgcctacactgtcgg_mcf7.aa.t0,sensitive
ctgcctagtcgcggtt_mcf7.aa.t0,sensitive
ctgcggaaggaattac_mcf7.aa.t0,sensitive
ctgcggagtgtgtgcc_mcf7.aa.t0,sensitive
ctgctgtagagtctgg_mcf7.aa.t0,sensitive
ctgctgtagatcccgc_mcf7.aa.t0,sensitive
ctgctgtgtccgacgt_mcf7.aa.t0,sensitive
ctgctgttcagaaatg_mcf7.aa.t0,sensitive
ctggtctaggagttgc_mcf7.aa.t0,sensitive
ctggtctcacggccat_mcf7.aa.t0,sensitive
ctgtgctgtagcttgt_mcf7.aa.t0,sensitive
ctgtttaagcacaggt_mcf7.aa.t0,sensitive
ctgtttaagcaccgct_mcf7.aa.t0,sensitive
ctgtttacaaagtcaa_mcf7.aa.t0,sensitive
ctgtttagtagggact_mcf7.aa.t0,sensitive
ctgtttagtccatgat_mcf7.aa.t0,sensitive
ctgtttatccacgtgg_mcf7.aa.t0,sensitive
cttaactcagcatact_mcf7.aa.t0,sensitive
cttaacttcggtgtta_mcf7.aa.t0,sensitive
cttaacttctttacgt_mcf7.aa.t0,sensitive
cttaccgcaaggtgtg_mcf7.aa.t0,sensitive
cttaccggtatcgcat_mcf7.aa.t0,sensitive
cttaccggtcggcact_mcf7.aa.t0,sensitive
cttaggaaggacgaaa_mcf7.aa.t0,sensitive
cttaggaagtgtctca_mcf7.aa.t0,sensitive
cttaggagtccgacgt_mcf7.aa.t0,sensitive
cttctctgtcccttgt_mcf7.aa.t0,sensitive
cttggctagaggtacc_mcf7.aa.t0,sensitive
cttggctcaggattgg_mcf7.aa.t0,sensitive
ctttgcgcacggatag_mcf7.aa.t0,sensitive
ctttgcgcatactacg_mcf7.aa.t0,sensitive
ctttgcggtcacctaa_mcf7.aa.t0,sensitive
gaaactcagccacctg_mcf7.aa.t0,sensitive
gaaactccaatcagaa_mcf7.aa.t0,sensitive
gaaactcgttgtggcc_mcf7.aa.t0,sensitive
gaaactctccgcggta_mcf7.aa.t0,sensitive
gaaatgaagatatacg_mcf7.aa.t0,sensitive
gaaatgatcatctgtt_mcf7.aa.t0,sensitive
gaacctacaagtctac_mcf7.aa.t0,sensitive
gaacctacatcgatgt_mcf7.aa.t0,sensitive
gaacctacattcactt_mcf7.aa.t0,sensitive
gaacctagtccctact_mcf7.aa.t0,sensitive
gaacctagtctcttta_mcf7.aa.t0,sensitive
gaacctatcattcact_mcf7.aa.t0,sensitive
gaacctatctctgtcg_mcf7.aa.t0,sensitive
gaacctatctgtcaag_mcf7.aa.t0,sensitive
gaagcagagcgatata_mcf7.aa.t0,sensitive
gaagcagcattgggcc_mcf7.aa.t0,sensitive
gaagcaggtaggcatg_mcf7.aa.t0,sensitive
gaagcaggttgattcg_mcf7.aa.t0,sensitive
gaataagagtggacgt_mcf7.aa.t0,sensitive
gaataagcagctgctg_mcf7.aa.t0,sensitive
gaataagcaggcgata_mcf7.aa.t0,sensitive
gaataagcatataccg_mcf7.aa.t0,sensitive
gaatgaaagcacgcct_mcf7.aa.t0,sensitive
gaatgaacacggacaa_mcf7.aa.t0,sensitive
gaatgaagtttactct_mcf7.aa.t0,sensitive
gaatgaatccctcagt_mcf7.aa.t0,sensitive
gacacgcaggcccttg_mcf7.aa.t0,sensitive
gacacgcgtcagaata_mcf7.aa.t0,sensitive
gacacgctcctagtga_mcf7.aa.t0,sensitive
gacacgctctttacgt_mcf7.aa.t0,sensitive
gacagagcactgaagg_mcf7.aa.t0,sensitive
gacagagcatgtaaga_mcf7.aa.t0,sensitive
gacagaggtaagtgta_mcf7.aa.t0,sensitive
gacagaggtctcgttc_mcf7.aa.t0,sensitive
gacagagtcggtccga_mcf7.aa.t0,sensitive
gacagagtcttgtact_mcf7.aa.t0,sensitive
gaccaatgtcatactg_mcf7.aa.t0,sensitive
gaccaattcaataagg_mcf7.aa.t0,sensitive
gacctggcagggtaca_mcf7.aa.t0,sensitive
gacctgggtaatagca_mcf7.aa.t0,sensitive
gacctgggtggtccgt_mcf7.aa.t0,sensitive
gacctggtcaaacaag_mcf7.aa.t0,sensitive
gacctggtcacccgag_mcf7.aa.t0,sensitive
gacctggtcggtgtcg_mcf7.aa.t0,sensitive
gacgcgtagaactcgg_mcf7.aa.t0,sensitive
gacgcgtagagtaccg_mcf7.aa.t0,sensitive
gacgcgtagcacacag_mcf7.aa.t0,sensitive
gacgcgtgttggaggt_mcf7.aa.t0,sensitive
gacgcgttcaccaggc_mcf7.aa.t0,sensitive
gacggctcacaagacg_mcf7.aa.t0,sensitive
gacggctcagggttag_mcf7.aa.t0,sensitive
gacggctgtccgtgac_mcf7.aa.t0,sensitive
gacgtgccacttctgc_mcf7.aa.t0,sensitive
gacgttaagacactaa_mcf7.aa.t0,sensitive
gacgttaaggaattac_mcf7.aa.t0,sensitive
gacgttacacgtgaga_mcf7.aa.t0,sensitive
gacgttagtagcgatg_mcf7.aa.t0,sensitive
gactaacaggaatgga_mcf7.aa.t0,sensitive
gactaaccaagccgct_mcf7.aa.t0,sensitive
gactaaccagataatg_mcf7.aa.t0,sensitive
gactaacgtgaacctt_mcf7.aa.t0,sensitive
gactaactctctgctg_mcf7.aa.t0,sensitive
gactacacatcggaag_mcf7.aa.t0,sensitive
gactacatccactcca_mcf7.aa.t0,sensitive
gactacatcggcgcat_mcf7.aa.t0,sensitive
gactgcgcagcatact_mcf7.aa.t0,sensitive
gactgcgcatcagtca_mcf7.aa.t0,sensitive
gagcagaagggatacc_mcf7.aa.t0,sensitive
gagcagacatgtcgat_mcf7.aa.t0,sensitive
gagcagagtgccttgg_mcf7.aa.t0,sensitive
gagcagatcagctggc_mcf7.aa.t0,sensitive
gagcagatcgagaacg_mcf7.aa.t0,sensitive
gaggtgacagcctttc_mcf7.aa.t0,sensitive
gaggtgacagtaagcg_mcf7.aa.t0,sensitive
gaggtgagtctagtca_mcf7.aa.t0,sensitive
gaggtgatcagtttgg_mcf7.aa.t0,sensitive
gagtccgaggatggaa_mcf7.aa.t0,sensitive
gagtccgcaggattgg_mcf7.aa.t0,sensitive
gagtccggtatcagtc_mcf7.aa.t0,sensitive
gagtccggtattctct_mcf7.aa.t0,sensitive
gagtccggtcagaata_mcf7.aa.t0,sensitive
gagtccgtccgtcatc_mcf7.aa.t0,sensitive
gagtccgtcctgcttg_mcf7.aa.t0,sensitive
gagtccgtctagcaca_mcf7.aa.t0,sensitive
gatcagtagctagccc_mcf7.aa.t0,sensitive
gatcagtaggacgaaa_mcf7.aa.t0,sensitive
gatcagttcctcctag_mcf7.aa.t0,sensitive
gatcgatagagcccaa_mcf7.aa.t0,sensitive
gatcgatagcccagct_mcf7.aa.t0,sensitive
gatcgatcagtcacta_mcf7.aa.t0,sensitive
gatcgatgtccgctga_mcf7.aa.t0,sensitive
gatcgattcagcgacc_mcf7.aa.t0,sensitive
gatcgcgagaccggat_mcf7.aa.t0,sensitive
gatcgcgtcctcaatt_mcf7.aa.t0,sensitive
gatcgtaaggctacga_mcf7.aa.t0,sensitive
gatcgtacatgttgac_mcf7.aa.t0,sensitive
gatcgtagtctaacgt_mcf7.aa.t0,sensitive
gatcgtatcgctagcg_mcf7.aa.t0,sensitive
gatcgtatcttctggc_mcf7.aa.t0,sensitive
gatctaggtctcttta_mcf7.aa.t0,sensitive
gatgaaaagaaaccgc_mcf7.aa.t0,sensitive
gatgaaacaggatcga_mcf7.aa.t0,sensitive
gatgaaacagggcata_mcf7.aa.t0,sensitive
gatgaaagtcaactgt_mcf7.aa.t0,sensitive
gatgaaagtcccgaca_mcf7.aa.t0,sensitive
gatgaaagtgggtatg_mcf7.aa.t0,sensitive
gatgaaagttctgaac_mcf7.aa.t0,sensitive
gatgaaatcccggatg_mcf7.aa.t0,sensitive
gatgaggcatcgggtc_mcf7.aa.t0,sensitive
gatgagggtcagaata_mcf7.aa.t0,sensitive
gatgagggtctcatcc_mcf7.aa.t0,sensitive
gatgctaagcccaacc_mcf7.aa.t0,sensitive
gatgctacacgaagca_mcf7.aa.t0,sensitive
gatgctacatagtaag_mcf7.aa.t0,sensitive
gatgctagtgtaagta_mcf7.aa.t0,sensitive
gatgctatcctgccat_mcf7.aa.t0,sensitive
gatgctatctcattca_mcf7.aa.t0,sensitive
gattcagagcagcctc_mcf7.aa.t0,sensitive
gattcagagtcaaggc_mcf7.aa.t0,sensitive
gcaaactagtgggcta_mcf7.aa.t0,sensitive
gcaaactcatctatgg_mcf7.aa.t0,sensitive
gcaaactgtaagtgta_mcf7.aa.t0,sensitive
gcaaactgtctgcaat_mcf7.aa.t0,sensitive
gcaaacttcatgcaac_mcf7.aa.t0,sensitive
gcaaacttcgaacgga_mcf7.aa.t0,sensitive
gcaaacttctgttgag_mcf7.aa.t0,sensitive
gcaatcacaagtagta_mcf7.aa.t0,sensitive
gcaatcagtgttcgat_mcf7.aa.t0,sensitive
gcaatcatcagttcga_mcf7.aa.t0,sensitive
gcacataagcgcttat_mcf7.aa.t0,sensitive
gcacataagctagttc_mcf7.aa.t0,sensitive
gcacataagggtttct_mcf7.aa.t0,sensitive
gcacataagtaccgga_mcf7.aa.t0,sensitive
gcacatatccaaccaa_mcf7.aa.t0,sensitive
gcactctcacaagtaa_mcf7.aa.t0,sensitive
gcactctgtagtacct_mcf7.aa.t0,sensitive
gcactctgtctaacgt_mcf7.aa.t0,sensitive
gcactctgttcgggct_mcf7.aa.t0,sensitive
gcactctgttgattgc_mcf7.aa.t0,sensitive
gcagccagtcgcttct_mcf7.aa.t0,sensitive
gcagccatccgtacaa_mcf7.aa.t0,sensitive
gcagttaagaactcgg_mcf7.aa.t0,sensitive
gcagttaagctagtgg_mcf7.aa.t0,sensitive
gcagttacaatgttgc_mcf7.aa.t0,sensitive
gcagttatccacgacg_mcf7.aa.t0,sensitive
gcatacagtacaagta_mcf7.aa.t0,sensitive
gcatacagttaaagtg_mcf7.aa.t0,sensitive
gcatacatccttgcca_mcf7.aa.t0,sensitive
gcatacatcgttacag_mcf7.aa.t0,sensitive
gcatgatagactgggt_mcf7.aa.t0,sensitive
gcatgatagtaaccct_mcf7.aa.t0,sensitive
gcatgatagtagtgcg_mcf7.aa.t0,sensitive
gcatgatgtcgactgc_mcf7.aa.t0,sensitive
gcatgcgaggaccaca_mcf7.aa.t0,sensitive
gcatgcgcatttcact_mcf7.aa.t0,sensitive
gcatgcgtcgaccagc_mcf7.aa.t0,sensitive
gcatgcgtcttgtatc_mcf7.aa.t0,sensitive
gcatgtaaggctagca_mcf7.aa.t0,sensitive
gcatgtaagtgatcgg_mcf7.aa.t0,sensitive
gcatgtagtttccacc_mcf7.aa.t0,sensitive
gcatgtatcctttcgg_mcf7.aa.t0,sensitive
gccaaatcaatggaat_mcf7.aa.t0,sensitive
gccaaatcagccttgg_mcf7.aa.t0,sensitive
gcctctagtaatcacc_mcf7.aa.t0,sensitive
gcctctagtcacccag_mcf7.aa.t0,sensitive
gcctctagtcgaacag_mcf7.aa.t0,sensitive
gcgaccaagctgccca_mcf7.aa.t0,sensitive
gcgaccacacttaacg_mcf7.aa.t0,sensitive
gcgaccacagagtgtg_mcf7.aa.t0,sensitive
gcgaccagtcgactat_mcf7.aa.t0,sensitive
gcgagaaagctgccca_mcf7.aa.t0,sensitive
gcgagaacatcggtta_mcf7.aa.t0,sensitive
gcgagaagtgcactta_mcf7.aa.t0,sensitive
gcgagaagtgttcgat_mcf7.aa.t0,sensitive
gcgcaacagttatcgc_mcf7.aa.t0,sensitive
gcgcaacgtactctcc_mcf7.aa.t0,sensitive
gcgcaacgtctccact_mcf7.aa.t0,sensitive
gcgcagtcaacaacct_mcf7.aa.t0,sensitive
gcgccaaagagactta_mcf7.aa.t0,sensitive
gcgccaatcattatcc_mcf7.aa.t0,sensitive
gcgcgatcaccaccag_mcf7.aa.t0,sensitive
gcgcgatcagctcgac_mcf7.aa.t0,sensitive
gcgcgatgtgtgaaat_mcf7.aa.t0,sensitive
gcgcgattcattcact_mcf7.aa.t0,sensitive
gcgggttagaggtacc_mcf7.aa.t0,sensitive
gcgggttgtataatgg_mcf7.aa.t0,sensitive
gcgggttgtccctact_mcf7.aa.t0,sensitive
gctcctaagtaccgga_mcf7.aa.t0,sensitive
gctcctaagttaggta_mcf7.aa.t0,sensitive
gctcctatcagcgatt_mcf7.aa.t0,sensitive
gctctgtagaaacgcc_mcf7.aa.t0,sensitive
gctctgtagactacaa_mcf7.aa.t0,sensitive
gctctgttcaaccatg_mcf7.aa.t0,sensitive
gctctgttcctcctag_mcf7.aa.t0,sensitive
gctgcagcagatggca_mcf7.aa.t0,sensitive
gctgcaggtaattgga_mcf7.aa.t0,sensitive
gctgcaggtataggta_mcf7.aa.t0,sensitive
gctgcaggtctaaacc_mcf7.aa.t0,sensitive
gctgcaggttacgtca_mcf7.aa.t0,sensitive
gctgcagtcgccagca_mcf7.aa.t0,sensitive
gctgcagtctttaggg_mcf7.aa.t0,sensitive
gctgcgaagggtgtgt_mcf7.aa.t0,sensitive
gctgcgacatgggaac_mcf7.aa.t0,sensitive
gctgcgatctgtgcaa_mcf7.aa.t0,sensitive
gctgcttagccagtag_mcf7.aa.t0,sensitive
gctgcttagccggtaa_mcf7.aa.t0,sensitive
gctgcttagcgtctat_mcf7.aa.t0,sensitive
gctgcttcattacctt_mcf7.aa.t0,sensitive
gctgcttgtgtgtgcc_mcf7.aa.t0,sensitive
gctgctttcggacaag_mcf7.aa.t0,sensitive
gctgggtagagtaagg_mcf7.aa.t0,sensitive
gctgggtagtctcctc_mcf7.aa.t0,sensitive
gctgggtgttagtggg_mcf7.aa.t0,sensitive
gcttccaagggatctg_mcf7.aa.t0,sensitive
gcttccacagatgagc_mcf7.aa.t0,sensitive
gcttccagtcgccatg_mcf7.aa.t0,sensitive
gcttccatcacttcat_mcf7.aa.t0,sensitive
gcttccatccaaccaa_mcf7.aa.t0,sensitive
gcttccatctactcat_mcf7.aa.t0,sensitive
gcttgaaagcgaaggg_mcf7.aa.t0,sensitive
gcttgaagttcgtctc_mcf7.aa.t0,sensitive
gcttgaatcagcatgt_mcf7.aa.t0,sensitive
ggaaagcagagcctag_mcf7.aa.t0,sensitive
ggaaagcgtctacctc_mcf7.aa.t0,sensitive
ggaacttgttacagaa_mcf7.aa.t0,sensitive
ggacaagagacaaagg_mcf7.aa.t0,sensitive
ggacaagagcatcatc_mcf7.aa.t0,sensitive
ggacaagagttaggta_mcf7.aa.t0,sensitive
ggacaagcagctgcac_mcf7.aa.t0,sensitive
ggacaagtcctagggc_mcf7.aa.t0,sensitive
ggacaagtcctgccat_mcf7.aa.t0,sensitive
ggacagagtgcagaca_mcf7.aa.t0,sensitive
ggacagatcatgtctt_mcf7.aa.t0,sensitive
ggacagatcttaccta_mcf7.aa.t0,sensitive
ggacagatcttgtttg_mcf7.aa.t0,sensitive
ggacattgttgtacac_mcf7.aa.t0,sensitive
ggacatttcaccacct_mcf7.aa.t0,sensitive
ggacgtcgtaccggct_mcf7.aa.t0,sensitive
ggagcaacacaccgca_mcf7.aa.t0,sensitive
ggagcaagttgaggtg_mcf7.aa.t0,sensitive
ggatgttagtgggttg_mcf7.aa.t0,sensitive
ggatgttcatactacg_mcf7.aa.t0,sensitive
ggatgtttcatcattc_mcf7.aa.t0,sensitive
ggatgtttctgctgct_mcf7.aa.t0,sensitive
ggattaccacttcgaa_mcf7.aa.t0,sensitive
ggattaccattgtgca_mcf7.aa.t0,sensitive
ggattactcatatcgg_mcf7.aa.t0,sensitive
ggattactctcctata_mcf7.aa.t0,sensitive
ggcaattcaacgcacc_mcf7.aa.t0,sensitive
ggcaattcagatctgt_mcf7.aa.t0,sensitive
ggcaattcatgtcctc_mcf7.aa.t0,sensitive
ggcaatttcatgtggt_mcf7.aa.t0,sensitive
ggccgatcaagttaag_mcf7.aa.t0,sensitive
ggccgatgtctgatca_mcf7.aa.t0,sensitive
ggcgactagatgcgac_mcf7.aa.t0,sensitive
ggcgacttcatgcaac_mcf7.aa.t0,sensitive
ggcgacttctcgcttg_mcf7.aa.t0,sensitive
ggcgtgtgtgtaagta_mcf7.aa.t0,sensitive
ggcgtgtgttcatggt_mcf7.aa.t0,sensitive
ggcgtgtgttgtttgg_mcf7.aa.t0,sensitive
ggcgtgttctaagcca_mcf7.aa.t0,sensitive
ggcgtgttctgcgtaa_mcf7.aa.t0,sensitive
ggctggtagcctcgtg_mcf7.aa.t0,sensitive
ggctggtagtcgataa_mcf7.aa.t0,sensitive
ggctggtgttcatggt_mcf7.aa.t0,sensitive
ggctggttcaagatcc_mcf7.aa.t0,sensitive
ggctggttcggttaac_mcf7.aa.t0,sensitive
gggaatgagtggcaca_mcf7.aa.t0,sensitive
gggaatgcacgaaacg_mcf7.aa.t0,sensitive
gggaatgcactgttag_mcf7.aa.t0,sensitive
gggaatgcagattgct_mcf7.aa.t0,sensitive
gggaatggtctacctc_mcf7.aa.t0,sensitive
gggaatgtctgtttgt_mcf7.aa.t0,sensitive
gggacctagtgaacat_mcf7.aa.t0,sensitive
gggaccttcctagggc_mcf7.aa.t0,sensitive
gggagatagaaggtga_mcf7.aa.t0,sensitive
gggagatcatggatgg_mcf7.aa.t0,sensitive
gggagatgtaagttcc_mcf7.aa.t0,sensitive
gggagatgtctcttta_mcf7.aa.t0,sensitive
gggagatgttatgtgc_mcf7.aa.t0,sensitive
gggagattcagtcagt_mcf7.aa.t0,sensitive
gggagattccaaccaa_mcf7.aa.t0,sensitive
gggagattcgcctgtt_mcf7.aa.t0,sensitive
gggatgacagtcgatt_mcf7.aa.t0,sensitive
gggatgagtaccgctg_mcf7.aa.t0,sensitive
gggcactgtaacgttc_mcf7.aa.t0,sensitive
gggcactgtacatgtc_mcf7.aa.t0,sensitive
gggcactgtgataaac_mcf7.aa.t0,sensitive
gggcacttctggcgac_mcf7.aa.t0,sensitive
gggcatcgtcatgcat_mcf7.aa.t0,sensitive
gggcatctcagttgac_mcf7.aa.t0,sensitive
gggcatctcctttaca_mcf7.aa.t0,sensitive
gggcatctctctgtcg_mcf7.aa.t0,sensitive
gggtctgcaggaccct_mcf7.aa.t0,sensitive
gggtctgtcagcacat_mcf7.aa.t0,sensitive
gggttgccactctgtc_mcf7.aa.t0,sensitive
gggttgccattacctt_mcf7.aa.t0,sensitive
gggttgcgtctttcat_mcf7.aa.t0,sensitive
ggtattgagtcatcca_mcf7.aa.t0,sensitive
ggtattgtctaaccga_mcf7.aa.t0,sensitive
ggtgaagcacggatag_mcf7.aa.t0,sensitive
ggtgaagcactaagtc_mcf7.aa.t0,sensitive
ggtgaaggtacagtgg_mcf7.aa.t0,sensitive
ggtgaaggtggtacag_mcf7.aa.t0,sensitive
ggtgaaggttggaggt_mcf7.aa.t0,sensitive
ggtgaagtcaaggctt_mcf7.aa.t0,sensitive
ggtgcgtcatctggta_mcf7.aa.t0,sensitive
ggtgcgttctactcat_mcf7.aa.t0,sensitive
ggtgttaagactacaa_mcf7.aa.t0,sensitive
ggtgttaagacttgaa_mcf7.aa.t0,sensitive
ggtgttaagtaggcca_mcf7.aa.t0,sensitive
ggtgttacataggata_mcf7.aa.t0,sensitive
ggtgttacatttgccc_mcf7.aa.t0,sensitive
ggtgttatctagagtc_mcf7.aa.t0,sensitive
gtaacgtagctaactc_mcf7.aa.t0,sensitive
gtaacgtgtccgtgac_mcf7.aa.t0,sensitive
gtaacgtgtcctagcg_mcf7.aa.t0,sensitive
gtaacgttctaccaga_mcf7.aa.t0,sensitive
gtaactgagagactta_mcf7.aa.t0,sensitive
gtaactgagttagcgg_mcf7.aa.t0,sensitive
gtaactgcaatcggtt_mcf7.aa.t0,sensitive
gtaactggtatagtag_mcf7.aa.t0,sensitive
gtacgtacaaacgcga_mcf7.aa.t0,sensitive
gtacgtacaatcagaa_mcf7.aa.t0,sensitive
gtacgtagtgtgaccc_mcf7.aa.t0,sensitive
gtactcctcacgcata_mcf7.aa.t0,sensitive
gtactttagggatctg_mcf7.aa.t0,sensitive
gtactttcatatggtc_mcf7.aa.t0,sensitive
gtactttcatggtcat_mcf7.aa.t0,sensitive
gtactttgtacttctt_mcf7.aa.t0,sensitive
gtactttgtgggtatg_mcf7.aa.t0,sensitive
gtacttttctgcagta_mcf7.aa.t0,sensitive
gtaggccgtcagaagc_mcf7.aa.t0,sensitive
gtagtcaagctaactc_mcf7.aa.t0,sensitive
gtagtcaagtagcggt_mcf7.aa.t0,sensitive
gtagtcaagtgccatt_mcf7.aa.t0,sensitive
gtagtcacatcccact_mcf7.aa.t0,sensitive
gtagtcacatgcccga_mcf7.aa.t0,sensitive
gtagtcatccgcggta_mcf7.aa.t0,sensitive
gtatcttaggccctca_mcf7.aa.t0,sensitive
gtatcttagggatctg_mcf7.aa.t0,sensitive
gtatcttgtatatccg_mcf7.aa.t0,sensitive
gtatcttgtcacccag_mcf7.aa.t0,sensitive
gtatctttcaatcacg_mcf7.aa.t0,sensitive
gtatctttcacttact_mcf7.aa.t0,sensitive
gtatctttcattatcc_mcf7.aa.t0,sensitive
gtattctgtatcgcat_mcf7.aa.t0,sensitive
gtattctgttctgttt_mcf7.aa.t0,sensitive
gtattcttccagtagt_mcf7.aa.t0,sensitive
gtcaagtgtttgacac_mcf7.aa.t0,sensitive
gtcacaatcactgggc_mcf7.aa.t0,sensitive
gtcacggagaggtaga_mcf7.aa.t0,sensitive
gtcacggagctagttc_mcf7.aa.t0,sensitive
gtcacggagggaaaca_mcf7.aa.t0,sensitive
gtcacggcatgtctcc_mcf7.aa.t0,sensitive
gtcatttagggagtaa_mcf7.aa.t0,sensitive
gtcatttgttccacaa_mcf7.aa.t0,sensitive
gtcatttgttcccgag_mcf7.aa.t0,sensitive
gtcattttccgaatgt_mcf7.aa.t0,sensitive
gtcctcaagtccatac_mcf7.aa.t0,sensitive
gtcctcacattatctc_mcf7.aa.t0,sensitive
gtcctcagtcaatgtc_mcf7.aa.t0,sensitive
gtcctcagtcgactat_mcf7.aa.t0,sensitive
gtcctcatcgtccagg_mcf7.aa.t0,sensitive
gtcctcatcttaccta_mcf7.aa.t0,sensitive
gtcgggtcaccagatt_mcf7.aa.t0,sensitive
gtcgggttcctttcgg_mcf7.aa.t0,sensitive
gtcgtaaagacataac_mcf7.aa.t0,sensitive
gtcgtaatcaggcgaa_mcf7.aa.t0,sensitive
gtcgtaatctcgagta_mcf7.aa.t0,sensitive
gtctcgtagaacaatc_mcf7.aa.t0,sensitive
gtctcgtcatccgtgg_mcf7.aa.t0,sensitive
gtcttcgcaccaggtc_mcf7.aa.t0,sensitive
gtcttcggtaagtgta_mcf7.aa.t0,sensitive
gtgaaggagagagctc_mcf7.aa.t0,sensitive
gtgaaggagaggtaga_mcf7.aa.t0,sensitive
gtgaaggagcagcgta_mcf7.aa.t0,sensitive
gtgaaggtctacctgc_mcf7.aa.t0,sensitive
gtgcagcgtataaacg_mcf7.aa.t0,sensitive
gtgcagctcctgcttg_mcf7.aa.t0,sensitive
gtgcatacatgggaca_mcf7.aa.t0,sensitive
gtgcatagtcagctat_mcf7.aa.t0,sensitive
gtgcatatcatgtccc_mcf7.aa.t0,sensitive
gtgcatatcgcaaact_mcf7.aa.t0,sensitive
gtgcggtagagtaagg_mcf7.aa.t0,sensitive
gtgcggtcactgccag_mcf7.aa.t0,sensitive
gtgcttcaggacatta_mcf7.aa.t0,sensitive
gtgcttcgttggtgga_mcf7.aa.t0,sensitive
gtgggtctcaacacgt_mcf7.aa.t0,sensitive
gtgggtctccctaacc_mcf7.aa.t0,sensitive
gtgtgcgagcgttccg_mcf7.aa.t0,sensitive
gtgtgcgagctaccta_mcf7.aa.t0,sensitive
gtgtgcgcaaaggaag_mcf7.aa.t0,sensitive
gtgtgcggtctctcgt_mcf7.aa.t0,sensitive
gtgtgcggtttagctg_mcf7.aa.t0,sensitive
gtgtgcgtcattgccc_mcf7.aa.t0,sensitive
gtgttagcacagccca_mcf7.aa.t0,sensitive
gtgttagtcgacggaa_mcf7.aa.t0,sensitive
gttaagcaggcgacat_mcf7.aa.t0,sensitive
gttaagccaatgacct_mcf7.aa.t0,sensitive
gttaagccacggccat_mcf7.aa.t0,sensitive
gttaagccagcgttcg_mcf7.aa.t0,sensitive
gttaagctccgggtgt_mcf7.aa.t0,sensitive
gttacagagttacggg_mcf7.aa.t0,sensitive
gttacagcagctgtat_mcf7.aa.t0,sensitive
gttacagtcacttatc_mcf7.aa.t0,sensitive
gttacagtcaggttca_mcf7.aa.t0,sensitive
gttacagtcgatgagg_mcf7.aa.t0,sensitive
gttcattagacactaa_mcf7.aa.t0,sensitive
gttcattagaggttat_mcf7.aa.t0,sensitive
gttcattcaagccatt_mcf7.aa.t0,sensitive
gttcatttcccacttg_mcf7.aa.t0,sensitive
gttcatttcgctgata_mcf7.aa.t0,sensitive
gttcatttcgtcgttc_mcf7.aa.t0,sensitive
gttcgggcacgactcg_mcf7.aa.t0,sensitive
gttcggggtaagtagt_mcf7.aa.t0,sensitive
gttcggggtccgtgac_mcf7.aa.t0,sensitive
gttcggggtcgactgc_mcf7.aa.t0,sensitive
gttcggggtctcatcc_mcf7.aa.t0,sensitive
gttctcgagagagctc_mcf7.aa.t0,sensitive
gttctcgagtacgata_mcf7.aa.t0,sensitive
gttctcgcatgagcga_mcf7.aa.t0,sensitive
gttctcggtgtctgat_mcf7.aa.t0,sensitive
gttctcgtccctaatt_mcf7.aa.t0,sensitive
gtttctagttaaagtg_mcf7.aa.t0,sensitive
gtttctatcgtttagg_mcf7.aa.t0,sensitive
taaaccgcattctcat_mcf7.aa.t0,sensitive
taagagaaggctagca_mcf7.aa.t0,sensitive
taagagacaagccatt_mcf7.aa.t0,sensitive
taagagagtaagagag_mcf7.aa.t0,sensitive
taagagagttcaggcc_mcf7.aa.t0,sensitive
taagagatcaataccg_mcf7.aa.t0,sensitive
taagcgtcactgaagg_mcf7.aa.t0,sensitive
taagcgtcatactctt_mcf7.aa.t0,sensitive
taagcgttccacgcag_mcf7.aa.t0,sensitive
taagtgcagtaagtac_mcf7.aa.t0,sensitive
taagtgccacttaagc_mcf7.aa.t0,sensitive
taagtgcgtcaaagat_mcf7.aa.t0,sensitive
taagtgcgtgcggtaa_mcf7.aa.t0,sensitive
taagtgctcagtacgt_mcf7.aa.t0,sensitive
taagtgctcggatgga_mcf7.aa.t0,sensitive
tacacgaagaacaact_mcf7.aa.t0,sensitive
tacacgagttccacgg_mcf7.aa.t0,sensitive
tacacgatcttctggc_mcf7.aa.t0,sensitive
tacagtgcagcatact_mcf7.aa.t0,sensitive
tacagtggtacagttc_mcf7.aa.t0,sensitive
tacagtggtgcgcttg_mcf7.aa.t0,sensitive
tacagtggtgctagcc_mcf7.aa.t0,sensitive
tacctatagtacatga_mcf7.aa.t0,sensitive
tacctatcatatggtc_mcf7.aa.t0,sensitive
taccttaagaaaccta_mcf7.aa.t0,sensitive
taccttagtaagtggc_mcf7.aa.t0,sensitive
taccttagtagctgcc_mcf7.aa.t0,sensitive
taccttagttacagaa_mcf7.aa.t0,sensitive
taccttatcggtgtta_mcf7.aa.t0,sensitive
taccttatctactatc_mcf7.aa.t0,sensitive
tacggatagccatcgc_mcf7.aa.t0,sensitive
tacggatgtttggcgc_mcf7.aa.t0,sensitive
tacgggctcacatacg_mcf7.aa.t0,sensitive
tactcatagcaacggt_mcf7.aa.t0,sensitive
tactcataggatggtc_mcf7.aa.t0,sensitive
tactcgcgtactcgcg_mcf7.aa.t0,sensitive
tactcgctcaggcgaa_mcf7.aa.t0,sensitive
tactcgctcgggagta_mcf7.aa.t0,sensitive
tactcgctcttgggta_mcf7.aa.t0,sensitive
tacttacgtgtgaccc_mcf7.aa.t0,sensitive
tacttactcgaactgt_mcf7.aa.t0,sensitive
tacttgtgtaaaggag_mcf7.aa.t0,sensitive
tacttgttcctctagc_mcf7.aa.t0,sensitive
tagagctagcagcctc_mcf7.aa.t0,sensitive
tagccggcaacaacct_mcf7.aa.t0,sensitive
tagccggcaagagtcg_mcf7.aa.t0,sensitive
taggcattcagataag_mcf7.aa.t0,sensitive
tagtggtaggcagtca_mcf7.aa.t0,sensitive
tagtggtcaagtctgt_mcf7.aa.t0,sensitive
tagtggtgttacgact_mcf7.aa.t0,sensitive
tagtggtgttcgtgat_mcf7.aa.t0,sensitive
tagtggttcattcact_mcf7.aa.t0,sensitive
tagtggttccgctgtt_mcf7.aa.t0,sensitive
tagtggttctcggacg_mcf7.aa.t0,sensitive
tagttggagacgcaca_mcf7.aa.t0,sensitive
tagttggagctaccgc_mcf7.aa.t0,sensitive
tagttgggtcacttcc_mcf7.aa.t0,sensitive
tatcaggagaggttgc_mcf7.aa.t0,sensitive
tatcaggaggtgctag_mcf7.aa.t0,sensitive
tatcaggcagacgcct_mcf7.aa.t0,sensitive
tatcagggtagcgtcc_mcf7.aa.t0,sensitive
tatcaggtcatagcac_mcf7.aa.t0,sensitive
tatcaggtcatgtggt_mcf7.aa.t0,sensitive
tatctcaagacaggct_mcf7.aa.t0,sensitive
tatctcaagcatggca_mcf7.aa.t0,sensitive
tatctcacaaaggcgt_mcf7.aa.t0,sensitive
tatctcacagctcgac_mcf7.aa.t0,sensitive
tatctcatcctagtga_mcf7.aa.t0,sensitive
tatgcccaggcatgtg_mcf7.aa.t0,sensitive
tatgcccagggcatgt_mcf7.aa.t0,sensitive
tatgcccagttccaca_mcf7.aa.t0,sensitive
tatgcccgtctagtgt_mcf7.aa.t0,sensitive
tattacccaaatccgt_mcf7.aa.t0,sensitive
tattacctcatgtccc_mcf7.aa.t0,sensitive
tcaacgaagggttccc_mcf7.aa.t0,sensitive
tcaacgacaaacctac_mcf7.aa.t0,sensitive
tcaacgacagaagcac_mcf7.aa.t0,sensitive
tcaacgacagggagag_mcf7.aa.t0,sensitive
tcaacgagttcgtgat_mcf7.aa.t0,sensitive
tcaacgatcagcacat_mcf7.aa.t0,sensitive
tcaacgatcttaacct_mcf7.aa.t0,sensitive
tcaatctagatgcctt_mcf7.aa.t0,sensitive
tcaatctcacattcga_mcf7.aa.t0,sensitive
tcaatctgtgcaccac_mcf7.aa.t0,sensitive
tcaatctgttaaagtg_mcf7.aa.t0,sensitive
tcaatctgttgaactc_mcf7.aa.t0,sensitive
tcaatcttcaactctt_mcf7.aa.t0,sensitive
tcacaaggtgtaacgg_mcf7.aa.t0,sensitive
tcacaaggttaagaac_mcf7.aa.t0,sensitive
tcacaaggttctggta_mcf7.aa.t0,sensitive
tcacaaggtttgttgg_mcf7.aa.t0,sensitive
tcacaagtccacgtgg_mcf7.aa.t0,sensitive
tcacgaaaggctagca_mcf7.aa.t0,sensitive
tcacgaatcgcctgtt_mcf7.aa.t0,sensitive
tcagatgaggcaggtt_mcf7.aa.t0,sensitive
tcagatgcacatgtgt_mcf7.aa.t0,sensitive
tcagatgcatataccg_mcf7.aa.t0,sensitive
tcagatgcatcacaac_mcf7.aa.t0,sensitive
tcagatggtgcagaca_mcf7.aa.t0,sensitive
tcagatggtgctcttc_mcf7.aa.t0,sensitive
tcagatgtcctattca_mcf7.aa.t0,sensitive
tcagcaacaagccatt_mcf7.aa.t0,sensitive
tcagcaacagttccct_mcf7.aa.t0,sensitive
tcagcaacatactctt_mcf7.aa.t0,sensitive
tcagcaacatccgggt_mcf7.aa.t0,sensitive
tcagcaatcggcgcat_mcf7.aa.t0,sensitive
tcagcaatctatcccg_mcf7.aa.t0,sensitive
tcagctcagttatcgc_mcf7.aa.t0,sensitive
tcagctcgtttgtttc_mcf7.aa.t0,sensitive
tcagctctcgctagcg_mcf7.aa.t0,sensitive
tcaggatcagcatgag_mcf7.aa.t0,sensitive
tcaggattcactgggc_mcf7.aa.t0,sensitive
tcaggtaagcttcgcg_mcf7.aa.t0,sensitive
tcaggtaaggatatac_mcf7.aa.t0,sensitive
tcaggtaagtcatgct_mcf7.aa.t0,sensitive
tcaggtacaagttctg_mcf7.aa.t0,sensitive
tcaggtacaggaacgt_mcf7.aa.t0,sensitive
tcaggtatcgaatggg_mcf7.aa.t0,sensitive
tcaggtatctcggacg_mcf7.aa.t0,sensitive
tcattacagctagttc_mcf7.aa.t0,sensitive
tcattacagggtctcc_mcf7.aa.t0,sensitive
tcattacaggtgatat_mcf7.aa.t0,sensitive
tcattaccaaaggtgc_mcf7.aa.t0,sensitive
tcattaccagtcacta_mcf7.aa.t0,sensitive
tcattaccatgatcca_mcf7.aa.t0,sensitive
tcatttgagagacgaa_mcf7.aa.t0,sensitive
tcatttgcatgggaca_mcf7.aa.t0,sensitive
tccacacgtccagtta_mcf7.aa.t0,sensitive
tccacacgtcccgaca_mcf7.aa.t0,sensitive
tcccgatagtcttgca_mcf7.aa.t0,sensitive
tcccgatcacgtgaga_mcf7.aa.t0,sensitive
tcccgatgttctggta_mcf7.aa.t0,sensitive
tcccgattcttgtttg_mcf7.aa.t0,sensitive
tcgaggcagggcttga_mcf7.aa.t0,sensitive
tcgaggcagtctcaac_mcf7.aa.t0,sensitive
tcgaggccacccattc_mcf7.aa.t0,sensitive
tcgaggctcctaagtg_mcf7.aa.t0,sensitive
tcgcgagagcgtgagt_mcf7.aa.t0,sensitive
tcgcgagcagtaagcg_mcf7.aa.t0,sensitive
tcgcgagcatgtagtc_mcf7.aa.t0,sensitive
tcgcgaggtacaccgc_mcf7.aa.t0,sensitive
tcgcgaggttatcggt_mcf7.aa.t0,sensitive
tcgcgttagaaggtga_mcf7.aa.t0,sensitive
tcgcgttagcctcgtg_mcf7.aa.t0,sensitive
tcgcgttgttcgaatc_mcf7.aa.t0,sensitive
tcgggaccacattagc_mcf7.aa.t0,sensitive
tcgggacgtgttggga_mcf7.aa.t0,sensitive
tcggtaaaggcacatg_mcf7.aa.t0,sensitive
tcggtaatcttgtttg_mcf7.aa.t0,sensitive
tcgtacccaggacgta_mcf7.aa.t0,sensitive
tcgtacctccactcca_mcf7.aa.t0,sensitive
tcgtagaaggcccttg_mcf7.aa.t0,sensitive
tcgtagacactaagtc_mcf7.aa.t0,sensitive
tcgtagatcgaggtag_mcf7.aa.t0,sensitive
tctattgagctaccta_mcf7.aa.t0,sensitive
tctattggtgccttgg_mcf7.aa.t0,sensitive
tctattgtcctttcgg_mcf7.aa.t0,sensitive
tctcatagtactcaac_mcf7.aa.t0,sensitive
tctcatagtctccatc_mcf7.aa.t0,sensitive
tctcatatcagtgcat_mcf7.aa.t0,sensitive
tctctaagtgcttctc_mcf7.aa.t0,sensitive
tctctaatctcaaacg_mcf7.aa.t0,sensitive
tctctaatctgcccta_mcf7.aa.t0,sensitive
tctgagatcaaacggg_mcf7.aa.t0,sensitive
tctgagatcctgtacc_mcf7.aa.t0,sensitive
tctggaaaggtactct_mcf7.aa.t0,sensitive
tctggaacaattgctg_mcf7.aa.t0,sensitive
tctggaagtctggtcg_mcf7.aa.t0,sensitive
tctggaagtgctcttc_mcf7.aa.t0,sensitive
tctggaatcacggtta_mcf7.aa.t0,sensitive
tcttcggagatcctgt_mcf7.aa.t0,sensitive
tcttcgggtcccgaca_mcf7.aa.t0,sensitive
tctttccagtacgata_mcf7.aa.t0,sensitive
tctttccagtacgttc_mcf7.aa.t0,sensitive
tctttccgtcaatacc_mcf7.aa.t0,sensitive
tctttcctcctaagtg_mcf7.aa.t0,sensitive
tctttcctctcgcttg_mcf7.aa.t0,sensitive
tgaaagaagcgcctca_mcf7.aa.t0,sensitive
tgaaagaaggagttgc_mcf7.aa.t0,sensitive
tgaaagacaccgttgg_mcf7.aa.t0,sensitive
tgaaagacatgatcca_mcf7.aa.t0,sensitive
tgacaacagtaccgga_mcf7.aa.t0,sensitive
tgacaacagttgcagg_mcf7.aa.t0,sensitive
tgacggcagctaggca_mcf7.aa.t0,sensitive
tgacggcagtagccga_mcf7.aa.t0,sensitive
tgacggcagtcgagtg_mcf7.aa.t0,sensitive
tgacggccagtataag_mcf7.aa.t0,sensitive
tgactagagagctgca_mcf7.aa.t0,sensitive
tgactagagccaacag_mcf7.aa.t0,sensitive
tgactagcattctcat_mcf7.aa.t0,sensitive
tgactttcaagcgatg_mcf7.aa.t0,sensitive
tgactttgttacggag_mcf7.aa.t0,sensitive
tgacttttcacccgag_mcf7.aa.t0,sensitive
tgagaggagcaacggt_mcf7.aa.t0,sensitive
tgagaggtccaaactg_mcf7.aa.t0,sensitive
tgagcatgtgacgcct_mcf7.aa.t0,sensitive
tgagccggtactcaac_mcf7.aa.t0,sensitive
tgagccggtcttcgtc_mcf7.aa.t0,sensitive
tgagccggttccactc_mcf7.aa.t0,sensitive
tgagccgtcacgcggt_mcf7.aa.t0,sensitive
tgagggaagcacaggt_mcf7.aa.t0,sensitive
tgagggaaggtgatat_mcf7.aa.t0,sensitive
tgagggacaagaaagg_mcf7.aa.t0,sensitive
tgatttccacaagacg_mcf7.aa.t0,sensitive
tgatttccatgaacct_mcf7.aa.t0,sensitive
tgcacctcaatggaat_mcf7.aa.t0,sensitive
tgcacctcacggtaag_mcf7.aa.t0,sensitive
tgcacctcacttacga_mcf7.aa.t0,sensitive
tgcacctcaggattgg_mcf7.aa.t0,sensitive
tgcacctcataagaca_mcf7.aa.t0,sensitive
tgcaccttcaaaccac_mcf7.aa.t0,sensitive
tgcaccttcgcctgag_mcf7.aa.t0,sensitive
tgcccatagatcccat_mcf7.aa.t0,sensitive
tgcccatcagctgcac_mcf7.aa.t0,sensitive
tgcccatgtgaaggct_mcf7.aa.t0,sensitive
tgccctacaaacgcga_mcf7.aa.t0,sensitive
tgccctacactgccag_mcf7.aa.t0,sensitive
tgccctacagtcacta_mcf7.aa.t0,sensitive
tgccctagtacctaca_mcf7.aa.t0,sensitive
tgccctatcctgccat_mcf7.aa.t0,sensitive
tgcgcagcatacgccg_mcf7.aa.t0,sensitive
tgcgcagcatgggaac_mcf7.aa.t0,sensitive
tgcgcagtcccattat_mcf7.aa.t0,sensitive
tgcgcagtcttgggta_mcf7.aa.t0,sensitive
tgcgggtcaagacgtg_mcf7.aa.t0,sensitive
tgcgggtcagatgggt_mcf7.aa.t0,sensitive
tgcgggtgtgatgtct_mcf7.aa.t0,sensitive
tgcgtggaggtagcca_mcf7.aa.t0,sensitive
tgcgtggcaacgatgg_mcf7.aa.t0,sensitive
tgctaccagaatctcc_mcf7.aa.t0,sensitive
tgctaccgtagaagga_mcf7.aa.t0,sensitive
tgctaccgtcgttgta_mcf7.aa.t0,sensitive
tgctaccgtctgccag_mcf7.aa.t0,sensitive
tgctaccgttcgctaa_mcf7.aa.t0,sensitive
tgctgctaggagtaga_mcf7.aa.t0,sensitive
tggacgccatataccg_mcf7.aa.t0,sensitive
tggccagcagtcacta_mcf7.aa.t0,sensitive
tggccaggtgctcttc_mcf7.aa.t0,sensitive
tggccagtctccggtt_mcf7.aa.t0,sensitive
tggccagtctgtttgt_mcf7.aa.t0,sensitive
tggcgcaagctaacaa_mcf7.aa.t0,sensitive
tggcgcagtcagtgga_mcf7.aa.t0,sensitive
tggcgcatcatagcac_mcf7.aa.t0,sensitive
tggcgcatcgaccagc_mcf7.aa.t0,sensitive
tggcgcatcttgggta_mcf7.aa.t0,sensitive
tggctggcacagattc_mcf7.aa.t0,sensitive
tggctggcagcctata_mcf7.aa.t0,sensitive
tggctggcatctatgg_mcf7.aa.t0,sensitive
tggctggtcactgggc_mcf7.aa.t0,sensitive
tgggaagcaaacaaca_mcf7.aa.t0,sensitive
tgggaaggtcagataa_mcf7.aa.t0,sensitive
tgggaagtcgagccca_mcf7.aa.t0,sensitive
tgggcgtagtaatccc_mcf7.aa.t0,sensitive
tgggcgtcacatcttt_mcf7.aa.t0,sensitive
tgggcgttccatgaac_mcf7.aa.t0,sensitive
tggttagcagatcgga_mcf7.aa.t0,sensitive
tggttaggtcagctat_mcf7.aa.t0,sensitive
tggttaggtgtaacgg_mcf7.aa.t0,sensitive
tggttagtcctcaatt_mcf7.aa.t0,sensitive
tggttagtcttcggtc_mcf7.aa.t0,sensitive
tggttcccagacgctc_mcf7.aa.t0,sensitive
tggttccgtcgaaagc_mcf7.aa.t0,sensitive
tggttccgtggcaaac_mcf7.aa.t0,sensitive
tggttcctcaagaagt_mcf7.aa.t0,sensitive
tgtattcaggcccgtt_mcf7.aa.t0,sensitive
tgtattcagggcttcc_mcf7.aa.t0,sensitive
tgtattccacttggat_mcf7.aa.t0,sensitive
tgtattctcacaatgc_mcf7.aa.t0,sensitive
tgtattctccacgaat_mcf7.aa.t0,sensitive
tgtcccaagagctgca_mcf7.aa.t0,sensitive
tgtcccacataggata_mcf7.aa.t0,sensitive
tgtggtacaactggcc_mcf7.aa.t0,sensitive
tgtgtttaggacagct_mcf7.aa.t0,sensitive
tgtgtttcagatggca_mcf7.aa.t0,sensitive
tgtgttttctgcccta_mcf7.aa.t0,sensitive
tgttccgagagcccaa_mcf7.aa.t0,sensitive
tgttccgagagtacat_mcf7.aa.t0,sensitive
tgttccgagtcgtttg_mcf7.aa.t0,sensitive
tgttccggttcgggct_mcf7.aa.t0,sensitive
tgttccgtcaccctca_mcf7.aa.t0,sensitive
tgttccgtcgcgtttc_mcf7.aa.t0,sensitive
ttaactcaggcgacat_mcf7.aa.t0,sensitive
ttaactcagttaggta_mcf7.aa.t0,sensitive
ttaactccaagccatt_mcf7.aa.t0,sensitive
ttaactccactacagt_mcf7.aa.t0,sensitive
ttaggaccagtggagt_mcf7.aa.t0,sensitive
ttaggaccatgtagtc_mcf7.aa.t0,sensitive
ttaggcaagttaacga_mcf7.aa.t0,sensitive
ttaggcagtatgcttg_mcf7.aa.t0,sensitive
ttaggcatcgtctgaa_mcf7.aa.t0,sensitive
ttagttcagccaacag_mcf7.aa.t0,sensitive
ttagttcgtaaacctc_mcf7.aa.t0,sensitive
ttagttcgtaatagca_mcf7.aa.t0,sensitive
ttagttcgtcgagttt_mcf7.aa.t0,sensitive
ttagttctcacgcata_mcf7.aa.t0,sensitive
ttatgctagtaggcca_mcf7.aa.t0,sensitive
ttatgctagtgaattg_mcf7.aa.t0,sensitive
ttatgctcacatccaa_mcf7.aa.t0,sensitive
ttatgctcacggtaag_mcf7.aa.t0,sensitive
ttcccagcacctggtg_mcf7.aa.t0,sensitive
ttcccagtcattcact_mcf7.aa.t0,sensitive
ttcccagtccaaccaa_mcf7.aa.t0,sensitive
ttcgaaggtaccgtat_mcf7.aa.t0,sensitive
ttcgaaggtgcggtaa_mcf7.aa.t0,sensitive
ttcgaaggttgcgtta_mcf7.aa.t0,sensitive
ttcgaagtcttccttc_mcf7.aa.t0,sensitive
ttcggtcgtgagggtt_mcf7.aa.t0,sensitive
ttctacaagacagaga_mcf7.aa.t0,sensitive
ttctacacagctattg_mcf7.aa.t0,sensitive
ttctacagtgcagaca_mcf7.aa.t0,sensitive
ttctcaacagactcgc_mcf7.aa.t0,sensitive
ttctcaacagggtaca_mcf7.aa.t0,sensitive
ttctcaatccaatggt_mcf7.aa.t0,sensitive
ttctcctgtcaatgtc_mcf7.aa.t0,sensitive
ttctcctgtttgcatg_mcf7.aa.t0,sensitive
ttctccttcatgcaac_mcf7.aa.t0,sensitive
ttcttagagactaggc_mcf7.aa.t0,sensitive
ttcttagagtgacata_mcf7.aa.t0,sensitive
ttcttaggttaagaca_mcf7.aa.t0,sensitive
ttcttagtccagaagg_mcf7.aa.t0,sensitive
ttgacttcaggaatgc_mcf7.aa.t0,sensitive
ttgacttgtactcgcg_mcf7.aa.t0,sensitive
ttgactttcaaccaac_mcf7.aa.t0,sensitive
ttgccgtaggcaggtt_mcf7.aa.t0,sensitive
ttgccgtagtgttaga_mcf7.aa.t0,sensitive
ttgccgtcagccttgg_mcf7.aa.t0,sensitive
ttgccgtcagtggagt_mcf7.aa.t0,sensitive
ttgccgtcatgtctcc_mcf7.aa.t0,sensitive
ttgcgtcagtgctgcc_mcf7.aa.t0,sensitive
ttggaacagtatctcg_mcf7.aa.t0,sensitive
ttggaacagtatgaca_mcf7.aa.t0,sensitive
ttggaaccactagtac_mcf7.aa.t0,sensitive
ttggaacgtgactcat_mcf7.aa.t0,sensitive
ttggcaaagagttggc_mcf7.aa.t0,sensitive
ttggcaacaaggactg_mcf7.aa.t0,sensitive
ttggcaacaggtccac_mcf7.aa.t0,sensitive
ttggcaatcatgcaac_mcf7.aa.t0,sensitive
ttggcaatcgtgacat_mcf7.aa.t0,sensitive
ttggcaatctcgcatc_mcf7.aa.t0,sensitive
ttgtaggcacggacaa_mcf7.aa.t0,sensitive
ttgtagggtttgggcc_mcf7.aa.t0,sensitive
tttactgagagggata_mcf7.aa.t0,sensitive
tttactggtcatatcg_mcf7.aa.t0,sensitive
tttactggtgctagcc_mcf7.aa.t0,sensitive
tttactgtcagcatgt_mcf7.aa.t0,sensitive
tttactgtccagtatg_mcf7.aa.t0,sensitive
tttatgcagagacgaa_mcf7.aa.t0,sensitive
tttatgcgtagctaaa_mcf7.aa.t0,sensitive
tttatgcgtcaactgt_mcf7.aa.t0,sensitive
tttatgcgttcgcgac_mcf7.aa.t0,sensitive
tttcctcgtagcacga_mcf7.aa.t0,sensitive
tttcctcgtcttcaag_mcf7.aa.t0,sensitive
tttcctcgttaagggc_mcf7.aa.t0,sensitive
tttcctctcccaagta_mcf7.aa.t0,sensitive
tttcctctccttaatc_mcf7.aa.t0,sensitive
tttggttagaggttgc_mcf7.aa.t0,sensitive
tttggttagataggag_mcf7.aa.t0,sensitive
tttggttaggtgcaca_mcf7.aa.t0,sensitive
tttggttcagctgctg_mcf7.aa.t0,sensitive
tttggttcaggaatgc_mcf7.aa.t0,sensitive
tttggttcaggaccct_mcf7.aa.t0,sensitive
tttggttgtctcacct_mcf7.aa.t0,sensitive
tttggttgtttgttgg_mcf7.aa.t0,sensitive
tttgtcaagcgatagc_mcf7.aa.t0,sensitive
tttgtcatctatgtgg_mcf7.aa.t0,sensitive
aaacctgagctttggt_mcf7.aa.t48,resistant
aaacctgaggaatcgc_mcf7.aa.t48,resistant
aaacctgcaaaggcgt_mcf7.aa.t48,resistant
aaacctgcacgaagca_mcf7.aa.t48,resistant
aaacgggagacacgac_mcf7.aa.t48,resistant
aaacgggagcaggtca_mcf7.aa.t48,resistant
aaacgggagtccggtc_mcf7.aa.t48,resistant
aaacgggagtgccatt_mcf7.aa.t48,resistant
aaacgggcaaattgcc_mcf7.aa.t48,resistant
aaagatgagagcaatt_mcf7.aa.t48,resistant
aaagatgagctcctct_mcf7.aa.t48,resistant
aaagatgaggctaggt_mcf7.aa.t48,resistant
aaagatggtcatgcat_mcf7.aa.t48,resistant
aaagatggttatcacg_mcf7.aa.t48,resistant
aaagatgtctaactct_mcf7.aa.t48,resistant
aaagatgtctgtttgt_mcf7.aa.t48,resistant
aaagcaaagcgattct_mcf7.aa.t48,resistant
aaagcaagtcagaggt_mcf7.aa.t48,resistant
aaagcaatcccaagta_mcf7.aa.t48,resistant
aaagtaggtagctccg_mcf7.aa.t48,resistant
aaagtaggttgtcttt_mcf7.aa.t48,resistant
aaatgccagcgaaggg_mcf7.aa.t48,resistant
aaatgccagtacatga_mcf7.aa.t48,resistant
aaatgccagtggtagc_mcf7.aa.t48,resistant
aaatgcccaagctgag_mcf7.aa.t48,resistant
aaatgcccaatcacac_mcf7.aa.t48,resistant
aaatgccgtcaatgtc_mcf7.aa.t48,resistant
aaatgcctcaggttca_mcf7.aa.t48,resistant
aacacgtcatttgctt_mcf7.aa.t48,resistant
aacacgtgttcgtctc_mcf7.aa.t48,resistant
aaccatgaggttccta_mcf7.aa.t48,resistant
aaccatgcaacacccg_mcf7.aa.t48,resistant
aaccatgcagtcagcc_mcf7.aa.t48,resistant
aaccatggtagcctat_mcf7.aa.t48,resistant
aaccatggtcgcttct_mcf7.aa.t48,resistant
aaccatggtgtttgtg_mcf7.aa.t48,resistant
aaccatggttctcatt_mcf7.aa.t48,resistant
aaccgcggtaatagca_mcf7.aa.t48,resistant
aaccgcgtcgtttgcc_mcf7.aa.t48,resistant
aacgttgagtccatac_mcf7.aa.t48,resistant
aacgttgagttaccca_mcf7.aa.t48,resistant
aacgttggtactctcc_mcf7.aa.t48,resistant
aacgttggtgttgagg_mcf7.aa.t48,resistant
aacgttggttgcgtta_mcf7.aa.t48,resistant
aacgttgtcaccctca_mcf7.aa.t48,resistant
aacgttgtccagtatg_mcf7.aa.t48,resistant
aactcaggttactgac_mcf7.aa.t48,resistant
aactcaggttgattgc_mcf7.aa.t48,resistant
aactcagtcctgccat_mcf7.aa.t48,resistant
aactcagtcttgtact_mcf7.aa.t48,resistant
aactcccagtggagaa_mcf7.aa.t48,resistant
aactccccatgctggc_mcf7.aa.t48,resistant
aactcccgttagggtg_mcf7.aa.t48,resistant
aactcttagcgtttac_mcf7.aa.t48,resistant
aactcttcaacaacct_mcf7.aa.t48,resistant
aactcttcaagaggct_mcf7.aa.t48,resistant
aactcttgtgcaactt_mcf7.aa.t48,resistant
aactctttccctgact_mcf7.aa.t48,resistant
aactggtagacctagg_mcf7.aa.t48,resistant
aactggtagagcctag_mcf7.aa.t48,resistant
aactggtcatcccact_mcf7.aa.t48,resistant
aactggtgtctgattg_mcf7.aa.t48,resistant
aactttcagaaacgag_mcf7.aa.t48,resistant
aactttcgtgtaacgg_mcf7.aa.t48,resistant
aactttctctgcgtaa_mcf7.aa.t48,resistant
aagacctcagtagagc_mcf7.aa.t48,resistant
aagaccttctaccaga_mcf7.aa.t48,resistant
aagccgcgtcatatgc_mcf7.aa.t48,resistant
aagccgcgtcgagatg_mcf7.aa.t48,resistant
aagccgcgtcgtcttc_mcf7.aa.t48,resistant
aagccgcgttccgtct_mcf7.aa.t48,resistant
aagccgcgtttgactg_mcf7.aa.t48,resistant
aagccgctcgcaagcc_mcf7.aa.t48,resistant
aaggagcagggtgtgt_mcf7.aa.t48,resistant
aaggagccatcgatgt_mcf7.aa.t48,resistant
aaggagcgtgagggtt_mcf7.aa.t48,resistant
aaggcagagagtaccg_mcf7.aa.t48,resistant
aaggcagagctttggt_mcf7.aa.t48,resistant
aaggcaggtatgcttg_mcf7.aa.t48,resistant
aaggcagtcaatctct_mcf7.aa.t48,resistant
aaggttcaggaatcgc_mcf7.aa.t48,resistant
aaggttccaagcgctc_mcf7.aa.t48,resistant
aaggttccagtgacag_mcf7.aa.t48,resistant
aaggttctctcattca_mcf7.aa.t48,resistant
aagtctgcactatctt_mcf7.aa.t48,resistant
aagtctgcagtcacta_mcf7.aa.t48,resistant
aagtctggtaagtagt_mcf7.aa.t48,resistant
aatccagagggatggg_mcf7.aa.t48,resistant
aatccagcaccctatc_mcf7.aa.t48,resistant
aatcggttcaacacca_mcf7.aa.t48,resistant
aatcggttccaaagtc_mcf7.aa.t48,resistant
aatcggttcgcaagcc_mcf7.aa.t48,resistant
aatcggttctactcat_mcf7.aa.t48,resistant
acaccaagtaaggatt_mcf7.aa.t48,resistant
acaccaatcggttcgg_mcf7.aa.t48,resistant
acaccctgttctggta_mcf7.aa.t48,resistant
acacccttcacttatc_mcf7.aa.t48,resistant
acacccttctacttac_mcf7.aa.t48,resistant
acacccttctccaacc_mcf7.aa.t48,resistant
acaccgggtacagcag_mcf7.aa.t48,resistant
acaccgggtggtaacg_mcf7.aa.t48,resistant
acaccggtcctttcgg_mcf7.aa.t48,resistant
acaccggtcgtttgcc_mcf7.aa.t48,resistant
acactgacaagtcatc_mcf7.aa.t48,resistant
acactgatcgcttaga_mcf7.aa.t48,resistant
acagccgcaaggtttc_mcf7.aa.t48,resistant
acagccggtcatccct_mcf7.aa.t48,resistant
acagccgtcatagcac_mcf7.aa.t48,resistant
acagccgtcccaagta_mcf7.aa.t48,resistant
acagccgtcggccgat_mcf7.aa.t48,resistant
acagctagtcagaggt_mcf7.aa.t48,resistant
acagctagtcagataa_mcf7.aa.t48,resistant
acatacgcagtgggat_mcf7.aa.t48,resistant
acatacgcattgtgca_mcf7.aa.t48,resistant
acatacgtcgtacggc_mcf7.aa.t48,resistant
acatacgtctgtccgt_mcf7.aa.t48,resistant
acatcagagcgtgaac_mcf7.aa.t48,resistant
acatcaggtcagataa_mcf7.aa.t48,resistant
acatcaggtttgcatg_mcf7.aa.t48,resistant
acatcagtcgaatcca_mcf7.aa.t48,resistant
acatggtcaagaggct_mcf7.aa.t48,resistant
acatggtcaggtccac_mcf7.aa.t48,resistant
acatggtcatcccact_mcf7.aa.t48,resistant
acatggtcattaggct_mcf7.aa.t48,resistant
accagtacaacgatct_mcf7.aa.t48,resistant
accagtagtgctcttc_mcf7.aa.t48,resistant
accagtagttccaaca_mcf7.aa.t48,resistant
acccactagacataac_mcf7.aa.t48,resistant
acccactgtagcgtcc_mcf7.aa.t48,resistant
acccactgtgagtgac_mcf7.aa.t48,resistant
accgtaaagaggtacc_mcf7.aa.t48,resistant
accgtaacacacagag_mcf7.aa.t48,resistant
accgtaacagacgctc_mcf7.aa.t48,resistant
accgtaacattgcggc_mcf7.aa.t48,resistant
acctttaagtgtacgg_mcf7.aa.t48,resistant
acctttacagccacca_mcf7.aa.t48,resistant
acctttagtaatagca_mcf7.aa.t48,resistant
acctttagtgcttctc_mcf7.aa.t48,resistant
acgagccgtgtggctc_mcf7.aa.t48,resistant
acgagcctcttaccta_mcf7.aa.t48,resistant
acgaggaagacgacgt_mcf7.aa.t48,resistant
acgaggaaggctctta_mcf7.aa.t48,resistant
acgatacagccagaac_mcf7.aa.t48,resistant
acgatacagcgctcca_mcf7.aa.t48,resistant
acgatactcttcatgt_mcf7.aa.t48,resistant
acgatgtcaacttgac_mcf7.aa.t48,resistant
acgatgtgttgattcg_mcf7.aa.t48,resistant
acgcagccaagctgag_mcf7.aa.t48,resistant
acgcagccagtacact_mcf7.aa.t48,resistant
acgcagcgtctgattg_mcf7.aa.t48,resistant
acgccagagactgggt_mcf7.aa.t48,resistant
acgccagagactttcg_mcf7.aa.t48,resistant
acgccagcaagctgag_mcf7.aa.t48,resistant
acgccagcacccagtg_mcf7.aa.t48,resistant
acgccagcaccgaatt_mcf7.aa.t48,resistant
acgccaggtcagtgga_mcf7.aa.t48,resistant
acgccaggttcgaatc_mcf7.aa.t48,resistant
acgccgaagctatgct_mcf7.aa.t48,resistant
acgccgaaggtgatat_mcf7.aa.t48,resistant
acgccgaagtctcaac_mcf7.aa.t48,resistant
acgccgaagttaggta_mcf7.aa.t48,resistant
acgccgacacatgact_mcf7.aa.t48,resistant
acgccgacagtataag_mcf7.aa.t48,resistant
acgccgatcgggagta_mcf7.aa.t48,resistant
acggagaagtctcggc_mcf7.aa.t48,resistant
acggagagtactcgcg_mcf7.aa.t48,resistant
acggagatcctgtacc_mcf7.aa.t48,resistant
acggagatcgccataa_mcf7.aa.t48,resistant
acggagatcgtttatc_mcf7.aa.t48,resistant
acggccacagccttgg_mcf7.aa.t48,resistant
acggccatcagtcagt_mcf7.aa.t48,resistant
acggccatctcttgat_mcf7.aa.t48,resistant
acgggctcagatcgga_mcf7.aa.t48,resistant
acgggctgtgcgaaac_mcf7.aa.t48,resistant
acgggctgttgacgtt_mcf7.aa.t48,resistant
acgggcttcgccataa_mcf7.aa.t48,resistant
acgggtcagaaggttt_mcf7.aa.t48,resistant
acgggtctcaacggga_mcf7.aa.t48,resistant
acgtcaatcaaaccac_mcf7.aa.t48,resistant
actatctagccacctg_mcf7.aa.t48,resistant
actatctagtccggtc_mcf7.aa.t48,resistant
actatctgtgttcttt_mcf7.aa.t48,resistant
actatcttctgcagta_mcf7.aa.t48,resistant
actatcttcttgtttg_mcf7.aa.t48,resistant
actgaacagggtgtgt_mcf7.aa.t48,resistant
actgaaccacggccat_mcf7.aa.t48,resistant
actgaacgtcatcggc_mcf7.aa.t48,resistant
actgaactcagaggtg_mcf7.aa.t48,resistant
actgagtgttaccagt_mcf7.aa.t48,resistant
actgatgaggcgatac_mcf7.aa.t48,resistant
actgatgcacttaacg_mcf7.aa.t48,resistant
actgctcgtcccttgt_mcf7.aa.t48,resistant
actgctctcggcgcat_mcf7.aa.t48,resistant
actgtccagcaatatg_mcf7.aa.t48,resistant
acttactagcaaatca_mcf7.aa.t48,resistant
acttacttcctctagc_mcf7.aa.t48,resistant
acttgttcacagattc_mcf7.aa.t48,resistant
acttgttcatctccca_mcf7.aa.t48,resistant
acttgttgtggaaaga_mcf7.aa.t48,resistant
actttcagtacagtgg_mcf7.aa.t48,resistant
actttcagttgattcg_mcf7.aa.t48,resistant
agaatagagacgcaac_mcf7.aa.t48,resistant
agaatagcatcagtac_mcf7.aa.t48,resistant
agacgttcactcgacg_mcf7.aa.t48,resistant
agacgttgttctgaac_mcf7.aa.t48,resistant
agagcttcactctgtc_mcf7.aa.t48,resistant
agagtggagacactaa_mcf7.aa.t48,resistant
agagtggcaatcggtt_mcf7.aa.t48,resistant
agagtggcagacgcaa_mcf7.aa.t48,resistant
agagtggcagctggct_mcf7.aa.t48,resistant
agagtgggtaagtagt_mcf7.aa.t48,resistant
agagtgggtcgagttt_mcf7.aa.t48,resistant
agagtggtctttacac_mcf7.aa.t48,resistant
agatctgagtaatccc_mcf7.aa.t48,resistant
agatctgcaaacctac_mcf7.aa.t48,resistant
agattgcagtacgccc_mcf7.aa.t48,resistant
agattgccactgaagg_mcf7.aa.t48,resistant
agattgccaggtctcg_mcf7.aa.t48,resistant
agattgctcaatcacg_mcf7.aa.t48,resistant
agattgctccctcagt_mcf7.aa.t48,resistant
agattgctccgtacaa_mcf7.aa.t48,resistant
agcagccagaaacgag_mcf7.aa.t48,resistant
agcagccagagacgaa_mcf7.aa.t48,resistant
agcagccagctagtgg_mcf7.aa.t48,resistant
agcagcctcgccagca_mcf7.aa.t48,resistant
agcataccaacgatgg_mcf7.aa.t48,resistant
agcataccacaccgac_mcf7.aa.t48,resistant
agcatacgtataaacg_mcf7.aa.t48,resistant
agcatactcctattca_mcf7.aa.t48,resistant
agcctaaagaggacgg_mcf7.aa.t48,resistant
agcctaacacggatag_mcf7.aa.t48,resistant
agcctaacaggaccct_mcf7.aa.t48,resistant
agcctaatcaggttca_mcf7.aa.t48,resistant
agcggtccacgcgaaa_mcf7.aa.t48,resistant
agcggtccatgctagt_mcf7.aa.t48,resistant
agcggtcgtctcttta_mcf7.aa.t48,resistant
agcggtctcctaagtg_mcf7.aa.t48,resistant
agcggtctcctttaca_mcf7.aa.t48,resistant
agcggtctcgaccagc_mcf7.aa.t48,resistant
agcgtatagatacaca_mcf7.aa.t48,resistant
agcgtatcaacgcacc_mcf7.aa.t48,resistant
agcgtatcaatggata_mcf7.aa.t48,resistant
agcgtatcacaccgac_mcf7.aa.t48,resistant
agcgtatcatcaccct_mcf7.aa.t48,resistant
agcgtatcattcactt_mcf7.aa.t48,resistant
agcgtattcgcctgag_mcf7.aa.t48,resistant
agcgtcggtctgcaat_mcf7.aa.t48,resistant
agctcctagcgatccc_mcf7.aa.t48,resistant
agctcctagtgcgtga_mcf7.aa.t48,resistant
agctcctgtaagtggc_mcf7.aa.t48,resistant
agctccttccatgaac_mcf7.aa.t48,resistant
agctccttcccattta_mcf7.aa.t48,resistant
agctccttctgcggca_mcf7.aa.t48,resistant
agctctccagtgagtg_mcf7.aa.t48,resistant
agctctccatatgaga_mcf7.aa.t48,resistant
agctctcgtagaaagg_mcf7.aa.t48,resistant
agcttgaagaggacgg_mcf7.aa.t48,resistant
agcttgacagctccga_mcf7.aa.t48,resistant
aggccacagaggtacc_mcf7.aa.t48,resistant
aggccaccaagccgtc_mcf7.aa.t48,resistant
aggccaccaccagcac_mcf7.aa.t48,resistant
aggccaccacgctttc_mcf7.aa.t48,resistant
aggccacgtcatatcg_mcf7.aa.t48,resistant
aggccactcccggatg_mcf7.aa.t48,resistant
aggccgtagaccggat_mcf7.aa.t48,resistant
aggccgtcagggtatg_mcf7.aa.t48,resistant
aggccgtgtcacacgc_mcf7.aa.t48,resistant
aggccgttctgcaagt_mcf7.aa.t48,resistant
agggagtagaaggaca_mcf7.aa.t48,resistant
agggagtagtggacgt_mcf7.aa.t48,resistant
agggatgcaaggacac_mcf7.aa.t48,resistant
agggatgcagcgtcca_mcf7.aa.t48,resistant
agggtgaagcctatgt_mcf7.aa.t48,resistant
agggtgaagtgtttgc_mcf7.aa.t48,resistant
agggtgagtgttcttt_mcf7.aa.t48,resistant
agggtgagttgattcg_mcf7.aa.t48,resistant
aggtcatagaggacgg_mcf7.aa.t48,resistant
aggtcatagcacacag_mcf7.aa.t48,resistant
aggtcatagctaggca_mcf7.aa.t48,resistant
aggtcatcaagtctgt_mcf7.aa.t48,resistant
aggtcatcaatcacac_mcf7.aa.t48,resistant
aggtcatgtagggact_mcf7.aa.t48,resistant
aggtcattcaacacgt_mcf7.aa.t48,resistant
aggtcattctgtcaag_mcf7.aa.t48,resistant
aggtccgaggagcgag_mcf7.aa.t48,resistant
aggtccgagtcatgct_mcf7.aa.t48,resistant
aggtccgtcacaacgt_mcf7.aa.t48,resistant
agtagtcagactaagt_mcf7.aa.t48,resistant
agtagtcgtgcactta_mcf7.aa.t48,resistant
agtagtctcatgtagc_mcf7.aa.t48,resistant
agtagtctcatgtggt_mcf7.aa.t48,resistant
agtctttagtcatcca_mcf7.aa.t48,resistant
agtctttcagctgtgc_mcf7.aa.t48,resistant
agtctttcatgacatc_mcf7.aa.t48,resistant
agtgaggaggcaatta_mcf7.aa.t48,resistant
agtgaggagtggacgt_mcf7.aa.t48,resistant
agtgaggagttacggg_mcf7.aa.t48,resistant
agtgaggcattgtgca_mcf7.aa.t48,resistant
agtgaggtctttaggg_mcf7.aa.t48,resistant
agtgggaagagaacag_mcf7.aa.t48,resistant
agtgggaagggtgttg_mcf7.aa.t48,resistant
agtgggagtcgactgc_mcf7.aa.t48,resistant
agtgtcaagtatctcg_mcf7.aa.t48,resistant
agtgtcatcagataag_mcf7.aa.t48,resistant
agttggtagcgttccg_mcf7.aa.t48,resistant
agttggtagggtcgat_mcf7.aa.t48,resistant
agttggttcggtctaa_mcf7.aa.t48,resistant
ataacgcaggcaatta_mcf7.aa.t48,resistant
ataacgctccaaccaa_mcf7.aa.t48,resistant
ataagagagtacatga_mcf7.aa.t48,resistant
atagaccagaattccc_mcf7.aa.t48,resistant
atagaccaggctagca_mcf7.aa.t48,resistant
atagacctcgaacgga_mcf7.aa.t48,resistant
atcacgacaaagaatc_mcf7.aa.t48,resistant
atcacgacacggtgtc_mcf7.aa.t48,resistant
atcacgacatgaagta_mcf7.aa.t48,resistant
atcacgatcggatgga_mcf7.aa.t48,resistant
atcatctagccacctg_mcf7.aa.t48,resistant
atcatctagctgccca_mcf7.aa.t48,resistant
atcatctagggagtaa_mcf7.aa.t48,resistant
atcatcttcgcctgag_mcf7.aa.t48,resistant
atcatggagcatggca_mcf7.aa.t48,resistant
atcatggcaagtagta_mcf7.aa.t48,resistant
atcatggcagagtgtg_mcf7.aa.t48,resistant
atcatggtcagttgac_mcf7.aa.t48,resistant
atccaccagaaggtga_mcf7.aa.t48,resistant
atccaccaggctagca_mcf7.aa.t48,resistant
atccaccgtgcagtag_mcf7.aa.t48,resistant
atccaccgttggtgga_mcf7.aa.t48,resistant
atccgaacacctatcc_mcf7.aa.t48,resistant
atccgaacatctggta_mcf7.aa.t48,resistant
atccgaagtccgtgac_mcf7.aa.t48,resistant
atccgaagttaccgat_mcf7.aa.t48,resistant
atccgaatcagctctc_mcf7.aa.t48,resistant
atccgaatctccggtt_mcf7.aa.t48,resistant
atcgagtgttacagaa_mcf7.aa.t48,resistant
atcgagttctggcgtg_mcf7.aa.t48,resistant
atctactagtgttaga_mcf7.aa.t48,resistant
atctacttcagcacat_mcf7.aa.t48,resistant
atctacttcgcctgag_mcf7.aa.t48,resistant
atctgccgtaccgctg_mcf7.aa.t48,resistant
atctgccgttgaactc_mcf7.aa.t48,resistant
atgagggagatcccgc_mcf7.aa.t48,resistant
atgcgatcatttgctt_mcf7.aa.t48,resistant
atgcgatgtctgcaat_mcf7.aa.t48,resistant
atgcgattcctgcttg_mcf7.aa.t48,resistant
atgcgattctaactgg_mcf7.aa.t48,resistant
atgggagaggactggt_mcf7.aa.t48,resistant
atgggagaggctatct_mcf7.aa.t48,resistant
atgggagcactctgtc_mcf7.aa.t48,resistant
atgggagcatacgccg_mcf7.aa.t48,resistant
atgggaggtagcacga_mcf7.aa.t48,resistant
atgggagtctagagtc_mcf7.aa.t48,resistant
atgtgtgagtcgtttg_mcf7.aa.t48,resistant
atgtgtggttctgaac_mcf7.aa.t48,resistant
atgtgtgtcatcattc_mcf7.aa.t48,resistant
attactcaggcagtca_mcf7.aa.t48,resistant
attactccaaacaaca_mcf7.aa.t48,resistant
attactccactagtac_mcf7.aa.t48,resistant
attactccagttaacc_mcf7.aa.t48,resistant
attatccagactagat_mcf7.aa.t48,resistant
attatccagcgtcaag_mcf7.aa.t48,resistant
attatccagcttcgcg_mcf7.aa.t48,resistant
attatccgtctcaaca_mcf7.aa.t48,resistant
attctacagaaagtgg_mcf7.aa.t48,resistant
attctacaggtgacca_mcf7.aa.t48,resistant
attctaccagccagaa_mcf7.aa.t48,resistant
attctaccatataccg_mcf7.aa.t48,resistant
attctacgtaatagca_mcf7.aa.t48,resistant
attctacgtccaagtt_mcf7.aa.t48,resistant
attctactccgcatct_mcf7.aa.t48,resistant
attggacagacctttg_mcf7.aa.t48,resistant
attggaccaccagcac_mcf7.aa.t48,resistant
attggacgttaagggc_mcf7.aa.t48,resistant
attggactcataaccg_mcf7.aa.t48,resistant
attggactcccttgca_mcf7.aa.t48,resistant
attggactcgcatgat_mcf7.aa.t48,resistant
attggtggtagcttgt_mcf7.aa.t48,resistant
attggtggtgcgaaac_mcf7.aa.t48,resistant
attggtgtcacaaacc_mcf7.aa.t48,resistant
atttctggttggtttg_mcf7.aa.t48,resistant
atttctgtcgggagta_mcf7.aa.t48,resistant
caaccaaaggcgtaca_mcf7.aa.t48,resistant
caaccaacacacatgt_mcf7.aa.t48,resistant
caaccaacagcctgtg_mcf7.aa.t48,resistant
caaccaacatacgccg_mcf7.aa.t48,resistant
caaccaacatgacgga_mcf7.aa.t48,resistant
caaccaacatttcagg_mcf7.aa.t48,resistant
caaccaagtagggact_mcf7.aa.t48,resistant
caacctcgtcacacgc_mcf7.aa.t48,resistant
caacctcgttaccagt_mcf7.aa.t48,resistant
caagaaaagagttggc_mcf7.aa.t48,resistant
caagaaaaggctagca_mcf7.aa.t48,resistant
caagaaaagggcacta_mcf7.aa.t48,resistant
caagaaaagggctctc_mcf7.aa.t48,resistant
caagaaacaccgaatt_mcf7.aa.t48,resistant
caagaaagtgtaagta_mcf7.aa.t48,resistant
caagaaatcccattta_mcf7.aa.t48,resistant
caagaaatcctgccat_mcf7.aa.t48,resistant
caagaaatcctgtacc_mcf7.aa.t48,resistant
caagatcagtacgtaa_mcf7.aa.t48,resistant
caagatcagtccagga_mcf7.aa.t48,resistant
caaggccagaaagtgg_mcf7.aa.t48,resistant
caaggccgtagaagga_mcf7.aa.t48,resistant
caaggcctcataaccg_mcf7.aa.t48,resistant
caaggcctcgtaggag_mcf7.aa.t48,resistant
caagttggtcatatgc_mcf7.aa.t48,resistant
caagttggtgtgcgtc_mcf7.aa.t48,resistant
caagttggttggaggt_mcf7.aa.t48,resistant
caagttgtcacagtac_mcf7.aa.t48,resistant
caagttgtccgcagtg_mcf7.aa.t48,resistant
cacaaactcatcgctc_mcf7.aa.t48,resistant
cacacaaagacacgac_mcf7.aa.t48,resistant
cacacaaaggatggaa_mcf7.aa.t48,resistant
cacacaaagtaggtgc_mcf7.aa.t48,resistant
cacacaacattacgac_mcf7.aa.t48,resistant
cacacctagctccttc_mcf7.aa.t48,resistant
cacacctgtcctccat_mcf7.aa.t48,resistant
cacacctgtcgcatcg_mcf7.aa.t48,resistant
cacactcagatgtgta_mcf7.aa.t48,resistant
cacactcgtcttctcg_mcf7.aa.t48,resistant
cacaggctccaaccaa_mcf7.aa.t48,resistant
cacaggctcctcaacc_mcf7.aa.t48,resistant
cacagtaagaacaatc_mcf7.aa.t48,resistant
cacagtacacttacga_mcf7.aa.t48,resistant
cacagtacattacctt_mcf7.aa.t48,resistant
cacataggtttgcatg_mcf7.aa.t48,resistant
cacatagtcagctggc_mcf7.aa.t48,resistant
cacatagtcgggagta_mcf7.aa.t48,resistant
cacatttgtctagtgt_mcf7.aa.t48,resistant
cacattttcagcttag_mcf7.aa.t48,resistant
cacattttcgaatcca_mcf7.aa.t48,resistant
caccactcatgccacg_mcf7.aa.t48,resistant
caccacttcctatgtt_mcf7.aa.t48,resistant
caccacttcctcaatt_mcf7.aa.t48,resistant
caccttgagagtacat_mcf7.aa.t48,resistant
caccttgagcaatatg_mcf7.aa.t48,resistant
caccttgcacacgctg_mcf7.aa.t48,resistant
caccttgcactgtgta_mcf7.aa.t48,resistant
caccttgcaggtccac_mcf7.aa.t48,resistant
cactccaagatgcgac_mcf7.aa.t48,resistant
cactccaagctctcgg_mcf7.aa.t48,resistant
cactccaagttagcgg_mcf7.aa.t48,resistant
cactccagtcatgccg_mcf7.aa.t48,resistant
cactccatcacgaagg_mcf7.aa.t48,resistant
cactccatcagaggtg_mcf7.aa.t48,resistant
cagaatcagagctgca_mcf7.aa.t48,resistant
cagaatctccctcttt_mcf7.aa.t48,resistant
cagagagcagctgctg_mcf7.aa.t48,resistant
cagagagcatcggtta_mcf7.aa.t48,resistant
cagagagtcgccataa_mcf7.aa.t48,resistant
cagatcaagagtgacc_mcf7.aa.t48,resistant
cagatcaagcaatatg_mcf7.aa.t48,resistant
cagatcacatccaaca_mcf7.aa.t48,resistant
cagatcagtaagtagt_mcf7.aa.t48,resistant
cagatcagtccatgat_mcf7.aa.t48,resistant
cagatcatcttctggc_mcf7.aa.t48,resistant
cagatcatcttgcaag_mcf7.aa.t48,resistant
cagcagcagactaagt_mcf7.aa.t48,resistant
cagcagctcacttatc_mcf7.aa.t48,resistant
cagcagctcttaacct_mcf7.aa.t48,resistant
cagcatacaatgtaag_mcf7.aa.t48,resistant
cagcatagtacaccgc_mcf7.aa.t48,resistant
cagcatatcgagccca_mcf7.aa.t48,resistant
cagccgatcacctcgt_mcf7.aa.t48,resistant
cagccgatcgcaggct_mcf7.aa.t48,resistant
cagcgacagtttcctt_mcf7.aa.t48,resistant
cagcgaccactagtac_mcf7.aa.t48,resistant
cagcgactcgaatggg_mcf7.aa.t48,resistant
cagctaaagcccagct_mcf7.aa.t48,resistant
cagctaagtaagagga_mcf7.aa.t48,resistant
cagctaatcctaagtg_mcf7.aa.t48,resistant
cagctggagttcgcgc_mcf7.aa.t48,resistant
cagctggcacagactt_mcf7.aa.t48,resistant
cagctgggtacgctgc_mcf7.aa.t48,resistant
cagctggtccctaatt_mcf7.aa.t48,resistant
caggtgcagcatcatc_mcf7.aa.t48,resistant
caggtgcagctgcaag_mcf7.aa.t48,resistant
caggtgcagtggagtc_mcf7.aa.t48,resistant
caggtgccagtccttc_mcf7.aa.t48,resistant
caggtgcgtgcctgca_mcf7.aa.t48,resistant
caggtgctctggcgtg_mcf7.aa.t48,resistant
cagtaacagcacacag_mcf7.aa.t48,resistant
cagtaaccagcctgtg_mcf7.aa.t48,resistant
cagtcctagagatgag_mcf7.aa.t48,resistant
cagtcctcacgtgaga_mcf7.aa.t48,resistant
cagtcctgtgtgcgtc_mcf7.aa.t48,resistant
cagtcctgttcacggc_mcf7.aa.t48,resistant
cagtccttcaacggga_mcf7.aa.t48,resistant
catatggagcaatctc_mcf7.aa.t48,resistant
catatggagtgtctca_mcf7.aa.t48,resistant
catatggtcgtttatc_mcf7.aa.t48,resistant
catattcagatgggtc_mcf7.aa.t48,resistant
catattcagtcgtttg_mcf7.aa.t48,resistant
catattccaggaatcg_mcf7.aa.t48,resistant
catattccatgcatgt_mcf7.aa.t48,resistant
catattcgtgttggga_mcf7.aa.t48,resistant
catattctcaataccg_mcf7.aa.t48,resistant
catcaagagcgcttat_mcf7.aa.t48,resistant
catcaagcaaagaatc_mcf7.aa.t48,resistant
catcaagcaccttgtc_mcf7.aa.t48,resistant
catcaagcagttcatg_mcf7.aa.t48,resistant
catcaaggtatatccg_mcf7.aa.t48,resistant
catcaaggtgttggga_mcf7.aa.t48,resistant
catcaaggttccaaca_mcf7.aa.t48,resistant
catcagaaggccctca_mcf7.aa.t48,resistant
catcagacagtaagat_mcf7.aa.t48,resistant
catcagatccactggg_mcf7.aa.t48,resistant
catcagatctgacctc_mcf7.aa.t48,resistant
catccacagcggatca_mcf7.aa.t48,resistant
catccaccaagtaatg_mcf7.aa.t48,resistant
catccaccagtcagcc_mcf7.aa.t48,resistant
catccactcttcaact_mcf7.aa.t48,resistant
catcgaaagagacgaa_mcf7.aa.t48,resistant
catcgaacaagttgtc_mcf7.aa.t48,resistant
catcgaagtaacgcga_mcf7.aa.t48,resistant
catcgaatccgttgct_mcf7.aa.t48,resistant
catcgaatctcttatg_mcf7.aa.t48,resistant
catgacaagacaagcc_mcf7.aa.t48,resistant
catgacaagatacaca_mcf7.aa.t48,resistant
catgacagtcgttgta_mcf7.aa.t48,resistant
catgacatctcgagta_mcf7.aa.t48,resistant
catgcctcaccaaccg_mcf7.aa.t48,resistant
catgcctgtggtttca_mcf7.aa.t48,resistant
catgccttcaaggctt_mcf7.aa.t48,resistant
catgccttccaagtac_mcf7.aa.t48,resistant
catgccttctacctgc_mcf7.aa.t48,resistant
catgccttctcaactt_mcf7.aa.t48,resistant
catgccttcttctggc_mcf7.aa.t48,resistant
catggcgagaatctcc_mcf7.aa.t48,resistant
catggcgcaagtacct_mcf7.aa.t48,resistant
catggcgcacaagtaa_mcf7.aa.t48,resistant
catggcgcacgaaacg_mcf7.aa.t48,resistant
catggcgcacggtaga_mcf7.aa.t48,resistant
catggcgcatatgaga_mcf7.aa.t48,resistant
cattatcgtacaagta_mcf7.aa.t48,resistant
cattatcgtcatgcat_mcf7.aa.t48,resistant
cattatcgtctagagg_mcf7.aa.t48,resistant
cattatcgtttaagcc_mcf7.aa.t48,resistant
cattcgcagagtctgg_mcf7.aa.t48,resistant
cattcgccaccgaaag_mcf7.aa.t48,resistant
cattcgcgtagctgcc_mcf7.aa.t48,resistant
cattcgctcaaaccac_mcf7.aa.t48,resistant
ccaatccagcacacag_mcf7.aa.t48,resistant
ccaatccgttcaggcc_mcf7.aa.t48,resistant
ccaatcctcgctgata_mcf7.aa.t48,resistant
ccacctacaacacgcc_mcf7.aa.t48,resistant
ccacctacacaacgcc_mcf7.aa.t48,resistant
ccacctacaccctatc_mcf7.aa.t48,resistant
ccacctagtagtgaat_mcf7.aa.t48,resistant
ccacctatcatgtagc_mcf7.aa.t48,resistant
ccacggacaatggacg_mcf7.aa.t48,resistant
ccacggagttcggcac_mcf7.aa.t48,resistant
ccacggatcacatagc_mcf7.aa.t48,resistant
ccacggatccacgacg_mcf7.aa.t48,resistant
ccacggatcgaatcca_mcf7.aa.t48,resistant
ccatgtcagaattgtg_mcf7.aa.t48,resistant
ccatgtcagggcatgt_mcf7.aa.t48,resistant
ccatgtcagtgtctca_mcf7.aa.t48,resistant
ccatgtcagttaccca_mcf7.aa.t48,resistant
ccatgtccactgaagg_mcf7.aa.t48,resistant
ccatgtcgtcggcatc_mcf7.aa.t48,resistant
ccatgtcgtcggctca_mcf7.aa.t48,resistant
ccatgtcgtgatgccc_mcf7.aa.t48,resistant
ccatgtcgttcaacca_mcf7.aa.t48,resistant
ccatgtctcagtcagt_mcf7.aa.t48,resistant
ccattcggtggtttca_mcf7.aa.t48,resistant
ccattcggttaccagt_mcf7.aa.t48,resistant
ccattcgtcggaggta_mcf7.aa.t48,resistant
ccattcgtcgtccagg_mcf7.aa.t48,resistant
cccaatcagcgtctat_mcf7.aa.t48,resistant
cccaatccaaacccat_mcf7.aa.t48,resistant
cccaatccacggccat_mcf7.aa.t48,resistant
cccaatccagccagaa_mcf7.aa.t48,resistant
cccaatctcgcgatcg_mcf7.aa.t48,resistant
cccagttagtggcaca_mcf7.aa.t48,resistant
cccagttcagctcgca_mcf7.aa.t48,resistant
cccagtttcgtttatc_mcf7.aa.t48,resistant
cccatacagcgtttac_mcf7.aa.t48,resistant
cccataccacattcga_mcf7.aa.t48,resistant
cccataccacctcgtt_mcf7.aa.t48,resistant
cccatacgttacgcgc_mcf7.aa.t48,resistant
ccctcctagtgggttg_mcf7.aa.t48,resistant
ccctcctcatatacgc_mcf7.aa.t48,resistant
ccctcctgtaatagca_mcf7.aa.t48,resistant
ccctccttctcggacg_mcf7.aa.t48,resistant
ccgggatcacgtgaga_mcf7.aa.t48,resistant
ccgggatcatgctagt_mcf7.aa.t48,resistant
ccgggatgtgccttgg_mcf7.aa.t48,resistant
ccgggatgtggtttca_mcf7.aa.t48,resistant
ccgggatgttcagcgc_mcf7.aa.t48,resistant
ccgggattcttgaggt_mcf7.aa.t48,resistant
ccgggattcttgtttg_mcf7.aa.t48,resistant
ccggtagagactcgga_mcf7.aa.t48,resistant
ccggtagcacggtgtc_mcf7.aa.t48,resistant
ccggtaggtgcaactt_mcf7.aa.t48,resistant
ccggtaggtggtttca_mcf7.aa.t48,resistant
ccggtaggttacggag_mcf7.aa.t48,resistant
ccggtagtcatcattc_mcf7.aa.t48,resistant
ccgtactagactagat_mcf7.aa.t48,resistant
ccgtactcacacatgt_mcf7.aa.t48,resistant
ccgtactgtagctccg_mcf7.aa.t48,resistant
ccgtactgttaagatg_mcf7.aa.t48,resistant
ccgtacttccatgctc_mcf7.aa.t48,resistant
ccgtggaagctccttc_mcf7.aa.t48,resistant
ccgtggaaggtgatta_mcf7.aa.t48,resistant
ccgtggagttccggca_mcf7.aa.t48,resistant
ccgtggatcacgacta_mcf7.aa.t48,resistant
ccgtggatcccttgca_mcf7.aa.t48,resistant
ccgtggatcggcgcat_mcf7.aa.t48,resistant
ccgttcaagctccttc_mcf7.aa.t48,resistant
ccgttcatctcaaacg_mcf7.aa.t48,resistant
cctaaagagtaatccc_mcf7.aa.t48,resistant
cctaaagcactatctt_mcf7.aa.t48,resistant
cctaaagtcaaagtag_mcf7.aa.t48,resistant
cctacacagagggata_mcf7.aa.t48,resistant
cctacacagcgagaaa_mcf7.aa.t48,resistant
cctacacagctaccta_mcf7.aa.t48,resistant
cctacacgtccgaatt_mcf7.aa.t48,resistant
cctacactccgaagag_mcf7.aa.t48,resistant
cctaccacagacaaat_mcf7.aa.t48,resistant
cctaccagtctacctc_mcf7.aa.t48,resistant
cctaccagttcgggct_mcf7.aa.t48,resistant
cctaccagttggtgga_mcf7.aa.t48,resistant
cctagctcacaccgac_mcf7.aa.t48,resistant
cctagcttcgcgtttc_mcf7.aa.t48,resistant
cctattacatcggtta_mcf7.aa.t48,resistant
cctattagtctcatcc_mcf7.aa.t48,resistant
cctcagtgtgacggta_mcf7.aa.t48,resistant
cctcagttcggacaag_mcf7.aa.t48,resistant
cctctgaagactgggt_mcf7.aa.t48,resistant
cctctgacatcgtcgg_mcf7.aa.t48,resistant
cctctgagttcgtctc_mcf7.aa.t48,resistant
cctctgatcacaacgt_mcf7.aa.t48,resistant
ccttacgagccaggat_mcf7.aa.t48,resistant
ccttacgagctctcgg_mcf7.aa.t48,resistant
ccttacgaggagcgag_mcf7.aa.t48,resistant
ccttacgagtagatgt_mcf7.aa.t48,resistant
ccttacgcacagtcgc_mcf7.aa.t48,resistant
ccttacgcagcgttcg_mcf7.aa.t48,resistant
ccttacggtatctgca_mcf7.aa.t48,resistant
ccttacggtgtctgat_mcf7.aa.t48,resistant
ccttccccagataatg_mcf7.aa.t48,resistant
ccttccctcaaagaca_mcf7.aa.t48,resistant
ccttccctcacaaacc_mcf7.aa.t48,resistant
ccttccctctggcgtg_mcf7.aa.t48,resistant
ccttcgaaggcatgtg_mcf7.aa.t48,resistant
ccttcgacatgatcca_mcf7.aa.t48,resistant
ccttcgagtcagaata_mcf7.aa.t48,resistant
cctttctcagttaacc_mcf7.aa.t48,resistant
cctttcttcatgcaac_mcf7.aa.t48,resistant
cctttcttcccaacgg_mcf7.aa.t48,resistant
cgaacatgtatatccg_mcf7.aa.t48,resistant
cgaacatgtttgcatg_mcf7.aa.t48,resistant
cgaacatgtttggcgc_mcf7.aa.t48,resistant
cgaacattcggctacg_mcf7.aa.t48,resistant
cgaatgtgtagaaagg_mcf7.aa.t48,resistant
cgaatgttccaatggt_mcf7.aa.t48,resistant
cgaatgttctgtttgt_mcf7.aa.t48,resistant
cgaccttagagactat_mcf7.aa.t48,resistant
cgaccttcagggagag_mcf7.aa.t48,resistant
cgacttcagacctagg_mcf7.aa.t48,resistant
cgacttccacatcttt_mcf7.aa.t48,resistant
cgacttcgtacagttc_mcf7.aa.t48,resistant
cgacttcgtcaagcga_mcf7.aa.t48,resistant
cgacttcgtttgactg_mcf7.aa.t48,resistant
cgacttctctggtatg_mcf7.aa.t48,resistant
cgagaagaggctcaga_mcf7.aa.t48,resistant
cgagaagtcctcaatt_mcf7.aa.t48,resistant
cgagcaccacaccgca_mcf7.aa.t48,resistant
cgagcacgtcttcaag_mcf7.aa.t48,resistant
cgagccaagtggtaat_mcf7.aa.t48,resistant
cgagccacatactacg_mcf7.aa.t48,resistant
cgagccacattcctcg_mcf7.aa.t48,resistant
cgagccatcacaggcc_mcf7.aa.t48,resistant
cgatcggaggagtacc_mcf7.aa.t48,resistant
cgatcggcacagccca_mcf7.aa.t48,resistant
cgatcgggttaaagac_mcf7.aa.t48,resistant
cgatcgggttctggta_mcf7.aa.t48,resistant
cgatcggtccctcttt_mcf7.aa.t48,resistant
cgatggcagtaagtac_mcf7.aa.t48,resistant
cgatggccacggttta_mcf7.aa.t48,resistant
cgatggccatttgccc_mcf7.aa.t48,resistant
cgatggcgtgaaagag_mcf7.aa.t48,resistant
cgatggcgttatgtgc_mcf7.aa.t48,resistant
cgatggcgttggtttg_mcf7.aa.t48,resistant
cgatggctccaatggt_mcf7.aa.t48,resistant
cgatggctcgccgtga_mcf7.aa.t48,resistant
cgatgtacatgcatgt_mcf7.aa.t48,resistant
cgatgtagtaggagtc_mcf7.aa.t48,resistant
cgatgtatcgtggtcg_mcf7.aa.t48,resistant
cgattgaaggaatcgc_mcf7.aa.t48,resistant
cgattgacatagactc_mcf7.aa.t48,resistant
cgattgagtaagtgta_mcf7.aa.t48,resistant
cgattgagtctcttta_mcf7.aa.t48,resistant
cgattgagttacgcgc_mcf7.aa.t48,resistant
cgattgatcggcttgg_mcf7.aa.t48,resistant
cgccaagcatagtaag_mcf7.aa.t48,resistant
cgccaagtcacctcgt_mcf7.aa.t48,resistant
cgccaagtcgagagca_mcf7.aa.t48,resistant
cgccaagtcgtaggtt_mcf7.aa.t48,resistant
cgcggtacaccgttgg_mcf7.aa.t48,resistant
cgcggtagtacgctgc_mcf7.aa.t48,resistant
cgcggtagtaggcatg_mcf7.aa.t48,resistant
cgcggtagtattctct_mcf7.aa.t48,resistant
cgcggtatcaacgcta_mcf7.aa.t48,resistant
cgcggtatctccaggg_mcf7.aa.t48,resistant
cgcgtttcaagctgga_mcf7.aa.t48,resistant
cgcgtttcacctatcc_mcf7.aa.t48,resistant
cgcgttttccgaatgt_mcf7.aa.t48,resistant
cgctatcagtcgccgt_mcf7.aa.t48,resistant
cgctatccatgaacct_mcf7.aa.t48,resistant
cgctatctccaagccg_mcf7.aa.t48,resistant
cgctatctcctgccat_mcf7.aa.t48,resistant
cgctggaagggtctcc_mcf7.aa.t48,resistant
cgctggaaggtgatat_mcf7.aa.t48,resistant
cgctggacaccatgta_mcf7.aa.t48,resistant
cgctggagtctctctg_mcf7.aa.t48,resistant
cgctggatctcgagta_mcf7.aa.t48,resistant
cgcttcaagatctgct_mcf7.aa.t48,resistant
cgcttcatcaatcacg_mcf7.aa.t48,resistant
cgcttcatcgttgaca_mcf7.aa.t48,resistant
cggacacagtctcctc_mcf7.aa.t48,resistant
cggacaccacatggga_mcf7.aa.t48,resistant
cggacaccactgccag_mcf7.aa.t48,resistant
cggacaccatcccact_mcf7.aa.t48,resistant
cggacaccatcccatc_mcf7.aa.t48,resistant
cggacactcagttcga_mcf7.aa.t48,resistant
cggacgtagcgtctat_mcf7.aa.t48,resistant
cggacgttccacgaat_mcf7.aa.t48,resistant
cggactgagtacacct_mcf7.aa.t48,resistant
cggactgcatcgattg_mcf7.aa.t48,resistant
cggactggtatatgga_mcf7.aa.t48,resistant
cggactgtcggagcaa_mcf7.aa.t48,resistant
cggactgtctcgttta_mcf7.aa.t48,resistant
cggagctcagggtatg_mcf7.aa.t48,resistant
cggagctgtactcaac_mcf7.aa.t48,resistant
cggagctgttgggaca_mcf7.aa.t48,resistant
cggagtccatcaccct_mcf7.aa.t48,resistant
cggagtctcaacgaaa_mcf7.aa.t48,resistant
cggagtctccgaacgc_mcf7.aa.t48,resistant
cggctagagagactat_mcf7.aa.t48,resistant
cggctagcacctggtg_mcf7.aa.t48,resistant
cggctaggtctcaaca_mcf7.aa.t48,resistant
cggctagtcaaggtaa_mcf7.aa.t48,resistant
cggctagtcccaacgg_mcf7.aa.t48,resistant
cggctagtcccattat_mcf7.aa.t48,resistant
cgggtcagtaagttcc_mcf7.aa.t48,resistant
cggttaaagactcgga_mcf7.aa.t48,resistant
cggttaagtgcactta_mcf7.aa.t48,resistant
cgtagcgagcacacag_mcf7.aa.t48,resistant
cgtagcgcagttccct_mcf7.aa.t48,resistant
cgtagcggttgtggag_mcf7.aa.t48,resistant
cgtagcgtcacttcat_mcf7.aa.t48,resistant
cgtagcgtccacgacg_mcf7.aa.t48,resistant
cgtagcgtcgtagatc_mcf7.aa.t48,resistant
cgtaggcagcagcctc_mcf7.aa.t48,resistant
cgtcactcatgcatgt_mcf7.aa.t48,resistant
cgtcaggtcctattca_mcf7.aa.t48,resistant
cgtccatagtgccaga_mcf7.aa.t48,resistant
cgtccatgttccatga_mcf7.aa.t48,resistant
cgtccattcctcgcat_mcf7.aa.t48,resistant
cgtctaccaacttgac_mcf7.aa.t48,resistant
cgtctaccaatcgaaa_mcf7.aa.t48,resistant
cgtctaccacaagtaa_mcf7.aa.t48,resistant
cgtgagcaggcccgtt_mcf7.aa.t48,resistant
cgtgagcagggcttcc_mcf7.aa.t48,resistant
cgtgagcagttaagtg_mcf7.aa.t48,resistant
cgtgagccaaggtgtg_mcf7.aa.t48,resistant
cgtgagcgtaagggct_mcf7.aa.t48,resistant
cgtgagcgtcattagc_mcf7.aa.t48,resistant
cgtgtaacaaggacac_mcf7.aa.t48,resistant
cgtgtaacagcgttcg_mcf7.aa.t48,resistant
cgtgtaagtgagcgat_mcf7.aa.t48,resistant
cgtgtaatcacttatc_mcf7.aa.t48,resistant
cgtgtaatccagaagg_mcf7.aa.t48,resistant
cgtgtctagccatcgc_mcf7.aa.t48,resistant
cgtgtctaggccctca_mcf7.aa.t48,resistant
cgtgtctagtgtctca_mcf7.aa.t48,resistant
cgtgtctcacagaggt_mcf7.aa.t48,resistant
cgtgtctcattcgaca_mcf7.aa.t48,resistant
cgtgtctgtgtatggg_mcf7.aa.t48,resistant
cgttagaagacgacgt_mcf7.aa.t48,resistant
cgttctgagctaacaa_mcf7.aa.t48,resistant
cgttctgagtgtggca_mcf7.aa.t48,resistant
cgttctgcatctggta_mcf7.aa.t48,resistant
cgttctggtagcaaat_mcf7.aa.t48,resistant
cgttctggtgtatggg_mcf7.aa.t48,resistant
cgttctgtcacccgag_mcf7.aa.t48,resistant
cgttgggcacatcttt_mcf7.aa.t48,resistant
cgttgggcatctatgg_mcf7.aa.t48,resistant
cgttggggtgcgatag_mcf7.aa.t48,resistant
cgttggggtgggtcaa_mcf7.aa.t48,resistant
cgttggggttcggcac_mcf7.aa.t48,resistant
cgttgggtcaatctct_mcf7.aa.t48,resistant
cgttgggtcccattta_mcf7.aa.t48,resistant
ctaacttagaggtaga_mcf7.aa.t48,resistant
ctaacttaggtgtggt_mcf7.aa.t48,resistant
ctaacttgttatcacg_mcf7.aa.t48,resistant
ctaagacagtgtctca_mcf7.aa.t48,resistant
ctaagacgtttgttgg_mcf7.aa.t48,resistant
ctaagactcaaggctt_mcf7.aa.t48,resistant
ctaagactctgaaaga_mcf7.aa.t48,resistant
ctaatggaggtgacca_mcf7.aa.t48,resistant
ctaatggcaacaccta_mcf7.aa.t48,resistant
ctaatggcattatctc_mcf7.aa.t48,resistant
ctaatggtctcaaacg_mcf7.aa.t48,resistant
ctacacccacagcgtc_mcf7.aa.t48,resistant
ctacacccatgggaac_mcf7.aa.t48,resistant
ctacattgtgcaccac_mcf7.aa.t48,resistant
ctacatttcttaccgc_mcf7.aa.t48,resistant
ctacccacaacacccg_mcf7.aa.t48,resistant
ctacccagtgaaatca_mcf7.aa.t48,resistant
ctacccagttgcgtta_mcf7.aa.t48,resistant
ctacgtcagcagcctc_mcf7.aa.t48,resistant
ctacgtctcggaggta_mcf7.aa.t48,resistant
ctagagtagacaggct_mcf7.aa.t48,resistant
ctagagtcatctacga_mcf7.aa.t48,resistant
ctagagtgtaagttcc_mcf7.aa.t48,resistant
ctagagtgtaatcgtc_mcf7.aa.t48,resistant
ctagagtgtcatatcg_mcf7.aa.t48,resistant
ctagagtgtcatatgc_mcf7.aa.t48,resistant
ctagagttcgaggtag_mcf7.aa.t48,resistant
ctagcctaggaatcgc_mcf7.aa.t48,resistant
ctagcctcagtgagtg_mcf7.aa.t48,resistant
ctagccttccggcaca_mcf7.aa.t48,resistant
ctagtgagtactcaac_mcf7.aa.t48,resistant
ctagtgatcaataagg_mcf7.aa.t48,resistant
ctagtgatcagttagc_mcf7.aa.t48,resistant
ctcacaccatggaata_mcf7.aa.t48,resistant
ctcacacgtgaaggct_mcf7.aa.t48,resistant
ctcacactcggaaacg_mcf7.aa.t48,resistant
ctcacactctaagcca_mcf7.aa.t48,resistant
ctcagaagtaccgtat_mcf7.aa.t48,resistant
ctcagaagttcgaatc_mcf7.aa.t48,resistant
ctcagaatctggagcc_mcf7.aa.t48,resistant
ctcattacaatggagc_mcf7.aa.t48,resistant
ctcattacatctacga_mcf7.aa.t48,resistant
ctcattacatttgctt_mcf7.aa.t48,resistant
ctcattatcagtcagt_mcf7.aa.t48,resistant
ctcctagagctcaact_mcf7.aa.t48,resistant
ctcctagagggcttcc_mcf7.aa.t48,resistant
ctcctaggtcacacgc_mcf7.aa.t48,resistant
ctcctagtcaccgggt_mcf7.aa.t48,resistant
ctcgaaagtgttcgat_mcf7.aa.t48,resistant
ctcgaggagatcgata_mcf7.aa.t48,resistant
ctcgaggcaaattgcc_mcf7.aa.t48,resistant
ctcgaggcagatctgt_mcf7.aa.t48,resistant
ctcgagggtctacctc_mcf7.aa.t48,resistant
ctcgaggtcaggttca_mcf7.aa.t48,resistant
ctcgaggtcggccgat_mcf7.aa.t48,resistant
ctcgaggtcggttcgg_mcf7.aa.t48,resistant
ctcgaggtctgcgacg_mcf7.aa.t48,resistant
ctcggagaggtgcttt_mcf7.aa.t48,resistant
ctcggagcaccctatc_mcf7.aa.t48,resistant
ctcggagcatggtcta_mcf7.aa.t48,resistant
ctcggagcattggtac_mcf7.aa.t48,resistant
ctcgggagtagcgctc_mcf7.aa.t48,resistant
ctcgtaccattgagct_mcf7.aa.t48,resistant
ctcgtacgtatatccg_mcf7.aa.t48,resistant
ctcgtactcatagcac_mcf7.aa.t48,resistant
ctcgtactcgccataa_mcf7.aa.t48,resistant
ctcgtactcttgtact_mcf7.aa.t48,resistant
ctcgtcatcacaggcc_mcf7.aa.t48,resistant
ctcgtcatcgccaaat_mcf7.aa.t48,resistant
ctctaatagacgcaca_mcf7.aa.t48,resistant
ctctaatcaagtctgt_mcf7.aa.t48,resistant
ctctaatcatcatccc_mcf7.aa.t48,resistant
ctctaatgtagcaaat_mcf7.aa.t48,resistant
ctctaatgtcagctat_mcf7.aa.t48,resistant
ctctaatgtcgggtct_mcf7.aa.t48,resistant
ctctaatgtgcttctc_mcf7.aa.t48,resistant
ctctaattctgaggga_mcf7.aa.t48,resistant
ctctacgaggcacatg_mcf7.aa.t48,resistant
ctctacgtcctgtacc_mcf7.aa.t48,resistant
ctctacgtcggttaac_mcf7.aa.t48,resistant
ctctggtagaggtacc_mcf7.aa.t48,resistant
ctctggtagcgtgaac_mcf7.aa.t48,resistant
ctctggtcaagccgtc_mcf7.aa.t48,resistant
ctctggtcaggaccct_mcf7.aa.t48,resistant
ctgaaacagttagcgg_mcf7.aa.t48,resistant
ctgaaaccaaggacac_mcf7.aa.t48,resistant
ctgaaaccaatcgaaa_mcf7.aa.t48,resistant
ctgaaacgtaaagtca_mcf7.aa.t48,resistant
ctgaaacgtaccagtt_mcf7.aa.t48,resistant
ctgaaacgtaccgtta_mcf7.aa.t48,resistant
ctgaaacgtctacctc_mcf7.aa.t48,resistant
ctgaagtagccgccta_mcf7.aa.t48,resistant
ctgaagtcacagaggt_mcf7.aa.t48,resistant
ctgaagtcatacagct_mcf7.aa.t48,resistant
ctgaagtgtaacgcga_mcf7.aa.t48,resistant
ctgaagtgtatctgca_mcf7.aa.t48,resistant
ctgaagtgttccactc_mcf7.aa.t48,resistant
ctgaagttccagtagt_mcf7.aa.t48,resistant
ctgaagttcggatgtt_mcf7.aa.t48,resistant
ctgatagcactacagt_mcf7.aa.t48,resistant
ctgataggtgtaagta_mcf7.aa.t48,resistant
ctgatagtcccaacgg_mcf7.aa.t48,resistant
ctgatagtccgtaggc_mcf7.aa.t48,resistant
ctgatccagagaacag_mcf7.aa.t48,resistant
ctgatcccacttctgc_mcf7.aa.t48,resistant
ctgatcccaggtttca_mcf7.aa.t48,resistant
ctgatccgttcgctaa_mcf7.aa.t48,resistant
ctgatcctctcaagtg_mcf7.aa.t48,resistant
ctgcctagttatccga_mcf7.aa.t48,resistant
ctgcggaagcgtgaac_mcf7.aa.t48,resistant
ctgcggacaacgcacc_mcf7.aa.t48,resistant
ctgcggacattcttac_mcf7.aa.t48,resistant
ctgcggagtagcacga_mcf7.aa.t48,resistant
ctgcggagtctcttta_mcf7.aa.t48,resistant
ctgcggatcagataag_mcf7.aa.t48,resistant
ctgctgtcaaactgct_mcf7.aa.t48,resistant
ctgctgtcagattgct_mcf7.aa.t48,resistant
ctgctgtcagggattg_mcf7.aa.t48,resistant
ctgctgtcatggaata_mcf7.aa.t48,resistant
ctggtctcacaccgac_mcf7.aa.t48,resistant
ctggtctcataggata_mcf7.aa.t48,resistant
ctggtctgtcacacgc_mcf7.aa.t48,resistant
ctggtcttcataaccg_mcf7.aa.t48,resistant
ctggtcttcgaacgga_mcf7.aa.t48,resistant
ctgtgcttctatcgcc_mcf7.aa.t48,resistant
ctgtgcttctgctgct_mcf7.aa.t48,resistant
ctgtttagttcacggc_mcf7.aa.t48,resistant
ctgtttagttggaccc_mcf7.aa.t48,resistant
ctgtttatcacatagc_mcf7.aa.t48,resistant
cttaactagtaatccc_mcf7.aa.t48,resistant
cttaactagtcttgca_mcf7.aa.t48,resistant
cttaactgtgataaac_mcf7.aa.t48,resistant
cttaacttcgcatgat_mcf7.aa.t48,resistant
cttaccgagagttggc_mcf7.aa.t48,resistant
cttaccgagctatgct_mcf7.aa.t48,resistant
cttaccgagggaacgg_mcf7.aa.t48,resistant
cttaccggtatgcttg_mcf7.aa.t48,resistant
cttaggaagatgagag_mcf7.aa.t48,resistant
cttaggagtattagcc_mcf7.aa.t48,resistant
cttctctagtatgaca_mcf7.aa.t48,resistant
cttctcttccgtacaa_mcf7.aa.t48,resistant
cttggctaggaatcgc_mcf7.aa.t48,resistant
cttggctcagcctttc_mcf7.aa.t48,resistant
cttggctgtccgtcag_mcf7.aa.t48,resistant
cttggctgtgatgtgg_mcf7.aa.t48,resistant
cttggcttctcacatt_mcf7.aa.t48,resistant
ctttgcgaggttccta_mcf7.aa.t48,resistant
ctttgcgagtggagaa_mcf7.aa.t48,resistant
ctttgcgcaataagca_mcf7.aa.t48,resistant
gaaactcagctccttc_mcf7.aa.t48,resistant
gaaactcgtcatatcg_mcf7.aa.t48,resistant
gaaactctcctattca_mcf7.aa.t48,resistant
gaaatgaagccacgtc_mcf7.aa.t48,resistant
gaaatgaagtttcctt_mcf7.aa.t48,resistant
gaaatgacacgaagca_mcf7.aa.t48,resistant
gaaatgagtaccgctg_mcf7.aa.t48,resistant
gaaatgagtacgaccc_mcf7.aa.t48,resistant
gaaatgatcaggccca_mcf7.aa.t48,resistant
gaaatgatctatcccg_mcf7.aa.t48,resistant
gaacatccataaaggt_mcf7.aa.t48,resistant
gaacatcgtcttgatg_mcf7.aa.t48,resistant
gaacatcgttgggaca_mcf7.aa.t48,resistant
gaacatcgttggtttg_mcf7.aa.t48,resistant
gaacctacacaggcct_mcf7.aa.t48,resistant
gaacctatctgtccgt_mcf7.aa.t48,resistant
gaacggaagatcgggt_mcf7.aa.t48,resistant
gaacggaagccgattt_mcf7.aa.t48,resistant
gaacggaagctaactc_mcf7.aa.t48,resistant
gaacggacaatgttgc_mcf7.aa.t48,resistant
gaacggacagctattg_mcf7.aa.t48,resistant
gaacggagttcctcca_mcf7.aa.t48,resistant
gaacggatcactgggc_mcf7.aa.t48,resistant
gaacggatcagctctc_mcf7.aa.t48,resistant
gaagcagagctagccc_mcf7.aa.t48,resistant
gaagcagcagggattg_mcf7.aa.t48,resistant
gaagcagcataccatg_mcf7.aa.t48,resistant
gaagcaggtgttaaga_mcf7.aa.t48,resistant
gaagcagtcagaggtg_mcf7.aa.t48,resistant
gaagcagtcatgcaac_mcf7.aa.t48,resistant
gaagcagtctttacgt_mcf7.aa.t48,resistant
gaataagaggtgatta_mcf7.aa.t48,resistant
gaataagagtattgga_mcf7.aa.t48,resistant
gaataagcagtataag_mcf7.aa.t48,resistant
gaatgaatcctgccat_mcf7.aa.t48,resistant
gaatgaatctttacgt_mcf7.aa.t48,resistant
gacacgcagtacgttc_mcf7.aa.t48,resistant
gacacgcgtagcctat_mcf7.aa.t48,resistant
gacacgctcattgcga_mcf7.aa.t48,resistant
gacacgctccagtatg_mcf7.aa.t48,resistant
gacagagcagatgagc_mcf7.aa.t48,resistant
gacagagtcggttaac_mcf7.aa.t48,resistant
gaccaatcaaagcaat_mcf7.aa.t48,resistant
gaccaatcaccttgtc_mcf7.aa.t48,resistant
gaccaatgtctcaaca_mcf7.aa.t48,resistant
gacctgggttggtttg_mcf7.aa.t48,resistant
gacctggtctttagtc_mcf7.aa.t48,resistant
gacgcgtcaatacgct_mcf7.aa.t48,resistant
gacgcgtgtaagtgta_mcf7.aa.t48,resistant
gacggctagaataggg_mcf7.aa.t48,resistant
gacggctaggatgtat_mcf7.aa.t48,resistant
gacggctagtatgaca_mcf7.aa.t48,resistant
gacggctcatggttgt_mcf7.aa.t48,resistant
gacggctgtagcaaat_mcf7.aa.t48,resistant
gacggctgttcccttg_mcf7.aa.t48,resistant
gacggctgttggtaaa_mcf7.aa.t48,resistant
gacggcttctcaaacg_mcf7.aa.t48,resistant
gacggcttctgccagg_mcf7.aa.t48,resistant
gacgtgcagaagattc_mcf7.aa.t48,resistant
gacgtgcagcgtagtg_mcf7.aa.t48,resistant
gacgttatcaatcacg_mcf7.aa.t48,resistant
gacgttatccactggg_mcf7.aa.t48,resistant
gacgttatctactatc_mcf7.aa.t48,resistant
gactaacaggcacatg_mcf7.aa.t48,resistant
gactaaccaagctgtt_mcf7.aa.t48,resistant
gactaaccatcatccc_mcf7.aa.t48,resistant
gactaacgttcgctaa_mcf7.aa.t48,resistant
gactacacaatggtct_mcf7.aa.t48,resistant
gactacacacggtgtc_mcf7.aa.t48,resistant
gactacagttcgtgat_mcf7.aa.t48,resistant
gactacagttgagttc_mcf7.aa.t48,resistant
gactacatccagatca_mcf7.aa.t48,resistant
gactacatcttcatgt_mcf7.aa.t48,resistant
gactgcgagcctcgtg_mcf7.aa.t48,resistant
gactgcgcaaacctac_mcf7.aa.t48,resistant
gactgcggtaccgtta_mcf7.aa.t48,resistant
gactgcggtagcaaat_mcf7.aa.t48,resistant
gactgcgtccgtcaaa_mcf7.aa.t48,resistant
gagcagaaggagttta_mcf7.aa.t48,resistant
gagcagaagtatcgaa_mcf7.aa.t48,resistant
gagcagagttggaccc_mcf7.aa.t48,resistant
gagcagagtttagctg_mcf7.aa.t48,resistant
gaggtgaaggtgatta_mcf7.aa.t48,resistant
gaggtgaagttatcgc_mcf7.aa.t48,resistant
gaggtgacaggtctcg_mcf7.aa.t48,resistant
gaggtgatcctgccat_mcf7.aa.t48,resistant
gaggtgatcttccttc_mcf7.aa.t48,resistant
gagtccgagactttcg_mcf7.aa.t48,resistant
gatcagtagagaacag_mcf7.aa.t48,resistant
gatcagtagtacgttc_mcf7.aa.t48,resistant
gatcagtagtcatcca_mcf7.aa.t48,resistant
gatcagtcaaatccgt_mcf7.aa.t48,resistant
gatcagtcagcctgtg_mcf7.aa.t48,resistant
gatcagtcagcttcgg_mcf7.aa.t48,resistant
gatcagtcatgcgcac_mcf7.aa.t48,resistant
gatcagtgtgagggtt_mcf7.aa.t48,resistant
gatcagttcctgccat_mcf7.aa.t48,resistant
gatcagttcttgacga_mcf7.aa.t48,resistant
gatcgatgtgacaaat_mcf7.aa.t48,resistant
gatcgattctccaacc_mcf7.aa.t48,resistant
gatcgcggttcagact_mcf7.aa.t48,resistant
gatcgcgtcatcgatg_mcf7.aa.t48,resistant
gatcgtagtcagtgga_mcf7.aa.t48,resistant
gatcgtagtgcagaca_mcf7.aa.t48,resistant
gatctagagcttatcg_mcf7.aa.t48,resistant
gatctagagtgacata_mcf7.aa.t48,resistant
gatctagcacaggagt_mcf7.aa.t48,resistant
gatctagtcagttcga_mcf7.aa.t48,resistant
gatctagtcctagtga_mcf7.aa.t48,resistant
gatctagtcctgcagg_mcf7.aa.t48,resistant
gatgaaatctatccta_mcf7.aa.t48,resistant
gatgaaatcttgacga_mcf7.aa.t48,resistant
gatgaggcacggttta_mcf7.aa.t48,resistant
gatgaggcactgtgta_mcf7.aa.t48,resistant
gatgagggtaagcacg_mcf7.aa.t48,resistant
gatgaggtccaatggt_mcf7.aa.t48,resistant
gatgaggtctgaggga_mcf7.aa.t48,resistant
gatgctaagactcgga_mcf7.aa.t48,resistant
gatgctaaggagttgc_mcf7.aa.t48,resistant
gatgctacacggtaga_mcf7.aa.t48,resistant
gatgctacactaagtc_mcf7.aa.t48,resistant
gatgctagtgtcaatc_mcf7.aa.t48,resistant
gatgctatcctgcttg_mcf7.aa.t48,resistant
gattcagagcgagaaa_mcf7.aa.t48,resistant
gattcagaggagttta_mcf7.aa.t48,resistant
gattcagcaatagagt_mcf7.aa.t48,resistant
gattcagcagataatg_mcf7.aa.t48,resistant
gattcagcatggttgt_mcf7.aa.t48,resistant
gcaaactcagtcagcc_mcf7.aa.t48,resistant
gcaaacttctgtttgt_mcf7.aa.t48,resistant
gcaatcacaaacccat_mcf7.aa.t48,resistant
gcaatcacagtggagt_mcf7.aa.t48,resistant
gcaatcagtagaagga_mcf7.aa.t48,resistant
gcacataagatctgaa_mcf7.aa.t48,resistant
gcacataagcctcgtg_mcf7.aa.t48,resistant
gcacataaggctagac_mcf7.aa.t48,resistant
gcacatacagacgcaa_mcf7.aa.t48,resistant
gcacatacataaaggt_mcf7.aa.t48,resistant
gcacatagttgtggcc_mcf7.aa.t48,resistant
gcactctcacggatag_mcf7.aa.t48,resistant
gcactctcacggctac_mcf7.aa.t48,resistant
gcactctcacttggat_mcf7.aa.t48,resistant
gcactcttcatcgctc_mcf7.aa.t48,resistant
gcagccaagtcccacg_mcf7.aa.t48,resistant
gcagccacataggata_mcf7.aa.t48,resistant
gcagccagttcacggc_mcf7.aa.t48,resistant
gcagccatctgcaagt_mcf7.aa.t48,resistant
gcagttatctaacttc_mcf7.aa.t48,resistant
gcatacaaggctagca_mcf7.aa.t48,resistant
gcatacacacgaggta_mcf7.aa.t48,resistant
gcatacagtgttcttt_mcf7.aa.t48,resistant
gcatacagttcaggcc_mcf7.aa.t48,resistant
gcatacatcaaacaag_mcf7.aa.t48,resistant
gcatacatcatcgctc_mcf7.aa.t48,resistant
gcatgatagtttagga_mcf7.aa.t48,resistant
gcatgatcagtcagcc_mcf7.aa.t48,resistant
gcatgatcatgtaaga_mcf7.aa.t48,resistant
gcatgatgtgaaagag_mcf7.aa.t48,resistant
gcatgattctgacctc_mcf7.aa.t48,resistant
gcatgattcttgaggt_mcf7.aa.t48,resistant
gcatgcggtattctct_mcf7.aa.t48,resistant
gcatgcgtcgccctta_mcf7.aa.t48,resistant
gcatgtaagaccggat_mcf7.aa.t48,resistant
gcatgtaagagaacag_mcf7.aa.t48,resistant
gccaaatagaataggg_mcf7.aa.t48,resistant
gccaaatagcgtcaag_mcf7.aa.t48,resistant
gcctctaagttagcgg_mcf7.aa.t48,resistant
gcctctacaacgcacc_mcf7.aa.t48,resistant
gcctctacaatacgct_mcf7.aa.t48,resistant
gcctctacacctcgtt_mcf7.aa.t48,resistant
gcctctacagtagagc_mcf7.aa.t48,resistant
gcctctacatagactc_mcf7.aa.t48,resistant
gcctctagtcaagcga_mcf7.aa.t48,resistant
gcgaccaagccactat_mcf7.aa.t48,resistant
gcgaccaagggtgttg_mcf7.aa.t48,resistant
gcgaccaaggtagcca_mcf7.aa.t48,resistant
gcgaccaagtagtgcg_mcf7.aa.t48,resistant
gcgaccagtagcgtcc_mcf7.aa.t48,resistant
gcgagaaagaaaccta_mcf7.aa.t48,resistant
gcgagaaagacgcttt_mcf7.aa.t48,resistant
gcgagaacactgccag_mcf7.aa.t48,resistant
gcgagaagtagggact_mcf7.aa.t48,resistant
gcgagaagtctgccag_mcf7.aa.t48,resistant
gcgagaatccacgacg_mcf7.aa.t48,resistant
gcgagaatcccttgca_mcf7.aa.t48,resistant
gcgcaacagagcttct_mcf7.aa.t48,resistant
gcgcaaccaatgccat_mcf7.aa.t48,resistant
gcgcaaccatacgcta_mcf7.aa.t48,resistant
gcgcaactcaacactg_mcf7.aa.t48,resistant
gcgcaactcttcatgt_mcf7.aa.t48,resistant
gcgcagtagactaagt_mcf7.aa.t48,resistant
gcgcagtagatatgca_mcf7.aa.t48,resistant
gcgcagtagatgcgac_mcf7.aa.t48,resistant
gcgcagtcaatcgaaa_mcf7.aa.t48,resistant
gcgccaaagtgggcta_mcf7.aa.t48,resistant
gcgccaacagtaacgg_mcf7.aa.t48,resistant
gcgccaacatctacga_mcf7.aa.t48,resistant
gcgccaagtcccttgt_mcf7.aa.t48,resistant
gcgccaatcatgtggt_mcf7.aa.t48,resistant
gcgccaatcccacttg_mcf7.aa.t48,resistant
gcgccaatccctaatt_mcf7.aa.t48,resistant
gcgcgatagacacgac_mcf7.aa.t48,resistant
gcgcgattctggtgta_mcf7.aa.t48,resistant
gcgggttagagagctc_mcf7.aa.t48,resistant
gcgggttcatttgctt_mcf7.aa.t48,resistant
gcgggtttcgagaacg_mcf7.aa.t48,resistant
gctcctatcctctagc_mcf7.aa.t48,resistant
gctcctatcgccataa_mcf7.aa.t48,resistant
gctctgtagccacgct_mcf7.aa.t48,resistant
gctctgtagctgcgaa_mcf7.aa.t48,resistant
gctctgtcaaactgct_mcf7.aa.t48,resistant
gctctgtcactcgacg_mcf7.aa.t48,resistant
gctctgtgtcatactg_mcf7.aa.t48,resistant
gctctgttcctcaatt_mcf7.aa.t48,resistant
gctgcagagatgtggc_mcf7.aa.t48,resistant
gctgcagcaagcgatg_mcf7.aa.t48,resistant
gctgcaggtctggaga_mcf7.aa.t48,resistant
gctgcgaagcgatata_mcf7.aa.t48,resistant
gctgcgaagtagtgcg_mcf7.aa.t48,resistant
gctgcgaagtgaattg_mcf7.aa.t48,resistant
gctgcgagtaacgacg_mcf7.aa.t48,resistant
gctgcgagtgcgaaac_mcf7.aa.t48,resistant
gctgcgatcaccatag_mcf7.aa.t48,resistant
gctgcttcaagacgtg_mcf7.aa.t48,resistant
gctgcttcacttacga_mcf7.aa.t48,resistant
gctgcttcaggctgaa_mcf7.aa.t48,resistant
gctgcttcatgatcca_mcf7.aa.t48,resistant
gctgggtagccactat_mcf7.aa.t48,resistant
gctgggttccttgacc_mcf7.aa.t48,resistant
gcttccaagttgtcgt_mcf7.aa.t48,resistant
gcttccacataagaca_mcf7.aa.t48,resistant
gcttccatcaccaggc_mcf7.aa.t48,resistant
gcttccatcatctgcc_mcf7.aa.t48,resistant
gcttccatcctagtga_mcf7.aa.t48,resistant
gcttgaaaggcgacat_mcf7.aa.t48,resistant
gcttgaaagtcatcca_mcf7.aa.t48,resistant
gcttgaacattgtgca_mcf7.aa.t48,resistant
gcttgaagtagaaagg_mcf7.aa.t48,resistant
gcttgaatcacgcata_mcf7.aa.t48,resistant
gcttgaatcctgccat_mcf7.aa.t48,resistant
ggaaagcagatagcat_mcf7.aa.t48,resistant
ggaaagccacattagc_mcf7.aa.t48,resistant
ggaacttaggatggtc_mcf7.aa.t48,resistant
ggaacttagggttccc_mcf7.aa.t48,resistant
ggaacttaggtgcaca_mcf7.aa.t48,resistant
ggaacttgtaaatacg_mcf7.aa.t48,resistant
ggaacttgttgtacac_mcf7.aa.t48,resistant
ggacaagagcgattct_mcf7.aa.t48,resistant
ggacaagtcggtgtcg_mcf7.aa.t48,resistant
ggacaagtctacttac_mcf7.aa.t48,resistant
ggacagaagagcaatt_mcf7.aa.t48,resistant
ggacagaagatgcgac_mcf7.aa.t48,resistant
ggacagaagcgagaaa_mcf7.aa.t48,resistant
ggacagacacgttggc_mcf7.aa.t48,resistant
ggacagacactcgacg_mcf7.aa.t48,resistant
ggacagagtatcgcat_mcf7.aa.t48,resistant
ggacagagtcattagc_mcf7.aa.t48,resistant
ggacagagtccgttaa_mcf7.aa.t48,resistant
ggacagagtctaaaga_mcf7.aa.t48,resistant
ggacagagtgccttgg_mcf7.aa.t48,resistant
ggacagatcggaatct_mcf7.aa.t48,resistant
ggacattagtaccgga_mcf7.aa.t48,resistant
ggacattcaatcagaa_mcf7.aa.t48,resistant
ggacattcaccagatt_mcf7.aa.t48,resistant
ggacattgtacttctt_mcf7.aa.t48,resistant
ggacattgtagcttgt_mcf7.aa.t48,resistant
ggacattgttatccga_mcf7.aa.t48,resistant
ggacgtccatggtagg_mcf7.aa.t48,resistant
ggacgtcgtcagataa_mcf7.aa.t48,resistant
ggagcaacagatctgt_mcf7.aa.t48,resistant
ggagcaacatggaata_mcf7.aa.t48,resistant
ggagcaacattctcat_mcf7.aa.t48,resistant
ggagcaagttggaccc_mcf7.aa.t48,resistant
ggagcaagtttaggaa_mcf7.aa.t48,resistant
ggagcaatcagaaatg_mcf7.aa.t48,resistant
ggatgttagatcgggt_mcf7.aa.t48,resistant
ggatgttaggacgaaa_mcf7.aa.t48,resistant
ggatgtttcgcactct_mcf7.aa.t48,resistant
ggattacagaactcgg_mcf7.aa.t48,resistant
ggattacaggtaaact_mcf7.aa.t48,resistant
ggattacagtggtccc_mcf7.aa.t48,resistant
ggattaccaaggacac_mcf7.aa.t48,resistant
ggattaccacacgctg_mcf7.aa.t48,resistant
ggattaccagcatact_mcf7.aa.t48,resistant
ggattactcccaacgg_mcf7.aa.t48,resistant
ggcaattagaagccca_mcf7.aa.t48,resistant
ggcaattagtcccacg_mcf7.aa.t48,resistant
ggcaattcaatggagc_mcf7.aa.t48,resistant
ggcaattcacatggga_mcf7.aa.t48,resistant
ggcaattgtcaacatc_mcf7.aa.t48,resistant
ggcaattgttgaactc_mcf7.aa.t48,resistant
ggccgatagttgagta_mcf7.aa.t48,resistant
ggccgatgtttagctg_mcf7.aa.t48,resistant
ggcgactgtcagaata_mcf7.aa.t48,resistant
ggcgacttcataaccg_mcf7.aa.t48,resistant
ggcgacttcatgctcc_mcf7.aa.t48,resistant
ggcgacttcttgaggt_mcf7.aa.t48,resistant
ggcgtgtcagcagttt_mcf7.aa.t48,resistant
ggcgtgtgtggcccta_mcf7.aa.t48,resistant
ggcgtgttctgccagg_mcf7.aa.t48,resistant
ggctcgaaggaatgga_mcf7.aa.t48,resistant
ggctcgacaatgaaac_mcf7.aa.t48,resistant
ggctcgagtcgctttc_mcf7.aa.t48,resistant
ggctcgatctatcccg_mcf7.aa.t48,resistant
ggctcgatcttccttc_mcf7.aa.t48,resistant
ggctggtaggctatct_mcf7.aa.t48,resistant
ggctggtgtaccgctg_mcf7.aa.t48,resistant
ggctggtgtcccgaca_mcf7.aa.t48,resistant
ggctggttccaatggt_mcf7.aa.t48,resistant
gggaatgagcccaatt_mcf7.aa.t48,resistant
gggaatgaggacatta_mcf7.aa.t48,resistant
gggaatgcaacacgcc_mcf7.aa.t48,resistant
gggaatgcaacgatct_mcf7.aa.t48,resistant
gggaatgcaataacga_mcf7.aa.t48,resistant
gggaatggtctgatca_mcf7.aa.t48,resistant
gggaatgtcatgcaac_mcf7.aa.t48,resistant
gggacctaggtgcaca_mcf7.aa.t48,resistant
gggacctgtaacgcga_mcf7.aa.t48,resistant
gggaccttcactctta_mcf7.aa.t48,resistant
gggagatagcgattct_mcf7.aa.t48,resistant
gggagatagtcttgca_mcf7.aa.t48,resistant
gggagatgtggaaaga_mcf7.aa.t48,resistant
gggagattcgcaggct_mcf7.aa.t48,resistant
gggagattcttcggtc_mcf7.aa.t48,resistant
gggatgaagtcgtact_mcf7.aa.t48,resistant
gggatgacacttcgaa_mcf7.aa.t48,resistant
gggatgagtacttgac_mcf7.aa.t48,resistant
gggatgagtcaaagcg_mcf7.aa.t48,resistant
gggatgatcacatgca_mcf7.aa.t48,resistant
gggcactagctaccgc_mcf7.aa.t48,resistant
gggcactagggcacta_mcf7.aa.t48,resistant
gggcactgtacatgtc_mcf7.aa.t48,resistant
gggcatccagctattg_mcf7.aa.t48,resistant
gggcatctccgcggta_mcf7.aa.t48,resistant
gggtctgcatatggtc_mcf7.aa.t48,resistant
gggtctggtaccggct_mcf7.aa.t48,resistant
gggtctgtcggatgtt_mcf7.aa.t48,resistant
gggttgcaggtgacca_mcf7.aa.t48,resistant
gggttgccaatggtct_mcf7.aa.t48,resistant
gggttgccacccagtg_mcf7.aa.t48,resistant
gggttgccaggctgaa_mcf7.aa.t48,resistant
gggttgccattggtac_mcf7.aa.t48,resistant
gggttgcgtcagataa_mcf7.aa.t48,resistant
gggttgcgtgcactta_mcf7.aa.t48,resistant
ggtattgagtgctgcc_mcf7.aa.t48,resistant
ggtattgcacacgctg_mcf7.aa.t48,resistant
ggtattgcaccgaaag_mcf7.aa.t48,resistant
ggtattgtcaatcacg_mcf7.aa.t48,resistant
ggtgaagagggcttcc_mcf7.aa.t48,resistant
ggtgaagaggtcatct_mcf7.aa.t48,resistant
ggtgaagaggtgtggt_mcf7.aa.t48,resistant
ggtgaaggtggtccgt_mcf7.aa.t48,resistant
ggtgcgtcaaacccat_mcf7.aa.t48,resistant
ggtgcgtcagacgctc_mcf7.aa.t48,resistant
ggtgcgtcagctccga_mcf7.aa.t48,resistant
ggtgcgttccgagcca_mcf7.aa.t48,resistant
ggtgttacaagcgatg_mcf7.aa.t48,resistant
ggtgttagttccacgg_mcf7.aa.t48,resistant
ggtgttatcagaggtg_mcf7.aa.t48,resistant
gtaacgtgttcgctaa_mcf7.aa.t48,resistant
gtaacgttcactattc_mcf7.aa.t48,resistant
gtaacgttcttgagac_mcf7.aa.t48,resistant
gtaactgagatcccgc_mcf7.aa.t48,resistant
gtaactgcaagtcatc_mcf7.aa.t48,resistant
gtaactggttccgtct_mcf7.aa.t48,resistant
gtacgtaagaccggat_mcf7.aa.t48,resistant
gtacgtaagacttgaa_mcf7.aa.t48,resistant
gtacgtagtatatccg_mcf7.aa.t48,resistant
gtactcccaggtcgtc_mcf7.aa.t48,resistant
gtactccgtctctcgt_mcf7.aa.t48,resistant
gtactcctctgcccta_mcf7.aa.t48,resistant
gtactcctcttagagc_mcf7.aa.t48,resistant
gtactttcagggcata_mcf7.aa.t48,resistant
gtactttgtgagtata_mcf7.aa.t48,resistant
gtactttgttcccgag_mcf7.aa.t48,resistant
gtacttttctggcgtg_mcf7.aa.t48,resistant
gtaggccaggtgtggt_mcf7.aa.t48,resistant
gtaggcccaagacacg_mcf7.aa.t48,resistant
gtaggccgtagcgcaa_mcf7.aa.t48,resistant
gtaggccgtccgaaga_mcf7.aa.t48,resistant
gtaggccgttcggcac_mcf7.aa.t48,resistant
gtagtcaagcccaatt_mcf7.aa.t48,resistant
gtagtcacacaccgca_mcf7.aa.t48,resistant
gtagtcagtggcccta_mcf7.aa.t48,resistant
gtatcttagtaggtgc_mcf7.aa.t48,resistant
gtatcttcacgactcg_mcf7.aa.t48,resistant
gtatcttcactaagtc_mcf7.aa.t48,resistant
gtatcttcagtttacg_mcf7.aa.t48,resistant
gtattctcaccagatt_mcf7.aa.t48,resistant
gtattctgtgagggag_mcf7.aa.t48,resistant
gtattctgttcacctc_mcf7.aa.t48,resistant
gtattctgtttactct_mcf7.aa.t48,resistant
gtcaagtagaacaatc_mcf7.aa.t48,resistant
gtcaagtagctaacaa_mcf7.aa.t48,resistant
gtcaagtagttgtaga_mcf7.aa.t48,resistant
gtcaagtgtgttcttt_mcf7.aa.t48,resistant
gtcaagttcgtgggaa_mcf7.aa.t48,resistant
gtcacaaagctaccgc_mcf7.aa.t48,resistant
gtcacaaaggcattgg_mcf7.aa.t48,resistant
gtcacaatccacgcag_mcf7.aa.t48,resistant
gtcacaatctactatc_mcf7.aa.t48,resistant
gtcatttgtttgtttc_mcf7.aa.t48,resistant
gtcctcacacaacgtt_mcf7.aa.t48,resistant
gtcctcagtatcgcat_mcf7.aa.t48,resistant
gtcgggtagttagcgg_mcf7.aa.t48,resistant
gtcgggtcagctgcac_mcf7.aa.t48,resistant
gtcgggtgtcctccat_mcf7.aa.t48,resistant
gtcgggttccgtagta_mcf7.aa.t48,resistant
gtcgtaacactgttag_mcf7.aa.t48,resistant
gtcgtaagtatggttc_mcf7.aa.t48,resistant
gtcgtaagtgacaaat_mcf7.aa.t48,resistant
gtcgtaatctgcagta_mcf7.aa.t48,resistant
gtctcgtcaatagcaa_mcf7.aa.t48,resistant
gtcttcgagttaccca_mcf7.aa.t48,resistant
gtcttcggtcattagc_mcf7.aa.t48,resistant
gtcttcggtccgtcag_mcf7.aa.t48,resistant
gtcttcggttcgggct_mcf7.aa.t48,resistant
gtcttcgtcaacggcc_mcf7.aa.t48,resistant
gtcttcgtcaccatag_mcf7.aa.t48,resistant
gtgaaggagagttggc_mcf7.aa.t48,resistant
gtgaaggagcatcatc_mcf7.aa.t48,resistant
gtgaaggagccctaat_mcf7.aa.t48,resistant
gtgaaggagcgagaaa_mcf7.aa.t48,resistant
gtgaaggagctgccca_mcf7.aa.t48,resistant
gtgaaggaggccctca_mcf7.aa.t48,resistant
gtgaaggagtatcgaa_mcf7.aa.t48,resistant
gtgaaggcacggtgtc_mcf7.aa.t48,resistant
gtgaagggttgacgtt_mcf7.aa.t48,resistant
gtgaaggtcgaatggg_mcf7.aa.t48,resistant
gtgcagccaaagaatc_mcf7.aa.t48,resistant
gtgcagccacctggtg_mcf7.aa.t48,resistant
gtgcagccacggttta_mcf7.aa.t48,resistant
gtgcagctcaccctca_mcf7.aa.t48,resistant
gtgcagctccgcatct_mcf7.aa.t48,resistant
gtgcagctcggcatcg_mcf7.aa.t48,resistant
gtgcatacacgactcg_mcf7.aa.t48,resistant
gtgcatagtagctaaa_mcf7.aa.t48,resistant
gtgcatatcacccgag_mcf7.aa.t48,resistant
gtgcatatcggatgtt_mcf7.aa.t48,resistant
gtgcggtaggtgacca_mcf7.aa.t48,resistant
gtgcggttcaccacct_mcf7.aa.t48,resistant
gtgcggttcggtgtta_mcf7.aa.t48,resistant
gtgcttcagagggata_mcf7.aa.t48,resistant
gtgggtcagcaccgtc_mcf7.aa.t48,resistant
gtgggtccacaagccc_mcf7.aa.t48,resistant
gtgggtcgtaagtggc_mcf7.aa.t48,resistant
gtgtgcgagatgcgac_mcf7.aa.t48,resistant
gtgtgcgagctccttc_mcf7.aa.t48,resistant
gtgtgcgagggatggg_mcf7.aa.t48,resistant
gtgtgcggtcaatacc_mcf7.aa.t48,resistant
gtgtgcggttcagcgc_mcf7.aa.t48,resistant
gtgtgcggttgattgc_mcf7.aa.t48,resistant
gtgtgcgtcgtcacgg_mcf7.aa.t48,resistant
gtgttagcaatcacac_mcf7.aa.t48,resistant
gtgttagcagctcgca_mcf7.aa.t48,resistant
gtgttaggtaccgaga_mcf7.aa.t48,resistant
gtgttaggtcatatgc_mcf7.aa.t48,resistant
gttaagcagtatgaca_mcf7.aa.t48,resistant
gttaagccaataagca_mcf7.aa.t48,resistant
gttaagccatggttgt_mcf7.aa.t48,resistant
gttaagcgtgctcttc_mcf7.aa.t48,resistant
gttaagctcctagaac_mcf7.aa.t48,resistant
gttaagctctttagtc_mcf7.aa.t48,resistant
gttacagagcaatatg_mcf7.aa.t48,resistant
gttacagcaaagtcaa_mcf7.aa.t48,resistant
gttacaggtgcgcttg_mcf7.aa.t48,resistant
gttacaggtgcggtaa_mcf7.aa.t48,resistant
gttacaggttgtcgcg_mcf7.aa.t48,resistant
gttacagtcaaacaag_mcf7.aa.t48,resistant
gttacagtcacttact_mcf7.aa.t48,resistant
gttcattagcacaggt_mcf7.aa.t48,resistant
gttcattagtcgccgt_mcf7.aa.t48,resistant
gttcattcagggttag_mcf7.aa.t48,resistant
gttcattgtacatgtc_mcf7.aa.t48,resistant
gttcattgttcccgag_mcf7.aa.t48,resistant
gttcatttctggttcc_mcf7.aa.t48,resistant
gttcgggcactgtcgg_mcf7.aa.t48,resistant
gttcggggtcaatacc_mcf7.aa.t48,resistant
gttctcgagatgcgac_mcf7.aa.t48,resistant
gttctcgagtggtccc_mcf7.aa.t48,resistant
gttctcgcacaacgtt_mcf7.aa.t48,resistant
gttctcgcagccacca_mcf7.aa.t48,resistant
gttctcggtgtggttt_mcf7.aa.t48,resistant
gttctcggttacgtca_mcf7.aa.t48,resistant
gtttctacaccgaatt_mcf7.aa.t48,resistant
gtttctacagggcata_mcf7.aa.t48,resistant
gtttctagtcttcaag_mcf7.aa.t48,resistant
taaaccgaggagtctg_mcf7.aa.t48,resistant
taaaccgagtatcgaa_mcf7.aa.t48,resistant
taagagaagaccggat_mcf7.aa.t48,resistant
taagagaagctgttca_mcf7.aa.t48,resistant
taagagacactctgtc_mcf7.aa.t48,resistant
taagagacagcagttt_mcf7.aa.t48,resistant
taagcgtcatgctagt_mcf7.aa.t48,resistant
taagtgcagcggcttc_mcf7.aa.t48,resistant
taagtgcgtaacgttc_mcf7.aa.t48,resistant
taagtgctcaacacac_mcf7.aa.t48,resistant
taagtgctcctgtacc_mcf7.aa.t48,resistant
tacacgaaggaatgga_mcf7.aa.t48,resistant
tacacgaagtaaccct_mcf7.aa.t48,resistant
tacagtgagaacaact_mcf7.aa.t48,resistant
tacagtgagccacgtc_mcf7.aa.t48,resistant
tacagtgagtcgataa_mcf7.aa.t48,resistant
tacagtgcaatggagc_mcf7.aa.t48,resistant
tacagtgcattcactt_mcf7.aa.t48,resistant
tacagtggttaaagac_mcf7.aa.t48,resistant
tacagtgtcggctacg_mcf7.aa.t48,resistant
tacctataggatgtat_mcf7.aa.t48,resistant
tacctatgtgttcgat_mcf7.aa.t48,resistant
tacctattcatcaccc_mcf7.aa.t48,resistant
tacctattccacgacg_mcf7.aa.t48,resistant
taccttaagaacaact_mcf7.aa.t48,resistant
taccttaagaactcgg_mcf7.aa.t48,resistant
taccttaagtgaacat_mcf7.aa.t48,resistant
taccttacaagggtca_mcf7.aa.t48,resistant
taccttacatcggacc_mcf7.aa.t48,resistant
taccttatcgagccca_mcf7.aa.t48,resistant
tacggattcatagcac_mcf7.aa.t48,resistant
tacgggcagctgaaat_mcf7.aa.t48,resistant
tacgggctcctatgtt_mcf7.aa.t48,resistant
tacggtaagctaccta_mcf7.aa.t48,resistant
tacggtacacggacaa_mcf7.aa.t48,resistant
tacggtatccagggct_mcf7.aa.t48,resistant
tactcattccgaatgt_mcf7.aa.t48,resistant
tactcgcagaaaccta_mcf7.aa.t48,resistant
tactcgccacttaacg_mcf7.aa.t48,resistant
tactcgcgtcgaatct_mcf7.aa.t48,resistant
tactcgctcatctgcc_mcf7.aa.t48,resistant
tactcgctcctgcagg_mcf7.aa.t48,resistant
tacttacagttgtaga_mcf7.aa.t48,resistant
tacttacgtccatcct_mcf7.aa.t48,resistant
tacttactccacgtgg_mcf7.aa.t48,resistant
tacttgtgtagcctcg_mcf7.aa.t48,resistant
tacttgtgtcgcatat_mcf7.aa.t48,resistant
tacttgttcacttatc_mcf7.aa.t48,resistant
tacttgttcctaagtg_mcf7.aa.t48,resistant
tagaccaagctctcgg_mcf7.aa.t48,resistant
tagaccacaaggactg_mcf7.aa.t48,resistant
tagaccacaatggtct_mcf7.aa.t48,resistant
tagaccagttgcgcac_mcf7.aa.t48,resistant
tagaccatcctacaga_mcf7.aa.t48,resistant
tagaccatcctcgcat_mcf7.aa.t48,resistant
tagaccatcctgtacc_mcf7.aa.t48,resistant
tagagctgtaagagga_mcf7.aa.t48,resistant
tagagcttcaatcacg_mcf7.aa.t48,resistant
tagccggagacaggct_mcf7.aa.t48,resistant
tagccggagatcctgt_mcf7.aa.t48,resistant
tagccgggtaccagtt_mcf7.aa.t48,resistant
tagccgggtgctcttc_mcf7.aa.t48,resistant
tagccgggttgattcg_mcf7.aa.t48,resistant
tagccggtcaacacca_mcf7.aa.t48,resistant
tagccggtcgcgtttc_mcf7.aa.t48,resistant
tagccggtctatcgcc_mcf7.aa.t48,resistant
taggcattcgtggtcg_mcf7.aa.t48,resistant
tagtggtagggtctcc_mcf7.aa.t48,resistant
tagtggtcaccgttgg_mcf7.aa.t48,resistant
tagtggttcatcgctc_mcf7.aa.t48,resistant
tagttggagatccgag_mcf7.aa.t48,resistant
tagttggagccagaac_mcf7.aa.t48,resistant
tagttggaggacacca_mcf7.aa.t48,resistant
tagttggaggatcgca_mcf7.aa.t48,resistant
tagttggcacttctgc_mcf7.aa.t48,resistant
tagttggtctccggtt_mcf7.aa.t48,resistant
tatcaggcatcagtca_mcf7.aa.t48,resistant
tatcaggtcgcctgag_mcf7.aa.t48,resistant
tatctcaagattaccc_mcf7.aa.t48,resistant
tatctcacatcccatc_mcf7.aa.t48,resistant
tatctcacatcggaag_mcf7.aa.t48,resistant
tatctcagtcaaactc_mcf7.aa.t48,resistant
tatctcatcattcact_mcf7.aa.t48,resistant
tatgccccattgtgca_mcf7.aa.t48,resistant
tatgccctctcgatga_mcf7.aa.t48,resistant
tattaccagccagaac_mcf7.aa.t48,resistant
tattaccagtgtttgc_mcf7.aa.t48,resistant
tattacccacggacaa_mcf7.aa.t48,resistant
tcaacgacacaccgac_mcf7.aa.t48,resistant
tcaacgacatcggtta_mcf7.aa.t48,resistant
tcaacgagtctctctg_mcf7.aa.t48,resistant
tcaacgatcacatacg_mcf7.aa.t48,resistant
tcaacgatcaccctca_mcf7.aa.t48,resistant
tcaacgatcaggatct_mcf7.aa.t48,resistant
tcaacgatctttagtc_mcf7.aa.t48,resistant
tcaatctaggcaatta_mcf7.aa.t48,resistant
tcaatctaggcgatac_mcf7.aa.t48,resistant
tcaatcttcaaccatg_mcf7.aa.t48,resistant
tcaatcttcattcact_mcf7.aa.t48,resistant
tcacaagcacgtaagg_mcf7.aa.t48,resistant
tcacaaggtgactact_mcf7.aa.t48,resistant
tcacgaaaggatcgca_mcf7.aa.t48,resistant
tcacgaacagccacca_mcf7.aa.t48,resistant
tcacgaatcaacactg_mcf7.aa.t48,resistant
tcacgaatcgcgtagc_mcf7.aa.t48,resistant
tcacgaatcgtggacc_mcf7.aa.t48,resistant
tcagatgcacagtcgc_mcf7.aa.t48,resistant
tcagatgtcactctta_mcf7.aa.t48,resistant
tcagatgtcgcatgat_mcf7.aa.t48,resistant
tcagatgtcggttaac_mcf7.aa.t48,resistant
tcagcaacatcaccct_mcf7.aa.t48,resistant
tcagcaatcacgacta_mcf7.aa.t48,resistant
tcagcaatctcaagtg_mcf7.aa.t48,resistant
tcagctccatctacga_mcf7.aa.t48,resistant
tcagctcgtccagtgc_mcf7.aa.t48,resistant
tcagctctcatgcatg_mcf7.aa.t48,resistant
tcaggatagcgttccg_mcf7.aa.t48,resistant
tcaggatcacatccgg_mcf7.aa.t48,resistant
tcaggatcatcggaag_mcf7.aa.t48,resistant
tcaggatgtcgcgtgt_mcf7.aa.t48,resistant
tcaggatgtctgcaat_mcf7.aa.t48,resistant
tcaggatgttacagaa_mcf7.aa.t48,resistant
tcaggtaagctaactc_mcf7.aa.t48,resistant
tcattacagtcaatag_mcf7.aa.t48,resistant
tcattactcgcgccaa_mcf7.aa.t48,resistant
tcattactctttacgt_mcf7.aa.t48,resistant
tcatttggtataaacg_mcf7.aa.t48,resistant
tcatttgtcaacggcc_mcf7.aa.t48,resistant
tcatttgtcgtccgtt_mcf7.aa.t48,resistant
tccacaccaccgttgg_mcf7.aa.t48,resistant
tccacaccatcgattg_mcf7.aa.t48,resistant
tcccgatgtgacggta_mcf7.aa.t48,resistant
tcccgattcaccgggt_mcf7.aa.t48,resistant
tcccgattccttaatc_mcf7.aa.t48,resistant
tcgaggccactcgacg_mcf7.aa.t48,resistant
tcgaggcgtaggagtc_mcf7.aa.t48,resistant
tcgaggcgttggtaaa_mcf7.aa.t48,resistant
tcgaggctcccattat_mcf7.aa.t48,resistant
tcgcgagagacctagg_mcf7.aa.t48,resistant
tcgcgagagagctata_mcf7.aa.t48,resistant
tcgcgagagtggtccc_mcf7.aa.t48,resistant
tcgcgagcagtgacag_mcf7.aa.t48,resistant
tcgcgaggttacgtca_mcf7.aa.t48,resistant
tcgcgagtcatctgtt_mcf7.aa.t48,resistant
tcgcgagtcgaactgt_mcf7.aa.t48,resistant
tcgcgttcaatccaac_mcf7.aa.t48,resistant
tcgcgttcattgcggc_mcf7.aa.t48,resistant
tcgcgttgtgcagaca_mcf7.aa.t48,resistant
tcgggacagggtttct_mcf7.aa.t48,resistant
tcggtaagtctagcgc_mcf7.aa.t48,resistant
tcggtaagtgacggta_mcf7.aa.t48,resistant
tcggtaatcgctgata_mcf7.aa.t48,resistant
tcggtaatcttgacga_mcf7.aa.t48,resistant
tcgtaccagagcttct_mcf7.aa.t48,resistant
tcgtaccagtgaattg_mcf7.aa.t48,resistant
tcgtacccaagcgagt_mcf7.aa.t48,resistant
tcgtaccgtttgtttc_mcf7.aa.t48,resistant
tcgtacctcaaggctt_mcf7.aa.t48,resistant
tcgtacctcgtttatc_mcf7.aa.t48,resistant
tcgtagaagggatggg_mcf7.aa.t48,resistant
tcgtagagtagcgcaa_mcf7.aa.t48,resistant
tcgtagagttctcatt_mcf7.aa.t48,resistant
tcgtagatcagcacat_mcf7.aa.t48,resistant
tctattgagagactta_mcf7.aa.t48,resistant
tctattgagtagccga_mcf7.aa.t48,resistant
tctattgcacaagacg_mcf7.aa.t48,resistant
tctattggtccatgat_mcf7.aa.t48,resistant
tctattggtctcttat_mcf7.aa.t48,resistant
tctattgtcgaatcca_mcf7.aa.t48,resistant
tctcataaggcacatg_mcf7.aa.t48,resistant
tctcataagtcgtttg_mcf7.aa.t48,resistant
tctcatacaagttgtc_mcf7.aa.t48,resistant
tctcatacacatgtgt_mcf7.aa.t48,resistant
tctcatacagggtaca_mcf7.aa.t48,resistant
tctcatacaggtgcct_mcf7.aa.t48,resistant
tctcatagtagcgcaa_mcf7.aa.t48,resistant
tctcatagtcatatcg_mcf7.aa.t48,resistant
tctcatatccactggg_mcf7.aa.t48,resistant
tctctaaagggaacgg_mcf7.aa.t48,resistant
tctctaagtagcacga_mcf7.aa.t48,resistant
tctctaatcataaagg_mcf7.aa.t48,resistant
tctgagaagcgacgta_mcf7.aa.t48,resistant
tctgagagtgactact_mcf7.aa.t48,resistant
tctgagatcgagaacg_mcf7.aa.t48,resistant
tctggaaagaaacgcc_mcf7.aa.t48,resistant
tctggaaagtatcgaa_mcf7.aa.t48,resistant
tctggaagtcacttcc_mcf7.aa.t48,resistant
tctggaagtcatgccg_mcf7.aa.t48,resistant
tctggaatcatgctcc_mcf7.aa.t48,resistant
tcttcggcagtatctg_mcf7.aa.t48,resistant
tctttccagaagccca_mcf7.aa.t48,resistant
tctttcccatctatgg_mcf7.aa.t48,resistant
tctttccgtctagtca_mcf7.aa.t48,resistant
tctttcctcaccgtaa_mcf7.aa.t48,resistant
tctttcctccagagga_mcf7.aa.t48,resistant
tgaaagaaggctaggt_mcf7.aa.t48,resistant
tgaaagacaccgttgg_mcf7.aa.t48,resistant
tgaaagacattgcggc_mcf7.aa.t48,resistant
tgaaagatcagtttgg_mcf7.aa.t48,resistant
tgaaagatcatcgatg_mcf7.aa.t48,resistant
tgacaacagtctcctc_mcf7.aa.t48,resistant
tgacaaccacgaaata_mcf7.aa.t48,resistant
tgacaaccatggttgt_mcf7.aa.t48,resistant
tgacaacgttacagaa_mcf7.aa.t48,resistant
tgacggcagtctcggc_mcf7.aa.t48,resistant
tgacggcgtcgttgta_mcf7.aa.t48,resistant
tgacggcgtctagcgc_mcf7.aa.t48,resistant
tgacggctcataaccg_mcf7.aa.t48,resistant
tgacggctctatgtgg_mcf7.aa.t48,resistant
tgactagaggagcgag_mcf7.aa.t48,resistant
tgactagagggtcgat_mcf7.aa.t48,resistant
tgactagagtgcgatg_mcf7.aa.t48,resistant
tgactagcacagacag_mcf7.aa.t48,resistant
tgactagtcatcgctc_mcf7.aa.t48,resistant
tgactttcatctcgct_mcf7.aa.t48,resistant
tgagaggagatctgaa_mcf7.aa.t48,resistant
tgagaggtctgggcca_mcf7.aa.t48,resistant
tgagaggtctggttcc_mcf7.aa.t48,resistant
tgagcatagtagcggt_mcf7.aa.t48,resistant
tgagcatagtcatcca_mcf7.aa.t48,resistant
tgagcatcacggctac_mcf7.aa.t48,resistant
tgagcattctatgtgg_mcf7.aa.t48,resistant
tgagccgagatgtgta_mcf7.aa.t48,resistant
tgagccgagtgttgaa_mcf7.aa.t48,resistant
tgagccgcaagaggct_mcf7.aa.t48,resistant
tgagccggtatatccg_mcf7.aa.t48,resistant
tgagccgtcgtgacat_mcf7.aa.t48,resistant
tgagccgtctatcccg_mcf7.aa.t48,resistant
tgagggaagtacgccc_mcf7.aa.t48,resistant
tgagggaagtttagga_mcf7.aa.t48,resistant
tgagggacaaggacac_mcf7.aa.t48,resistant
tgagggagttagtggg_mcf7.aa.t48,resistant
tgagggatcctgtacc_mcf7.aa.t48,resistant
tgatttcagagttggc_mcf7.aa.t48,resistant
tgatttcagggttccc_mcf7.aa.t48,resistant
tgcacctagacaggct_mcf7.aa.t48,resistant
tgcacctagctagtgg_mcf7.aa.t48,resistant
tgcacctaggaatcgc_mcf7.aa.t48,resistant
tgcacctcagggtatg_mcf7.aa.t48,resistant
tgcacctgtgataagt_mcf7.aa.t48,resistant
tgccaaaaggacatta_mcf7.aa.t48,resistant
tgccaaaaggcacatg_mcf7.aa.t48,resistant
tgccaaaagtcgataa_mcf7.aa.t48,resistant
tgccaaaagtgaacat_mcf7.aa.t48,resistant
tgccaaagtggctcca_mcf7.aa.t48,resistant
tgccaaatccctaacc_mcf7.aa.t48,resistant
tgcccatcaatgaatg_mcf7.aa.t48,resistant
tgcccatcagctcgca_mcf7.aa.t48,resistant
tgcccatgtatagggc_mcf7.aa.t48,resistant
tgcccatgtataggta_mcf7.aa.t48,resistant
tgcccatgtcggcatc_mcf7.aa.t48,resistant
tgcccatgtgcgaaac_mcf7.aa.t48,resistant
tgcccattcggccgat_mcf7.aa.t48,resistant
tgcccattctaactgg_mcf7.aa.t48,resistant
tgccctaagacgcaac_mcf7.aa.t48,resistant
tgccctaagtgggcta_mcf7.aa.t48,resistant
tgccctaagttcgcat_mcf7.aa.t48,resistant
tgccctacaataacga_mcf7.aa.t48,resistant
tgccctacagattgct_mcf7.aa.t48,resistant
tgccctagtaggacac_mcf7.aa.t48,resistant
tgccctatcaacgcta_mcf7.aa.t48,resistant
tgccctatcggcttgg_mcf7.aa.t48,resistant
tgcgcaggtcgcttct_mcf7.aa.t48,resistant
tgcgcaggtcggcatc_mcf7.aa.t48,resistant
tgcgggtagcgtcaag_mcf7.aa.t48,resistant
tgcgggtagtggtagc_mcf7.aa.t48,resistant
tgcgggtcacccattc_mcf7.aa.t48,resistant
tgcgggtgttgtcttt_mcf7.aa.t48,resistant
tgcgggttcttgggta_mcf7.aa.t48,resistant
tgcgtgggtgcactta_mcf7.aa.t48,resistant
tgcgtggtcctgtaga_mcf7.aa.t48,resistant
tgctaccagcacaggt_mcf7.aa.t48,resistant
tgctaccaggcccttg_mcf7.aa.t48,resistant
tgctacccaaggacac_mcf7.aa.t48,resistant
tgctacctccctaacc_mcf7.aa.t48,resistant
tgctgctcaggatcga_mcf7.aa.t48,resistant
tgctgcttctatcccg_mcf7.aa.t48,resistant
tggacgccagctgtgc_mcf7.aa.t48,resistant
tggccagagagagctc_mcf7.aa.t48,resistant
tggccaggttatgcgt_mcf7.aa.t48,resistant
tggcgcaagagtaatc_mcf7.aa.t48,resistant
tggctggagacacgac_mcf7.aa.t48,resistant
tggctggagatgggtc_mcf7.aa.t48,resistant
tggctggcaatcgaaa_mcf7.aa.t48,resistant
tggctgggtgagggtt_mcf7.aa.t48,resistant
tgggaaggtcgctttc_mcf7.aa.t48,resistant
tgggaaggtctctcgt_mcf7.aa.t48,resistant
tgggaagtccgtcatc_mcf7.aa.t48,resistant
tgggcgtcacaactgt_mcf7.aa.t48,resistant
tggttagagacgcaca_mcf7.aa.t48,resistant
tggttagcacccattc_mcf7.aa.t48,resistant
tggttagtcaatcacg_mcf7.aa.t48,resistant
tggttccaggctatct_mcf7.aa.t48,resistant
tggttcctcactcctg_mcf7.aa.t48,resistant
tggttcctcatggtca_mcf7.aa.t48,resistant
tggttcctccttggtc_mcf7.aa.t48,resistant
tgtattcagatcgata_mcf7.aa.t48,resistant
tgtattccatcaccct_mcf7.aa.t48,resistant
tgtattccatgttccc_mcf7.aa.t48,resistant
tgtattctcacaaacc_mcf7.aa.t48,resistant
tgtcccaagccctaat_mcf7.aa.t48,resistant
tgtcccacagctgtta_mcf7.aa.t48,resistant
tgtcccacaggaccct_mcf7.aa.t48,resistant
tgtcccacatcgggtc_mcf7.aa.t48,resistant
tgtcccacattggcgc_mcf7.aa.t48,resistant
tgtcccatcacttact_mcf7.aa.t48,resistant
tgtggtaagaattccc_mcf7.aa.t48,resistant
tgtggtacaccaccag_mcf7.aa.t48,resistant
tgtggtacagatctgt_mcf7.aa.t48,resistant
tgtggtacatacgcta_mcf7.aa.t48,resistant
tgtggtacatgctggc_mcf7.aa.t48,resistant
tgtggtatccactggg_mcf7.aa.t48,resistant
tgtggtatcctgtacc_mcf7.aa.t48,resistant
tgtggtatcggatgtt_mcf7.aa.t48,resistant
tgtggtatctcaactt_mcf7.aa.t48,resistant
tgtgtttagttccaca_mcf7.aa.t48,resistant
tgtgtttcattgcggc_mcf7.aa.t48,resistant
tgtgtttgtacaccgc_mcf7.aa.t48,resistant
tgttccgcagctgtta_mcf7.aa.t48,resistant
tgttccgtcccttgca_mcf7.aa.t48,resistant
ttaactcaggacacca_mcf7.aa.t48,resistant
ttaactccattgagct_mcf7.aa.t48,resistant
ttaactcgtaagggaa_mcf7.aa.t48,resistant
ttaactcgtccgacgt_mcf7.aa.t48,resistant
ttaactcgtcggcact_mcf7.aa.t48,resistant
ttaggaccaaggtttc_mcf7.aa.t48,resistant
ttaggaccactgtgta_mcf7.aa.t48,resistant
ttaggacgtgataagt_mcf7.aa.t48,resistant
ttaggcaaggatggtc_mcf7.aa.t48,resistant
ttaggcaagtgttaga_mcf7.aa.t48,resistant
ttaggcaagttaacga_mcf7.aa.t48,resistant
ttaggcacaagagtcg_mcf7.aa.t48,resistant
ttaggcacattgcggc_mcf7.aa.t48,resistant
ttaggcacattggcgc_mcf7.aa.t48,resistant
ttaggcagtcggcatc_mcf7.aa.t48,resistant
ttaggcatcttgggta_mcf7.aa.t48,resistant
ttagttcgtcgccatg_mcf7.aa.t48,resistant
ttagttctctccctga_mcf7.aa.t48,resistant
ttatgctcatctatgg_mcf7.aa.t48,resistant
ttatgctcattcctcg_mcf7.aa.t48,resistant
ttatgctgtggaaaga_mcf7.aa.t48,resistant
ttatgcttcgaactgt_mcf7.aa.t48,resistant
ttatgcttcgagccca_mcf7.aa.t48,resistant
ttcccagcagtacact_mcf7.aa.t48,resistant
ttcccagcatacgcta_mcf7.aa.t48,resistant
ttcccaggtcgaaagc_mcf7.aa.t48,resistant
ttcccagtcagtttgg_mcf7.aa.t48,resistant
ttcccagtcggctacg_mcf7.aa.t48,resistant
ttcgaagagcgatgac_mcf7.aa.t48,resistant
ttcggtcagatcctgt_mcf7.aa.t48,resistant
ttcggtcagggtttct_mcf7.aa.t48,resistant
ttcggtccaccaccag_mcf7.aa.t48,resistant
ttcggtccaggatcga_mcf7.aa.t48,resistant
ttcggtccagtcagcc_mcf7.aa.t48,resistant
ttcggtcgtagcaaat_mcf7.aa.t48,resistant
ttctacaagttagcgg_mcf7.aa.t48,resistant
ttctacacacttacga_mcf7.aa.t48,resistant
ttctacatcgcgatcg_mcf7.aa.t48,resistant
ttctcaaagatagtca_mcf7.aa.t48,resistant
ttctcaacaagctgtt_mcf7.aa.t48,resistant
ttctcaacacaggttt_mcf7.aa.t48,resistant
ttctcaagtactctcc_mcf7.aa.t48,resistant
ttctcaagttcgtctc_mcf7.aa.t48,resistant
ttctcaatctacttac_mcf7.aa.t48,resistant
ttctcctgttccaaca_mcf7.aa.t48,resistant
ttcttagagagcccaa_mcf7.aa.t48,resistant
ttcttaggtcaacatc_mcf7.aa.t48,resistant
ttcttagtccaaatgc_mcf7.aa.t48,resistant
ttgaacgagaatgtgt_mcf7.aa.t48,resistant
ttgaacgagacttgaa_mcf7.aa.t48,resistant
ttgaacgaggaattac_mcf7.aa.t48,resistant
ttgaacgcaactgcgc_mcf7.aa.t48,resistant
ttgaacgcatcgtcgg_mcf7.aa.t48,resistant
ttgaacggtgtttgtg_mcf7.aa.t48,resistant
ttgacttcatcccact_mcf7.aa.t48,resistant
ttgacttcatggtagg_mcf7.aa.t48,resistant
ttgacttgtctcccta_mcf7.aa.t48,resistant
ttgactttctctgaga_mcf7.aa.t48,resistant
ttgactttctgttgag_mcf7.aa.t48,resistant
ttgccgtgtcaatacc_mcf7.aa.t48,resistant
ttgccgttcaccaggc_mcf7.aa.t48,resistant
ttgccgttcaggccca_mcf7.aa.t48,resistant
ttgcgtcagaaggaca_mcf7.aa.t48,resistant
ttggaacagcgatata_mcf7.aa.t48,resistant
ttggaacagtccatac_mcf7.aa.t48,resistant
ttggaaccaagttaag_mcf7.aa.t48,resistant
ttggaaccaatcagaa_mcf7.aa.t48,resistant
ttggcaaagctggaac_mcf7.aa.t48,resistant
ttggcaaagggaaaca_mcf7.aa.t48,resistant
ttgtaggagacgcttt_mcf7.aa.t48,resistant
ttgtaggcagtataag_mcf7.aa.t48,resistant
ttgtaggtcacaaacc_mcf7.aa.t48,resistant
ttgtaggtccgcatct_mcf7.aa.t48,resistant
ttgtaggtctcgttta_mcf7.aa.t48,resistant
tttactgagcaccgtc_mcf7.aa.t48,resistant
tttactgaggtagcca_mcf7.aa.t48,resistant
tttactggtgtggctc_mcf7.aa.t48,resistant
tttactgtcagctggc_mcf7.aa.t48,resistant
tttactgtcccaagat_mcf7.aa.t48,resistant
tttactgtcggaggta_mcf7.aa.t48,resistant
tttatgcagatctgct_mcf7.aa.t48,resistant
tttatgcagctgtcta_mcf7.aa.t48,resistant
tttatgccaccctatc_mcf7.aa.t48,resistant
tttatgctcagtacgt_mcf7.aa.t48,resistant
tttatgctcgcgatcg_mcf7.aa.t48,resistant
tttcctcagctcctct_mcf7.aa.t48,resistant
tttcctctcacaatgc_mcf7.aa.t48,resistant
tttgcgcagacaagcc_mcf7.aa.t48,resistant
tttgcgcagcccaacc_mcf7.aa.t48,resistant
tttgcgcgtgtgcctg_mcf7.aa.t48,resistant
tttgcgctcaccatag_mcf7.aa.t48,resistant
tttgcgctcttgtcat_mcf7.aa.t48,resistant
tttggttagctttggt_mcf7.aa.t48,resistant
tttggttagtgcaagc_mcf7.aa.t48,resistant
tttggttcaacaacct_mcf7.aa.t48,resistant
tttggtttcctctagc_mcf7.aa.t48,resistant
tttggtttcctttctc_mcf7.aa.t48,resistant
tttgtcaagagtctgg_mcf7.aa.t48,resistant
tttgtcacatggtcta_mcf7.aa.t48,resistant
