cell,label
aaacctgagccatcgc_mcf7.aa.t0,sensitive
aaacctggtcggctca_mcf7.aa.t0,sensitive
aaacctgtccgatatg_mcf7.aa.t0,sensitive
aaacgggcagtaagcg_mcf7.aa.t0,sensitive
aaacggggtccatgat_mcf7.aa.t0,sensitive
aaagatgcaagctgtt_mcf7.aa.t0,sensitive
aaagatggtctcttat_mcf7.aa.t0,sensitive
aaagatggtgataaac_mcf7.aa.t0,sensitive
aaagcaaagtgtacgg_mcf7.aa.t0,sensitive
aaagcaaagtgtactc_mcf7.aa.t0,sensitive
aaagcaaagttaagtg_mcf7.aa.t0,sensitive
aaagcaacacgaaagc_mcf7.aa.t0,sensitive
aaagcaacatcaccct_mcf7.aa.t0,sensitive
aaagtagcagatccat_mcf7.aa.t0,sensitive
aaatgcccaccgaatt_mcf7.aa.t0,sensitive
aacacgtagcgtcaag_mcf7.aa.t0,sensitive
aacacgtcatgacatc_mcf7.aa.t0,sensitive
aacacgtgtgagggag_mcf7.aa.t0,sensitive
aaccatgagcaggcta_mcf7.aa.t0,sensitive
aaccatgagcctatgt_mcf7.aa.t0,sensitive
aaccatggttacagaa_mcf7.aa.t0,sensitive
aaccgcgagtttcctt_mcf7.aa.t0,sensitive
aaccgcgcaaactgtc_mcf7.aa.t0,sensitive
aaccgcggtacagacg_mcf7.aa.t0,sensitive
aacgttgagcccaacc_mcf7.aa.t0,sensitive
aacgttgcagcctata_mcf7.aa.t0,sensitive
aacgttgcatcacgat_mcf7.aa.t0,sensitive
aacgttgtcacaatgc_mcf7.aa.t0,sensitive
aacgttgtcgttacag_mcf7.aa.t0,sensitive
aactcagagtcaagcg_mcf7.aa.t0,sensitive
aactcagcagatggca_mcf7.aa.t0,sensitive
aactcaggtagagtgc_mcf7.aa.t0,sensitive
aactcagtcaagaagt_mcf7.aa.t0,sensitive
aactcagtcgtccgtt_mcf7.aa.t0,sensitive
aactcccagggatggg_mcf7.aa.t0,sensitive
aactccccagcgatcc_mcf7.aa.t0,sensitive
aactcttcaatcagaa_mcf7.aa.t0,sensitive
aactcttgtcagaata_mcf7.aa.t0,sensitive
aactctttcacggtta_mcf7.aa.t0,sensitive
aactctttcatacggt_mcf7.aa.t0,sensitive
aactctttcctgcagg_mcf7.aa.t0,sensitive
aactctttctgctgct_mcf7.aa.t0,sensitive
aactggtaggagttta_mcf7.aa.t0,sensitive
aactggtcaggaatcg_mcf7.aa.t0,sensitive
aactggttcaccgggt_mcf7.aa.t0,sensitive
aactttccagacactt_mcf7.aa.t0,sensitive
aactttccagatgggt_mcf7.aa.t0,sensitive
aactttcgtaaggatt_mcf7.aa.t0,sensitive
aagacctagatgtcgg_mcf7.aa.t0,sensitive
aagacctcaccaggct_mcf7.aa.t0,sensitive
aagacctcagtcgatt_mcf7.aa.t0,sensitive
aagccgcagactgtaa_mcf7.aa.t0,sensitive
aagccgccagccagaa_mcf7.aa.t0,sensitive
aagccgcgtagaagga_mcf7.aa.t0,sensitive
aaggagcagataggag_mcf7.aa.t0,sensitive
aaggagccacagaggt_mcf7.aa.t0,sensitive
aaggcagagataggag_mcf7.aa.t0,sensitive
aaggcagagtacatga_mcf7.aa.t0,sensitive
aaggcaggttacgcgc_mcf7.aa.t0,sensitive
aaggcagtcgacagcc_mcf7.aa.t0,sensitive
aaggttcagagagctc_mcf7.aa.t0,sensitive
aaggttccacgaaagc_mcf7.aa.t0,sensitive
aaggttctcgccataa_mcf7.aa.t0,sensitive
aaggttctctaccaga_mcf7.aa.t0,sensitive
aaggttctctgcgacg_mcf7.aa.t0,sensitive
aagtctgagcgtagtg_mcf7.aa.t0,sensitive
aagtctgcaccagtta_mcf7.aa.t0,sensitive
aagtctggtcatccct_mcf7.aa.t0,sensitive
aatcggttcacttatc_mcf7.aa.t0,sensitive
aatcggttcgtaggag_mcf7.aa.t0,sensitive
acaccaagtgactcat_mcf7.aa.t0,sensitive
acaccaagtgtaacgg_mcf7.aa.t0,sensitive
acaccaatcaataagg_mcf7.aa.t0,sensitive
acaccaatcatgcaac_mcf7.aa.t0,sensitive
acaccaatcttcgaga_mcf7.aa.t0,sensitive
acaccctagattaccc_mcf7.aa.t0,sensitive
acaccctagcaatctc_mcf7.aa.t0,sensitive
acaccctagggatctg_mcf7.aa.t0,sensitive
acaccctaggtcatct_mcf7.aa.t0,sensitive
acaccctcaaacaaca_mcf7.aa.t0,sensitive
acaccctcagacaaat_mcf7.aa.t0,sensitive
acacccttctggcgac_mcf7.aa.t0,sensitive
acaccggagggtatcg_mcf7.aa.t0,sensitive
acaccggagtgttaga_mcf7.aa.t0,sensitive
acaccggcattcttac_mcf7.aa.t0,sensitive
acactgaagaaacgcc_mcf7.aa.t0,sensitive
acactgacattgcggc_mcf7.aa.t0,sensitive
acactgagttcctcca_mcf7.aa.t0,sensitive
acactgatcatctgcc_mcf7.aa.t0,sensitive
acactgatccgcggta_mcf7.aa.t0,sensitive
acagccgcaagccgtc_mcf7.aa.t0,sensitive
acagccggtctaaaga_mcf7.aa.t0,sensitive
acagccggtttgttgg_mcf7.aa.t0,sensitive
acagccgtccaaagtc_mcf7.aa.t0,sensitive
acagctaagaaaccgc_mcf7.aa.t0,sensitive
acagctaagactagat_mcf7.aa.t0,sensitive
acagctaagtgtccat_mcf7.aa.t0,sensitive
acagctacagccacca_mcf7.aa.t0,sensitive
acagctagttacggag_mcf7.aa.t0,sensitive
acagctatctgcttgc_mcf7.aa.t0,sensitive
acatcagagtgctgcc_mcf7.aa.t0,sensitive
acatcaggtatatgga_mcf7.aa.t0,sensitive
acatcaggttatcggt_mcf7.aa.t0,sensitive
acatcaggttctcatt_mcf7.aa.t0,sensitive
acatcaggttggtttg_mcf7.aa.t0,sensitive
acatcagtccacgttc_mcf7.aa.t0,sensitive
accagtaagcggatca_mcf7.aa.t0,sensitive
accagtaaggacatta_mcf7.aa.t0,sensitive
accagtacagctcgca_mcf7.aa.t0,sensitive
accagtagtaaggatt_mcf7.aa.t0,sensitive
accagtatcaaacaag_mcf7.aa.t0,sensitive
acccactgtaacgcga_mcf7.aa.t0,sensitive
acccactgtgtaacgg_mcf7.aa.t0,sensitive
accgtaacaaagcggt_mcf7.aa.t0,sensitive
accgtaacacatcttt_mcf7.aa.t0,sensitive
accgtaacagccaatt_mcf7.aa.t0,sensitive
accgtaacaggaatcg_mcf7.aa.t0,sensitive
accgtaagtcaagcga_mcf7.aa.t0,sensitive
accgtaagtgcaactt_mcf7.aa.t0,sensitive
accgtaatcaggcgaa_mcf7.aa.t0,sensitive
acctttaagaggttat_mcf7.aa.t0,sensitive
acctttaagccacgct_mcf7.aa.t0,sensitive
acctttacaatccaac_mcf7.aa.t0,sensitive
acctttagtagggtac_mcf7.aa.t0,sensitive
acctttagtctgcaat_mcf7.aa.t0,sensitive
acctttagtctgccag_mcf7.aa.t0,sensitive
acctttatccgttgct_mcf7.aa.t0,sensitive
acgagccagatcctgt_mcf7.aa.t0,sensitive
acgagcctcagagctt_mcf7.aa.t0,sensitive
acgagcctcggaaata_mcf7.aa.t0,sensitive
acgagcctcgtttgcc_mcf7.aa.t0,sensitive
acgagcctctgacctc_mcf7.aa.t0,sensitive
acgagcctctgaggga_mcf7.aa.t0,sensitive
acgaggacacttggat_mcf7.aa.t0,sensitive
acgaggagttattctc_mcf7.aa.t0,sensitive
acgaggagtttggcgc_mcf7.aa.t0,sensitive
acgatacagtgcgatg_mcf7.aa.t0,sensitive
acgatacgtaacgcga_mcf7.aa.t0,sensitive
acgatactcttgtttg_mcf7.aa.t0,sensitive
acgatgtcaagtctac_mcf7.aa.t0,sensitive
acgatgtcattcttac_mcf7.aa.t0,sensitive
acgatgtgtcaggaca_mcf7.aa.t0,sensitive
acgatgtgtgcacgaa_mcf7.aa.t0,sensitive
acgatgttccacgttc_mcf7.aa.t0,sensitive
acgcagccaccgaatt_mcf7.aa.t0,sensitive
acgcagctcacgcggt_mcf7.aa.t0,sensitive
acgcagctccgttgct_mcf7.aa.t0,sensitive
acgccagagcgtctat_mcf7.aa.t0,sensitive
acgccagcagtggagt_mcf7.aa.t0,sensitive
acgccaggtaccgtta_mcf7.aa.t0,sensitive
acgccaggtgaccaag_mcf7.aa.t0,sensitive
acgccaggtgcttctc_mcf7.aa.t0,sensitive
acgccagtcagagctt_mcf7.aa.t0,sensitive
acgccagtcataaccg_mcf7.aa.t0,sensitive
acggagaagaaggcct_mcf7.aa.t0,sensitive
acggagaaggccctca_mcf7.aa.t0,sensitive
acggagaagtatcgaa_mcf7.aa.t0,sensitive
acggagacactcgacg_mcf7.aa.t0,sensitive
acggccaagactgggt_mcf7.aa.t0,sensitive
acggccaagcgtgtcc_mcf7.aa.t0,sensitive
acggccacaacaacct_mcf7.aa.t0,sensitive
acggccagtgtcaatc_mcf7.aa.t0,sensitive
acgggctagatatgca_mcf7.aa.t0,sensitive
acgggctaggcgtaca_mcf7.aa.t0,sensitive
acgggctagggtctcc_mcf7.aa.t0,sensitive
acgggctagtcgagtg_mcf7.aa.t0,sensitive
acgggctagtgcgtga_mcf7.aa.t0,sensitive
acgggctgtcaacatc_mcf7.aa.t0,sensitive
acgggtcagggatggg_mcf7.aa.t0,sensitive
acgggtcagttcgatc_mcf7.aa.t0,sensitive
acgtcaaagcgctcca_mcf7.aa.t0,sensitive
acgtcaaaggacacca_mcf7.aa.t0,sensitive
acgtcaacaagacacg_mcf7.aa.t0,sensitive
acgtcaagttaccgat_mcf7.aa.t0,sensitive
acgtcaatcctcatta_mcf7.aa.t0,sensitive
actatctgtccgtgac_mcf7.aa.t0,sensitive
actgaaccataaaggt_mcf7.aa.t0,sensitive
actgaaccatatgaga_mcf7.aa.t0,sensitive
actgaactctaactgg_mcf7.aa.t0,sensitive
actgagtagatcacgg_mcf7.aa.t0,sensitive
actgagtagccctaat_mcf7.aa.t0,sensitive
actgagtgtgtgaccc_mcf7.aa.t0,sensitive
actgagttcttgccgt_mcf7.aa.t0,sensitive
actgatgagcagcctc_mcf7.aa.t0,sensitive
actgatgcacagaggt_mcf7.aa.t0,sensitive
actgatgtctaacggt_mcf7.aa.t0,sensitive
actgctccaggaacgt_mcf7.aa.t0,sensitive
actgctcgtagaggaa_mcf7.aa.t0,sensitive
actgctctccctcttt_mcf7.aa.t0,sensitive
actgctctcgcctgag_mcf7.aa.t0,sensitive
actgtccagcgttgcc_mcf7.aa.t0,sensitive
actgtcccaagtctgt_mcf7.aa.t0,sensitive
actgtcccatccgggt_mcf7.aa.t0,sensitive
actgtccgttggaccc_mcf7.aa.t0,sensitive
acttactagatgggtc_mcf7.aa.t0,sensitive
acttactagggcatgt_mcf7.aa.t0,sensitive
acttactcaagcgatg_mcf7.aa.t0,sensitive
acttactcaagttaag_mcf7.aa.t0,sensitive
acttacttcgtggtcg_mcf7.aa.t0,sensitive
acttgttcactgtcgg_mcf7.aa.t0,sensitive
acttgttgtctgcaat_mcf7.aa.t0,sensitive
acttgtttcagtcagt_mcf7.aa.t0,sensitive
acttgtttccggcaca_mcf7.aa.t0,sensitive
actttcaagtacgtaa_mcf7.aa.t0,sensitive
actttcacagctgtta_mcf7.aa.t0,sensitive
actttcatcaacactg_mcf7.aa.t0,sensitive
actttcatctcgtatt_mcf7.aa.t0,sensitive
agaatagagtgtgaat_mcf7.aa.t0,sensitive
agaatagcatgtaaga_mcf7.aa.t0,sensitive
agaataggttggtttg_mcf7.aa.t0,sensitive
agaatagtctgggcca_mcf7.aa.t0,sensitive
agacgttaggcgtaca_mcf7.aa.t0,sensitive
agacgttaggtgcaca_mcf7.aa.t0,sensitive
agacgttagtatcgaa_mcf7.aa.t0,sensitive
agacgttgtccgagtc_mcf7.aa.t0,sensitive
agacgtttcaacggcc_mcf7.aa.t0,sensitive
agagcgaagagtaagg_mcf7.aa.t0,sensitive
agagcgaagatcgata_mcf7.aa.t0,sensitive
agagcgaaggccatag_mcf7.aa.t0,sensitive
agagcgaaggccgaat_mcf7.aa.t0,sensitive
agagcgaagtagccga_mcf7.aa.t0,sensitive
agagcgacaagccatt_mcf7.aa.t0,sensitive
agagcgagtgcggtaa_mcf7.aa.t0,sensitive
agagcgatcatagcac_mcf7.aa.t0,sensitive
agagcgatccctgact_mcf7.aa.t0,sensitive
agagcttgtacagacg_mcf7.aa.t0,sensitive
agagctttcaccttat_mcf7.aa.t0,sensitive
agagctttcgccgtga_mcf7.aa.t0,sensitive
agagtggagagaacag_mcf7.aa.t0,sensitive
agagtggagagggata_mcf7.aa.t0,sensitive
agagtggcacatttct_mcf7.aa.t0,sensitive
agagtggcacgtaagg_mcf7.aa.t0,sensitive
agagtggcatgcctaa_mcf7.aa.t0,sensitive
agagtgggtgagggag_mcf7.aa.t0,sensitive
agatctgagatagtca_mcf7.aa.t0,sensitive
agatctggtgaaatca_mcf7.aa.t0,sensitive
agatctggttggaggt_mcf7.aa.t0,sensitive
agatctgtcaagaagt_mcf7.aa.t0,sensitive
agattgcgtcttcgtc_mcf7.aa.t0,sensitive
agattgctcgcctgtt_mcf7.aa.t0,sensitive
agcagccagatgtgta_mcf7.aa.t0,sensitive
agcagccagggtctcc_mcf7.aa.t0,sensitive
agcagccagtacgata_mcf7.aa.t0,sensitive
agcagcccacccattc_mcf7.aa.t0,sensitive
agcagcccacttcgaa_mcf7.aa.t0,sensitive
agcagcccagttccct_mcf7.aa.t0,sensitive
agcagccgtacagcag_mcf7.aa.t0,sensitive
agcataccacaagtaa_mcf7.aa.t0,sensitive
agcatactcaaggtaa_mcf7.aa.t0,sensitive
agcctaaagaatgttg_mcf7.aa.t0,sensitive
agcctaaagctagttc_mcf7.aa.t0,sensitive
agcctaaaggcattgg_mcf7.aa.t0,sensitive
agcctaaaggtgcaca_mcf7.aa.t0,sensitive
agcctaagtcttgcgg_mcf7.aa.t0,sensitive
agcctaatcacaaacc_mcf7.aa.t0,sensitive
agcggtcagtagccga_mcf7.aa.t0,sensitive
agcggtccatggtagg_mcf7.aa.t0,sensitive
agcggtcgtactctcc_mcf7.aa.t0,sensitive
agcggtcgtcctagcg_mcf7.aa.t0,sensitive
agcggtcgttaagggc_mcf7.aa.t0,sensitive
agcggtctcagttgac_mcf7.aa.t0,sensitive
agcgtatcatgaagta_mcf7.aa.t0,sensitive
agcgtatgtcaaactc_mcf7.aa.t0,sensitive
agcgtattccgcggta_mcf7.aa.t0,sensitive
agcgtattcgtaggtt_mcf7.aa.t0,sensitive
agcgtcgagcccagct_mcf7.aa.t0,sensitive
agcgtcgagcgtgtcc_mcf7.aa.t0,sensitive
agctcctcattggtac_mcf7.aa.t0,sensitive
agctccttcgtcgttc_mcf7.aa.t0,sensitive
agctccttctgatacg_mcf7.aa.t0,sensitive
agctccttcttaccta_mcf7.aa.t0,sensitive
agctctccaataagca_mcf7.aa.t0,sensitive
agctctccatacgccg_mcf7.aa.t0,sensitive
agctctcgtctaggtt_mcf7.aa.t0,sensitive
agctctcgtgtgaata_mcf7.aa.t0,sensitive
agcttgagtacctaca_mcf7.aa.t0,sensitive
agcttgatcctatgtt_mcf7.aa.t0,sensitive
aggccacagcggcttc_mcf7.aa.t0,sensitive
aggccacaggatcgca_mcf7.aa.t0,sensitive
aggccaccagacaagc_mcf7.aa.t0,sensitive
aggccaccatagtaag_mcf7.aa.t0,sensitive
aggccacgtgcctggt_mcf7.aa.t0,sensitive
aggccgtagtgttaga_mcf7.aa.t0,sensitive
aggccgtgtcgattgt_mcf7.aa.t0,sensitive
aggccgtgtgatgata_mcf7.aa.t0,sensitive
aggccgttcctagaac_mcf7.aa.t0,sensitive
aggccgttcgtgggaa_mcf7.aa.t0,sensitive
agggagtagacgcaac_mcf7.aa.t0,sensitive
agggagtagctgaaat_mcf7.aa.t0,sensitive
agggagtcaaagtcaa_mcf7.aa.t0,sensitive
agggagtcaatctacg_mcf7.aa.t0,sensitive
agggagtgtcatatcg_mcf7.aa.t0,sensitive
agggagtgtcgaaagc_mcf7.aa.t0,sensitive
agggagtgtgtgcgtc_mcf7.aa.t0,sensitive
agggagttcgtccgtt_mcf7.aa.t0,sensitive
agggagttctggagcc_mcf7.aa.t0,sensitive
agggatgagctaactc_mcf7.aa.t0,sensitive
agggatgcacttggat_mcf7.aa.t0,sensitive
agggtgaaggatatac_mcf7.aa.t0,sensitive
agggtgacacatccgg_mcf7.aa.t0,sensitive
agggtgagtcttgcgg_mcf7.aa.t0,sensitive
agggtgagtttactct_mcf7.aa.t0,sensitive
agggtgatccagagga_mcf7.aa.t0,sensitive
agggtgatctgccagg_mcf7.aa.t0,sensitive
aggtcatcaccggaaa_mcf7.aa.t0,sensitive
aggtcatgttgtggcc_mcf7.aa.t0,sensitive
aggtcattcctttctc_mcf7.aa.t0,sensitive
aggtccggtaagagag_mcf7.aa.t0,sensitive
aggtccggtaatcacc_mcf7.aa.t0,sensitive
aggtccgtcaacgaaa_mcf7.aa.t0,sensitive
agtagtcagggagtaa_mcf7.aa.t0,sensitive
agtagtctcagcatgt_mcf7.aa.t0,sensitive
agtctttagctagccc_mcf7.aa.t0,sensitive
agtctttagggttccc_mcf7.aa.t0,sensitive
agtctttcagataatg_mcf7.aa.t0,sensitive
agtctttcatcgatgt_mcf7.aa.t0,sensitive
agtgggaagttcgcgc_mcf7.aa.t0,sensitive
agtgggacacattcga_mcf7.aa.t0,sensitive
agtgggacaggtggat_mcf7.aa.t0,sensitive
agtgggagtctggaga_mcf7.aa.t0,sensitive
agtgtcaagagactat_mcf7.aa.t0,sensitive
agtgtcaagtgtggca_mcf7.aa.t0,sensitive
agtgtcagtaagtagt_mcf7.aa.t0,sensitive
agtgtcagtcgcttct_mcf7.aa.t0,sensitive
agtgtcatcagagacg_mcf7.aa.t0,sensitive
agttggtagcgagaaa_mcf7.aa.t0,sensitive
agttggtagctgaacg_mcf7.aa.t0,sensitive
agttggtagtctcggc_mcf7.aa.t0,sensitive
agttggtcaccaggct_mcf7.aa.t0,sensitive
agttggtcactaagtc_mcf7.aa.t0,sensitive
agttggtgtagcgcaa_mcf7.aa.t0,sensitive
agttggtgtccgaatt_mcf7.aa.t0,sensitive
ataacgcagctagtgg_mcf7.aa.t0,sensitive
ataacgccagcgaaca_mcf7.aa.t0,sensitive
ataacgcgtcagaata_mcf7.aa.t0,sensitive
ataacgctcagcacat_mcf7.aa.t0,sensitive
ataacgctcgtcgttc_mcf7.aa.t0,sensitive
ataacgctcttgagac_mcf7.aa.t0,sensitive
ataagagagatcgggt_mcf7.aa.t0,sensitive
ataagagagggtttct_mcf7.aa.t0,sensitive
ataagaggttctcatt_mcf7.aa.t0,sensitive
ataagagtcactgggc_mcf7.aa.t0,sensitive
atagaccagatggcgt_mcf7.aa.t0,sensitive
atagacccatggtcat_mcf7.aa.t0,sensitive
atagacctcaacacgt_mcf7.aa.t0,sensitive
atagacctctcacatt_mcf7.aa.t0,sensitive
atcacgaagcgtcaag_mcf7.aa.t0,sensitive
atcacgacagatgagc_mcf7.aa.t0,sensitive
atcacgacagggttag_mcf7.aa.t0,sensitive
atcacgacatatgaga_mcf7.aa.t0,sensitive
atcacgagtatatgag_mcf7.aa.t0,sensitive
atcacgagttggtaaa_mcf7.aa.t0,sensitive
atcacgatcgcatggc_mcf7.aa.t0,sensitive
atcatctgtcctgctt_mcf7.aa.t0,sensitive
atcatcttcgcggatc_mcf7.aa.t0,sensitive
atcatggagctgccca_mcf7.aa.t0,sensitive
atcatgggttatgtgc_mcf7.aa.t0,sensitive
atccacccacagcgtc_mcf7.aa.t0,sensitive
atccaccgtgtcaatc_mcf7.aa.t0,sensitive
atccacctcttcggtc_mcf7.aa.t0,sensitive
atccgaacacgaaagc_mcf7.aa.t0,sensitive
atccgaacagcatgag_mcf7.aa.t0,sensitive
atcgagtcacccatgg_mcf7.aa.t0,sensitive
atcgagtgtacagtgg_mcf7.aa.t0,sensitive
atcgagttccttggtc_mcf7.aa.t0,sensitive
atctactagagggctt_mcf7.aa.t0,sensitive
atctactcacgaaata_mcf7.aa.t0,sensitive
atctactcagtcttcc_mcf7.aa.t0,sensitive
atctactgtgctgtat_mcf7.aa.t0,sensitive
atctacttccctcagt_mcf7.aa.t0,sensitive
atctgcccattggtac_mcf7.aa.t0,sensitive
atgagggagacctttg_mcf7.aa.t0,sensitive
atgagggagtggagaa_mcf7.aa.t0,sensitive
atgagggcacagtcgc_mcf7.aa.t0,sensitive
atgcgataggagcgtt_mcf7.aa.t0,sensitive
atgcgataggcaatta_mcf7.aa.t0,sensitive
atgcgatcacttaacg_mcf7.aa.t0,sensitive
atgcgatcatccttgc_mcf7.aa.t0,sensitive
atgggaggtagcctcg_mcf7.aa.t0,sensitive
atgggaggtgggtatg_mcf7.aa.t0,sensitive
atgggagtcaaagtag_mcf7.aa.t0,sensitive
atgtgtgcagatgggt_mcf7.aa.t0,sensitive
atgtgtggtgtgcgtc_mcf7.aa.t0,sensitive
atgtgtggttagtggg_mcf7.aa.t0,sensitive
atgtgtggtttgactg_mcf7.aa.t0,sensitive
attactcagcctatgt_mcf7.aa.t0,sensitive
attactccagtgggat_mcf7.aa.t0,sensitive
attactcgtccgacgt_mcf7.aa.t0,sensitive
attatcccagctattg_mcf7.aa.t0,sensitive
attatccgtgagggtt_mcf7.aa.t0,sensitive
attatccgtttaggaa_mcf7.aa.t0,sensitive
attatcctctctgtcg_mcf7.aa.t0,sensitive
attctacaggcacatg_mcf7.aa.t0,sensitive
attctacaggctatct_mcf7.aa.t0,sensitive
attctacaggtaaact_mcf7.aa.t0,sensitive
attctaccactcgacg_mcf7.aa.t0,sensitive
attggactccagaagg_mcf7.aa.t0,sensitive
attggtgaggtgcaca_mcf7.aa.t0,sensitive
attggtgcatgtaaga_mcf7.aa.t0,sensitive
atttctgagtccgtat_mcf7.aa.t0,sensitive
caaccaaagcaatatg_mcf7.aa.t0,sensitive
caaccaaagctgccca_mcf7.aa.t0,sensitive
caaccaacactgtcgg_mcf7.aa.t0,sensitive
caaccaagtatagggc_mcf7.aa.t0,sensitive
caaccaatctagcaca_mcf7.aa.t0,sensitive
caacctcagagatgag_mcf7.aa.t0,sensitive
caacctcgtaattgga_mcf7.aa.t0,sensitive
caacctctctgcaagt_mcf7.aa.t0,sensitive
caactagcaaacccat_mcf7.aa.t0,sensitive
caactagcacgtctct_mcf7.aa.t0,sensitive
caactaggtacatgtc_mcf7.aa.t0,sensitive
caactagtcgtggtcg_mcf7.aa.t0,sensitive
caagaaaagcgcctca_mcf7.aa.t0,sensitive
caagatcagcagactg_mcf7.aa.t0,sensitive
caagatcagtgctgcc_mcf7.aa.t0,sensitive
caagatccaatgttgc_mcf7.aa.t0,sensitive
caagatcgtgtggctc_mcf7.aa.t0,sensitive
caaggccagtgggcta_mcf7.aa.t0,sensitive
caaggcccagtcgatt_mcf7.aa.t0,sensitive
caaggcctccgttgtc_mcf7.aa.t0,sensitive
caagttgagctaagat_mcf7.aa.t0,sensitive
caagttggttacgact_mcf7.aa.t0,sensitive
caagttgtcccaagat_mcf7.aa.t0,sensitive
cacaaacaggccgaat_mcf7.aa.t0,sensitive
cacaaaccaaacccat_mcf7.aa.t0,sensitive
cacaaaccacttggat_mcf7.aa.t0,sensitive
cacaaacgtgatgccc_mcf7.aa.t0,sensitive
cacaaactcctgccat_mcf7.aa.t0,sensitive
cacacaaagttaggta_mcf7.aa.t0,sensitive
cacacaagtaaggatt_mcf7.aa.t0,sensitive
cacacctagctccttc_mcf7.aa.t0,sensitive
cacacctgtttaggaa_mcf7.aa.t0,sensitive
cacactcagctgaaat_mcf7.aa.t0,sensitive
cacactccaccaggtc_mcf7.aa.t0,sensitive
cacactcgtaatcgtc_mcf7.aa.t0,sensitive
cacactctccgtcaaa_mcf7.aa.t0,sensitive
cacaggcgtcagtgga_mcf7.aa.t0,sensitive
cacaggctccctaatt_mcf7.aa.t0,sensitive
cacagtaagaaacgag_mcf7.aa.t0,sensitive
cacagtaagtgtactc_mcf7.aa.t0,sensitive
cacagtagtctcttta_mcf7.aa.t0,sensitive
cacataggtacgaccc_mcf7.aa.t0,sensitive
cacatttcacctatcc_mcf7.aa.t0,sensitive
cacatttgtggcccta_mcf7.aa.t0,sensitive
cacattttcccaagta_mcf7.aa.t0,sensitive
cacattttcctgcagg_mcf7.aa.t0,sensitive
cacattttcgtggtcg_mcf7.aa.t0,sensitive
cacattttctgttgag_mcf7.aa.t0,sensitive
caccactaggacagct_mcf7.aa.t0,sensitive
caccactcacggctac_mcf7.aa.t0,sensitive
caccactcactgccag_mcf7.aa.t0,sensitive
caccactgtttgacac_mcf7.aa.t0,sensitive
caccaggagaccggat_mcf7.aa.t0,sensitive
caccaggcacataacc_mcf7.aa.t0,sensitive
caccaggcagctcgca_mcf7.aa.t0,sensitive
caccaggtccacgcag_mcf7.aa.t0,sensitive
caccaggtctgtcaag_mcf7.aa.t0,sensitive
caccttgagtgttaga_mcf7.aa.t0,sensitive
caccttggtcgcggtt_mcf7.aa.t0,sensitive
cactccaagcgtgaac_mcf7.aa.t0,sensitive
cactccagtacctaca_mcf7.aa.t0,sensitive
cactccagttcagcgc_mcf7.aa.t0,sensitive
cactccatcctagggc_mcf7.aa.t0,sensitive
cactccatcgcaagcc_mcf7.aa.t0,sensitive
cactccatcttgggta_mcf7.aa.t0,sensitive
cagaatcagtaggcca_mcf7.aa.t0,sensitive
cagaatcgtacttctt_mcf7.aa.t0,sensitive
cagaatctctatccta_mcf7.aa.t0,sensitive
cagagagagcaccgtc_mcf7.aa.t0,sensitive
cagagaggtcagctat_mcf7.aa.t0,sensitive
cagagaggttaagatg_mcf7.aa.t0,sensitive
cagatcaaggtgtggt_mcf7.aa.t0,sensitive
cagatcaagtcctcct_mcf7.aa.t0,sensitive
cagatcatcgcaaact_mcf7.aa.t0,sensitive
cagcagcaggatggtc_mcf7.aa.t0,sensitive
cagcagccagtatgct_mcf7.aa.t0,sensitive
cagcagctcaaaccac_mcf7.aa.t0,sensitive
cagcagctctcttatg_mcf7.aa.t0,sensitive
cagcataagatggcgt_mcf7.aa.t0,sensitive
cagcataagcttcgcg_mcf7.aa.t0,sensitive
cagcatacaagccgtc_mcf7.aa.t0,sensitive
cagcatacaagttgtc_mcf7.aa.t0,sensitive
cagcatacacaggagt_mcf7.aa.t0,sensitive
cagcatagtgtcctct_mcf7.aa.t0,sensitive
cagccgaagtgaagag_mcf7.aa.t0,sensitive
cagcgaccacgtaagg_mcf7.aa.t0,sensitive
cagcgaccagccaatt_mcf7.aa.t0,sensitive
cagcgacgtgcaactt_mcf7.aa.t0,sensitive
cagcgacgtttgcatg_mcf7.aa.t0,sensitive
cagcgactctatcccg_mcf7.aa.t0,sensitive
cagctggcacaggagt_mcf7.aa.t0,sensitive
cagctggcaccaggct_mcf7.aa.t0,sensitive
cagctggcagatctgt_mcf7.aa.t0,sensitive
cagctgggtattagcc_mcf7.aa.t0,sensitive
cagctggtcaaaccgt_mcf7.aa.t0,sensitive
caggtgcagcgctcca_mcf7.aa.t0,sensitive
caggtgcagtagtgcg_mcf7.aa.t0,sensitive
caggtgccatagaaac_mcf7.aa.t0,sensitive
caggtgcgttcagtac_mcf7.aa.t0,sensitive
cagtaacgtattagcc_mcf7.aa.t0,sensitive
cagtaacgtcttcaag_mcf7.aa.t0,sensitive
cagtaactccacgaat_mcf7.aa.t0,sensitive
cagtcctagactttcg_mcf7.aa.t0,sensitive
cagtcctcacatccgg_mcf7.aa.t0,sensitive
cagtccttcggctacg_mcf7.aa.t0,sensitive
catatggagaattccc_mcf7.aa.t0,sensitive
catatggcaactggcc_mcf7.aa.t0,sensitive
catatggcaaggctcc_mcf7.aa.t0,sensitive
catatggcagagtgtg_mcf7.aa.t0,sensitive
catatggcatcccatc_mcf7.aa.t0,sensitive
catatgggtatcgcat_mcf7.aa.t0,sensitive
catatggtcgatagaa_mcf7.aa.t0,sensitive
catattccaaaggtgc_mcf7.aa.t0,sensitive
catcaagagagcttct_mcf7.aa.t0,sensitive
catcaagagtctcaac_mcf7.aa.t0,sensitive
catcaagcacataacc_mcf7.aa.t0,sensitive
catcaaggtagaagga_mcf7.aa.t0,sensitive
catcagacaatgacct_mcf7.aa.t0,sensitive
catcagatccacgtgg_mcf7.aa.t0,sensitive
catccacagatgcgac_mcf7.aa.t0,sensitive
catccaccacgcgaaa_mcf7.aa.t0,sensitive
catcgaacagcctttc_mcf7.aa.t0,sensitive
catcgaagttctgaac_mcf7.aa.t0,sensitive
catcgaatcggcggtt_mcf7.aa.t0,sensitive
catcgggcatacgccg_mcf7.aa.t0,sensitive
catcggggtagcacga_mcf7.aa.t0,sensitive
catcggggtcccgaca_mcf7.aa.t0,sensitive
catcggggtgacgcct_mcf7.aa.t0,sensitive
catcggggttcagtac_mcf7.aa.t0,sensitive
catcggggttccaaca_mcf7.aa.t0,sensitive
catgacaagccacgtc_mcf7.aa.t0,sensitive
catgacagtccatcct_mcf7.aa.t0,sensitive
catgacagtgatgtgg_mcf7.aa.t0,sensitive
catgacagttacggag_mcf7.aa.t0,sensitive
catgacatcaacacac_mcf7.aa.t0,sensitive
catgcctagtacgata_mcf7.aa.t0,sensitive
catggcgcactcaggc_mcf7.aa.t0,sensitive
catggcggtcatgccg_mcf7.aa.t0,sensitive
catggcggtgtcctct_mcf7.aa.t0,sensitive
catggcgtcatcaccc_mcf7.aa.t0,sensitive
catggcgtctaccaga_mcf7.aa.t0,sensitive
cattatccaatagagt_mcf7.aa.t0,sensitive
cattatccagacactt_mcf7.aa.t0,sensitive
cattatccagatctgt_mcf7.aa.t0,sensitive
cattatccagcctgtg_mcf7.aa.t0,sensitive
cattatccataagaca_mcf7.aa.t0,sensitive
cattatctcagttagc_mcf7.aa.t0,sensitive
cattatctcgcttaga_mcf7.aa.t0,sensitive
cattcgcaggactggt_mcf7.aa.t0,sensitive
cattcgctcccggatg_mcf7.aa.t0,sensitive
ccaatcccacacgctg_mcf7.aa.t0,sensitive
ccaatcccaccaggtc_mcf7.aa.t0,sensitive
ccaatcctcgtccagg_mcf7.aa.t0,sensitive
ccacctaagccagaac_mcf7.aa.t0,sensitive
ccacctacacttctgc_mcf7.aa.t0,sensitive
ccacggaagattaccc_mcf7.aa.t0,sensitive
ccacggacagtttacg_mcf7.aa.t0,sensitive
ccacggagtcattagc_mcf7.aa.t0,sensitive
ccacggatcggtgtta_mcf7.aa.t0,sensitive
ccactacagatcctgt_mcf7.aa.t0,sensitive
ccactacgttggtttg_mcf7.aa.t0,sensitive
ccactactcaacggga_mcf7.aa.t0,sensitive
ccactactcagcaact_mcf7.aa.t0,sensitive
ccagcgaagacccacc_mcf7.aa.t0,sensitive
ccagcgaaggaattac_mcf7.aa.t0,sensitive
ccagcgaagtgaacgc_mcf7.aa.t0,sensitive
ccatgtcagaacaact_mcf7.aa.t0,sensitive
ccatgtcagatcacgg_mcf7.aa.t0,sensitive
ccatgtcaggagttta_mcf7.aa.t0,sensitive
ccatgtccaccagtta_mcf7.aa.t0,sensitive
ccatgtctcccttgtg_mcf7.aa.t0,sensitive
ccattcgcacgctttc_mcf7.aa.t0,sensitive
ccattcgcactgtcgg_mcf7.aa.t0,sensitive
cccaatcagccatcgc_mcf7.aa.t0,sensitive
cccaatcaggagttgc_mcf7.aa.t0,sensitive
cccaatcgtcgaaagc_mcf7.aa.t0,sensitive
cccaatcgttatcacg_mcf7.aa.t0,sensitive
cccagttagccagtag_mcf7.aa.t0,sensitive
cccagttcaatgaaac_mcf7.aa.t0,sensitive
cccatacagtggcaca_mcf7.aa.t0,sensitive
cccataccaatgacct_mcf7.aa.t0,sensitive
cccataccacaagccc_mcf7.aa.t0,sensitive
cccatacgtcgcggtt_mcf7.aa.t0,sensitive
cccatactcttgcatt_mcf7.aa.t0,sensitive
ccctcctagattaccc_mcf7.aa.t0,sensitive
ccctcctgtgcacgaa_mcf7.aa.t0,sensitive
ccctccttcattgcga_mcf7.aa.t0,sensitive
ccctccttctgctgtc_mcf7.aa.t0,sensitive
ccgggatagagcccaa_mcf7.aa.t0,sensitive
ccgggataggagttgc_mcf7.aa.t0,sensitive
ccgggatgtagggtac_mcf7.aa.t0,sensitive
ccgggatgtgactcat_mcf7.aa.t0,sensitive
ccgggattcttagccc_mcf7.aa.t0,sensitive
ccggtagcagacaaat_mcf7.aa.t0,sensitive
ccggtagcatgtctcc_mcf7.aa.t0,sensitive
ccggtaggtgtgaaat_mcf7.aa.t0,sensitive
ccgtactcacgaaacg_mcf7.aa.t0,sensitive
ccgtactcatgacatc_mcf7.aa.t0,sensitive
ccgtacttccagagga_mcf7.aa.t0,sensitive
ccgtacttctcgcttg_mcf7.aa.t0,sensitive
ccgtggatcagcatgt_mcf7.aa.t0,sensitive
ccgttcaagccagttt_mcf7.aa.t0,sensitive
ccgttcagtatagtag_mcf7.aa.t0,sensitive
ccgttcatcgctgata_mcf7.aa.t0,sensitive
ccgttcatcttccttc_mcf7.aa.t0,sensitive
cctaaagagaaggttt_mcf7.aa.t0,sensitive
cctaaagagcccagct_mcf7.aa.t0,sensitive
cctaaagcaagttaag_mcf7.aa.t0,sensitive
cctaaaggtacttctt_mcf7.aa.t0,sensitive
cctaaaggtggtctcg_mcf7.aa.t0,sensitive
cctacaccatggttgt_mcf7.aa.t0,sensitive
cctacacgttggtgga_mcf7.aa.t0,sensitive
cctacactccgaatgt_mcf7.aa.t0,sensitive
cctacactcttatctg_mcf7.aa.t0,sensitive
cctaccaagacccacc_mcf7.aa.t0,sensitive
cctaccagtactctcc_mcf7.aa.t0,sensitive
cctaccatcaccaggc_mcf7.aa.t0,sensitive
cctagctagtccgtat_mcf7.aa.t0,sensitive
cctagctcaccctatc_mcf7.aa.t0,sensitive
cctagctgtgccttgg_mcf7.aa.t0,sensitive
cctagcttcaacggcc_mcf7.aa.t0,sensitive
cctattaagagtgacc_mcf7.aa.t0,sensitive
cctattaagtgtacgg_mcf7.aa.t0,sensitive
cctattagtggcgaat_mcf7.aa.t0,sensitive
cctattagttaccgat_mcf7.aa.t0,sensitive
cctcagtagctaacaa_mcf7.aa.t0,sensitive
cctcagtagggagtaa_mcf7.aa.t0,sensitive
cctcagtagtgggcta_mcf7.aa.t0,sensitive
cctcagtgttcgaatc_mcf7.aa.t0,sensitive
cctctgacacgtgaga_mcf7.aa.t0,sensitive
cctctgagtaaacctc_mcf7.aa.t0,sensitive
cctctgagtacagttc_mcf7.aa.t0,sensitive
cctctgagtgtttgtg_mcf7.aa.t0,sensitive
ccttacgaggacacca_mcf7.aa.t0,sensitive
ccttacgaggtgatta_mcf7.aa.t0,sensitive
ccttacgcatacgcta_mcf7.aa.t0,sensitive
ccttacgcatttcagg_mcf7.aa.t0,sensitive
ccttacggtatggttc_mcf7.aa.t0,sensitive
ccttacgtcaggatct_mcf7.aa.t0,sensitive
ccttacgtccaaacac_mcf7.aa.t0,sensitive
ccttacgtcttaccta_mcf7.aa.t0,sensitive
ccttcccgttcctcca_mcf7.aa.t0,sensitive
ccttccctcactattc_mcf7.aa.t0,sensitive
ccttccctcactctta_mcf7.aa.t0,sensitive
ccttcgaagccactat_mcf7.aa.t0,sensitive
ccttcgaagcgagaaa_mcf7.aa.t0,sensitive
ccttcgaagtgtacct_mcf7.aa.t0,sensitive
ccttcgacaagcgatg_mcf7.aa.t0,sensitive
ccttcgacaagctgtt_mcf7.aa.t0,sensitive
ccttcgacaatggacg_mcf7.aa.t0,sensitive
ccttcgagtacgcacc_mcf7.aa.t0,sensitive
ccttcgatcctagggc_mcf7.aa.t0,sensitive
cctttctagcgaaggg_mcf7.aa.t0,sensitive
cctttcttcacccgag_mcf7.aa.t0,sensitive
cctttcttcggtccga_mcf7.aa.t0,sensitive
cctttcttctatgtgg_mcf7.aa.t0,sensitive
cgaacatcagctgtat_mcf7.aa.t0,sensitive
cgaacatgtaccagtt_mcf7.aa.t0,sensitive
cgaacattccgcagtg_mcf7.aa.t0,sensitive
cgaatgtcacgtaagg_mcf7.aa.t0,sensitive
cgaatgtcagcgaaca_mcf7.aa.t0,sensitive
cgaatgttccaagccg_mcf7.aa.t0,sensitive
cgaatgttctccaacc_mcf7.aa.t0,sensitive
cgaccttcagcctttc_mcf7.aa.t0,sensitive
cgaccttgtatagtag_mcf7.aa.t0,sensitive
cgacctttcagagacg_mcf7.aa.t0,sensitive
cgacctttcagcgacc_mcf7.aa.t0,sensitive
cgacttccagctgtta_mcf7.aa.t0,sensitive
cgacttccatcacaac_mcf7.aa.t0,sensitive
cgacttcgtgcaacga_mcf7.aa.t0,sensitive
cgacttcgtgtgaata_mcf7.aa.t0,sensitive
cgacttctccacgtgg_mcf7.aa.t0,sensitive
cgacttctcgctagcg_mcf7.aa.t0,sensitive
cgagaagagaccggat_mcf7.aa.t0,sensitive
cgagaagagctaccgc_mcf7.aa.t0,sensitive
cgagaagcaatgttgc_mcf7.aa.t0,sensitive
cgagaaggttcgggct_mcf7.aa.t0,sensitive
cgagcacgtacatcca_mcf7.aa.t0,sensitive
cgagccaagtacatga_mcf7.aa.t0,sensitive
cgagccacaccaaccg_mcf7.aa.t0,sensitive
cgagccagtagcgtga_mcf7.aa.t0,sensitive
cgagccagttctgttt_mcf7.aa.t0,sensitive
cgagccatcactgggc_mcf7.aa.t0,sensitive
cgatcgggtactctcc_mcf7.aa.t0,sensitive
cgatcgggtgtaatga_mcf7.aa.t0,sensitive
cgatcggtcgatccct_mcf7.aa.t0,sensitive
cgatggcagccaggat_mcf7.aa.t0,sensitive
cgatggcagtgttgaa_mcf7.aa.t0,sensitive
cgatggcgttactgac_mcf7.aa.t0,sensitive
cgatgtaagcccaatt_mcf7.aa.t0,sensitive
cgatgtaagtggtccc_mcf7.aa.t0,sensitive
cgattgaagatatggt_mcf7.aa.t0,sensitive
cgattgaagccacctg_mcf7.aa.t0,sensitive
cgattgacaaggtttc_mcf7.aa.t0,sensitive
cgattgagtctagcgc_mcf7.aa.t0,sensitive
cgattgagtgaaagag_mcf7.aa.t0,sensitive
cgattgatctaccaga_mcf7.aa.t0,sensitive
cgccaagcaagctgga_mcf7.aa.t0,sensitive
cgccaagcaaggttct_mcf7.aa.t0,sensitive
cgccaagcacatccgg_mcf7.aa.t0,sensitive
cgccaagtcacttatc_mcf7.aa.t0,sensitive
cgcggtacacggtaga_mcf7.aa.t0,sensitive
cgcggtacatgtcctc_mcf7.aa.t0,sensitive
cgcgtttagaggtacc_mcf7.aa.t0,sensitive
cgcgtttagggtctcc_mcf7.aa.t0,sensitive
cgctatcagccagaac_mcf7.aa.t0,sensitive
cgctatcgtagattag_mcf7.aa.t0,sensitive
cgctatctcagcttag_mcf7.aa.t0,sensitive
cgctatctcaggcgaa_mcf7.aa.t0,sensitive
cgctatctccaaccaa_mcf7.aa.t0,sensitive
cgctggaaggtcggat_mcf7.aa.t0,sensitive
cgctggagtagggtac_mcf7.aa.t0,sensitive
cgctggatcgtgacat_mcf7.aa.t0,sensitive
cgcttcaagacctttg_mcf7.aa.t0,sensitive
cgcttcacacattcga_mcf7.aa.t0,sensitive
cggacacagagttggc_mcf7.aa.t0,sensitive
cggacaccaaagaatc_mcf7.aa.t0,sensitive
cggacaccaacgcacc_mcf7.aa.t0,sensitive
cggacacgtacagtgg_mcf7.aa.t0,sensitive
cggacactcttaccgc_mcf7.aa.t0,sensitive
cggacgttcacgatgt_mcf7.aa.t0,sensitive
cggacgttccgaagag_mcf7.aa.t0,sensitive
cggactgagtgatcgg_mcf7.aa.t0,sensitive
cggactgagtggagtc_mcf7.aa.t0,sensitive
cggactggtacgctgc_mcf7.aa.t0,sensitive
cggactggtgcgatag_mcf7.aa.t0,sensitive
cggagctagctaggca_mcf7.aa.t0,sensitive
cggagctaggagcgag_mcf7.aa.t0,sensitive
cggagctagtgttgaa_mcf7.aa.t0,sensitive
cggagctcagctcgac_mcf7.aa.t0,sensitive
cggagcttccggcaca_mcf7.aa.t0,sensitive
cggagtcagcgttccg_mcf7.aa.t0,sensitive
cggagtcagtctcaac_mcf7.aa.t0,sensitive
cggagtcgtgttaaga_mcf7.aa.t0,sensitive
cggagtctcggaaacg_mcf7.aa.t0,sensitive
cggctagagcatcatc_mcf7.aa.t0,sensitive
cggctagcaagccgtc_mcf7.aa.t0,sensitive
cggctagcacgaaata_mcf7.aa.t0,sensitive
cggctagcatgcctaa_mcf7.aa.t0,sensitive
cggctagtcgccagca_mcf7.aa.t0,sensitive
cggctagtctacttac_mcf7.aa.t0,sensitive
cgggtcaagctagccc_mcf7.aa.t0,sensitive
cgggtcaaggtaaact_mcf7.aa.t0,sensitive
cgggtcacactacagt_mcf7.aa.t0,sensitive
cgggtcagtagcgtcc_mcf7.aa.t0,sensitive
cgggtcatcagtgttg_mcf7.aa.t0,sensitive
cggttaaagccagaac_mcf7.aa.t0,sensitive
cggttaaagcgcctca_mcf7.aa.t0,sensitive
cggttaaaggttccta_mcf7.aa.t0,sensitive
cggttaaagtgtacct_mcf7.aa.t0,sensitive
cggttaacacatgact_mcf7.aa.t0,sensitive
cggttaacagctccga_mcf7.aa.t0,sensitive
cggttaacagctcgac_mcf7.aa.t0,sensitive
cggttaagtccgctga_mcf7.aa.t0,sensitive
cgtagcgagctttggt_mcf7.aa.t0,sensitive
cgtagcggtgtctgat_mcf7.aa.t0,sensitive
cgtagcgtcaacggcc_mcf7.aa.t0,sensitive
cgtaggccagttaacc_mcf7.aa.t0,sensitive
cgtaggccattcctcg_mcf7.aa.t0,sensitive
cgtaggctcatcgatg_mcf7.aa.t0,sensitive
cgtcactagttaagtg_mcf7.aa.t0,sensitive
cgtcacttcctagtga_mcf7.aa.t0,sensitive
cgtcacttcgctgata_mcf7.aa.t0,sensitive
cgtcacttctggtatg_mcf7.aa.t0,sensitive
cgtcaggagcgccttg_mcf7.aa.t0,sensitive
cgtcaggagggaacgg_mcf7.aa.t0,sensitive
cgtcaggaggttccta_mcf7.aa.t0,sensitive
cgtcaggcagcctttc_mcf7.aa.t0,sensitive
cgtcagggtcatatgc_mcf7.aa.t0,sensitive
cgtcaggtccgcagtg_mcf7.aa.t0,sensitive
cgtcaggtcgagagca_mcf7.aa.t0,sensitive
cgtcaggtcgttgaca_mcf7.aa.t0,sensitive
cgtccatagcgtagtg_mcf7.aa.t0,sensitive
cgtccatcactctgtc_mcf7.aa.t0,sensitive
cgtccatcagctcgca_mcf7.aa.t0,sensitive
cgtctaccatgggaac_mcf7.aa.t0,sensitive
cgtctacgtcttcgtc_mcf7.aa.t0,sensitive
cgtgagcaggctatct_mcf7.aa.t0,sensitive
cgtgagccacctcgtt_mcf7.aa.t0,sensitive
cgtgagccactgtgta_mcf7.aa.t0,sensitive
cgtgagcgtacaccgc_mcf7.aa.t0,sensitive
cgtgagcgttgtggag_mcf7.aa.t0,sensitive
cgtgtctcatgctagt_mcf7.aa.t0,sensitive
cgttagacatagaaac_mcf7.aa.t0,sensitive
cgttagagtgcgaaac_mcf7.aa.t0,sensitive
cgttagagttacggag_mcf7.aa.t0,sensitive
cgttctgcacgtcagc_mcf7.aa.t0,sensitive
cgttctgcatgtcgat_mcf7.aa.t0,sensitive
cgttctggttacgtca_mcf7.aa.t0,sensitive
cgttctggttgagttc_mcf7.aa.t0,sensitive
cgttctgtctatccta_mcf7.aa.t0,sensitive
cgttgggagagtgacc_mcf7.aa.t0,sensitive
cgttgggcagcttcgg_mcf7.aa.t0,sensitive
cgttggggtcctcttg_mcf7.aa.t0,sensitive
cgttggggtcgaatct_mcf7.aa.t0,sensitive
cgttgggtcacgaagg_mcf7.aa.t0,sensitive
ctaacttagcgtctat_mcf7.aa.t0,sensitive
ctaacttcacctggtg_mcf7.aa.t0,sensitive
ctaacttgtacttgac_mcf7.aa.t0,sensitive
ctaactttctgttgag_mcf7.aa.t0,sensitive
ctaagaccagacgcaa_mcf7.aa.t0,sensitive
ctaagaccatcccact_mcf7.aa.t0,sensitive
ctaagactccacgacg_mcf7.aa.t0,sensitive
ctaagactctgcgtaa_mcf7.aa.t0,sensitive
ctaagactcttctggc_mcf7.aa.t0,sensitive
ctaatggaggagttta_mcf7.aa.t0,sensitive
ctaatggcaatggtct_mcf7.aa.t0,sensitive
ctaatggcactcgacg_mcf7.aa.t0,sensitive
ctaatggcatccgtgg_mcf7.aa.t0,sensitive
ctaatggtccttgacc_mcf7.aa.t0,sensitive
ctaatggtcgaacgga_mcf7.aa.t0,sensitive
ctacacccacagtcgc_mcf7.aa.t0,sensitive
ctacacctctcgatga_mcf7.aa.t0,sensitive
ctacattcagcgtaag_mcf7.aa.t0,sensitive
ctacatttcataaagg_mcf7.aa.t0,sensitive
ctacatttcgagaacg_mcf7.aa.t0,sensitive
ctacccaagtttagga_mcf7.aa.t0,sensitive
ctacccacacctggtg_mcf7.aa.t0,sensitive
ctacgtcagtgcgtga_mcf7.aa.t0,sensitive
ctagagtaggacgaaa_mcf7.aa.t0,sensitive
ctagagtagtatgaca_mcf7.aa.t0,sensitive
ctagagtcacgactcg_mcf7.aa.t0,sensitive
ctagagttcatcattc_mcf7.aa.t0,sensitive
ctagcctagagtacat_mcf7.aa.t0,sensitive
ctagcctcacacatgt_mcf7.aa.t0,sensitive
ctagcctgtaggagtc_mcf7.aa.t0,sensitive
ctagccttcaaaccgt_mcf7.aa.t0,sensitive
ctagtgaagaattgtg_mcf7.aa.t0,sensitive
ctagtgagttcacggc_mcf7.aa.t0,sensitive
ctagtgatcaccgggt_mcf7.aa.t0,sensitive
ctagtgatcagaggtg_mcf7.aa.t0,sensitive
ctcacaccattctcat_mcf7.aa.t0,sensitive
ctcacacgtccatgat_mcf7.aa.t0,sensitive
ctcagaaagaatgtgt_mcf7.aa.t0,sensitive
ctcagaaagacaatac_mcf7.aa.t0,sensitive
ctcagaacaaacctac_mcf7.aa.t0,sensitive
ctcagaacatatgaga_mcf7.aa.t0,sensitive
ctcattacaatgttgc_mcf7.aa.t0,sensitive
ctcattacaccatcct_mcf7.aa.t0,sensitive
ctcattagtacagacg_mcf7.aa.t0,sensitive
ctcattagtagaggaa_mcf7.aa.t0,sensitive
ctcattagtaggctga_mcf7.aa.t0,sensitive
ctcattagttatcggt_mcf7.aa.t0,sensitive
ctcctagagataggag_mcf7.aa.t0,sensitive
ctcctagcattcctcg_mcf7.aa.t0,sensitive
ctcctagcattgagct_mcf7.aa.t0,sensitive
ctcctaggtagcgtag_mcf7.aa.t0,sensitive
ctcctagtcaatctct_mcf7.aa.t0,sensitive
ctcctagtctgcagta_mcf7.aa.t0,sensitive
ctcgaaaagtgacata_mcf7.aa.t0,sensitive
ctcgaaagtaggcatg_mcf7.aa.t0,sensitive
ctcgaggagtacatga_mcf7.aa.t0,sensitive
ctcgaggcaatggacg_mcf7.aa.t0,sensitive
ctcgagggtggcgaat_mcf7.aa.t0,sensitive
ctcgagggttatgtgc_mcf7.aa.t0,sensitive
ctcgaggtcgtaccgg_mcf7.aa.t0,sensitive
ctcggagagtgggatc_mcf7.aa.t0,sensitive
ctcggagtcatgtggt_mcf7.aa.t0,sensitive
ctcgggaagtgacata_mcf7.aa.t0,sensitive
ctcgtacagaaaccat_mcf7.aa.t0,sensitive
ctcgtacagctgccca_mcf7.aa.t0,sensitive
ctcgtacaggatggtc_mcf7.aa.t0,sensitive
ctcgtacaggctcatt_mcf7.aa.t0,sensitive
ctcgtacgtggtacag_mcf7.aa.t0,sensitive
ctcgtacgttcagtac_mcf7.aa.t0,sensitive
ctcgtactcggccgat_mcf7.aa.t0,sensitive
ctcgtcaagaagggta_mcf7.aa.t0,sensitive
ctcgtcaagctagtct_mcf7.aa.t0,sensitive
ctcgtcaagtcacgcc_mcf7.aa.t0,sensitive
ctcgtcacatgcaatc_mcf7.aa.t0,sensitive
ctcgtcagtccgaatt_mcf7.aa.t0,sensitive
ctcgtcagtctctcgt_mcf7.aa.t0,sensitive
ctcgtcagttagggtg_mcf7.aa.t0,sensitive
ctctaatagagggata_mcf7.aa.t0,sensitive
ctctaatagcccagct_mcf7.aa.t0,sensitive
ctctaataggcgacat_mcf7.aa.t0,sensitive
ctctaatcacttctgc_mcf7.aa.t0,sensitive
ctctaattcagtcagt_mcf7.aa.t0,sensitive
ctctacgcaaggctcc_mcf7.aa.t0,sensitive
ctctacgtcggtgtta_mcf7.aa.t0,sensitive
ctctacgtctgttgag_mcf7.aa.t0,sensitive
ctctggtagatgtggc_mcf7.aa.t0,sensitive
ctctggtcatgcccga_mcf7.aa.t0,sensitive
ctctggtgtgtggctc_mcf7.aa.t0,sensitive
ctgaaacaggctagca_mcf7.aa.t0,sensitive
ctgaaacagggtgtgt_mcf7.aa.t0,sensitive
ctgaaaccaggacgta_mcf7.aa.t0,sensitive
ctgaaaccatgggaac_mcf7.aa.t0,sensitive
ctgaaacgtattctct_mcf7.aa.t0,sensitive
ctgaagtaggcagtca_mcf7.aa.t0,sensitive
ctgaagtaggttccta_mcf7.aa.t0,sensitive
ctgaagtagtgaagag_mcf7.aa.t0,sensitive
ctgaagtgtgaccaag_mcf7.aa.t0,sensitive
ctgaagttccgtcatc_mcf7.aa.t0,sensitive
ctgatagagaaacgag_mcf7.aa.t0,sensitive
ctgatagcacctatcc_mcf7.aa.t0,sensitive
ctgatagcagtggagt_mcf7.aa.t0,sensitive
ctgataggtcttcaag_mcf7.aa.t0,sensitive
ctgataggtttaggaa_mcf7.aa.t0,sensitive
ctgatagtctctgaga_mcf7.aa.t0,sensitive
ctgatccagactaggc_mcf7.aa.t0,sensitive
ctgatccagcgctcca_mcf7.aa.t0,sensitive
ctgcctaagctttggt_mcf7.aa.t0,sensitive
ctgcctacactgtcgg_mcf7.aa.t0,sensitive
ctgcctagtcgcggtt_mcf7.aa.t0,sensitive
ctgcggaaggaattac_mcf7.aa.t0,sensitive
ctgcggagtgtgtgcc_mcf7.aa.t0,sensitive
ctgctgtagagtctgg_mcf7.aa.t0,sensitive
ctgctgtagatcccgc_mcf7.aa.t0,sensitive
ctgctgtgtccgacgt_mcf7.aa.t0,sensitive
ctgctgttcagaaatg_mcf7.aa.t0,sensitive
ctggtctaggagttgc_mcf7.aa.t0,sensitive
ctggtctcacggccat_mcf7.aa.t0,sensitive
ctgtgctgtagcttgt_mcf7.aa.t0,sensitive
ctgtttaagcacaggt_mcf7.aa.t0,sensitive
ctgtttaagcaccgct_mcf7.aa.t0,sensitive
ctgtttacaaagtcaa_mcf7.aa.t0,sensitive
ctgtttagtagggact_mcf7.aa.t0,sensitive
ctgtttagtccatgat_mcf7.aa.t0,sensitive
ctgtttatccacgtgg_mcf7.aa.t0,sensitive
cttaactcagcatact_mcf7.aa.t0,sensitive
cttaacttcggtgtta_mcf7.aa.t0,sensitive
cttaacttctttacgt_mcf7.aa.t0,sensitive
cttaccgcaaggtgtg_mcf7.aa.t0,sensitive
cttaccggtatcgcat_mcf7.aa.t0,sensitive
cttaccggtcggcact_mcf7.aa.t0,sensitive
cttaggaaggacgaaa_mcf7.aa.t0,sensitive
cttaggaagtgtctca_mcf7.aa.t0,sensitive
cttaggagtccgacgt_mcf7.aa.t0,sensitive
cttctctgtcccttgt_mcf7.aa.t0,sensitive
cttggctagaggtacc_mcf7.aa.t0,sensitive
cttggctcaggattgg_mcf7.aa.t0,sensitive
ctttgcgcacggatag_mcf7.aa.t0,sensitive
ctttgcgcatactacg_mcf7.aa.t0,sensitive
ctttgcggtcacctaa_mcf7.aa.t0,sensitive
gaaactcagccacctg_mcf7.aa.t0,sensitive
gaaactccaatcagaa_mcf7.aa.t0,sensitive
gaaactcgttgtggcc_mcf7.aa.t0,sensitive
gaaactctccgcggta_mcf7.aa.t0,sensitive
gaaatgaagatatacg_mcf7.aa.t0,sensitive
gaaatgatcatctgtt_mcf7.aa.t0,sensitive
gaacctacaagtctac_mcf7.aa.t0,sensitive
gaacctacatcgatgt_mcf7.aa.t0,sensitive
gaacctacattcactt_mcf7.aa.t0,sensitive
gaacctagtccctact_mcf7.aa.t0,sensitive
gaacctagtctcttta_mcf7.aa.t0,sensitive
gaacctatcattcact_mcf7.aa.t0,sensitive
gaacctatctctgtcg_mcf7.aa.t0,sensitive
gaacctatctgtcaag_mcf7.aa.t0,sensitive
gaagcagagcgatata_mcf7.aa.t0,sensitive
gaagcagcattgggcc_mcf7.aa.t0,sensitive
gaagcaggtaggcatg_mcf7.aa.t0,sensitive
gaagcaggttgattcg_mcf7.aa.t0,sensitive
gaataagagtggacgt_mcf7.aa.t0,sensitive
gaataagcagctgctg_mcf7.aa.t0,sensitive
gaataagcaggcgata_mcf7.aa.t0,sensitive
gaataagcatataccg_mcf7.aa.t0,sensitive
gaatgaaagcacgcct_mcf7.aa.t0,sensitive
gaatgaacacggacaa_mcf7.aa.t0,sensitive
gaatgaagtttactct_mcf7.aa.t0,sensitive
gaatgaatccctcagt_mcf7.aa.t0,sensitive
gacacgcaggcccttg_mcf7.aa.t0,sensitive
gacacgcgtcagaata_mcf7.aa.t0,sensitive
gacacgctcctagtga_mcf7.aa.t0,sensitive
gacacgctctttacgt_mcf7.aa.t0,sensitive
gacagagcactgaagg_mcf7.aa.t0,sensitive
gacagagcatgtaaga_mcf7.aa.t0,sensitive
gacagaggtaagtgta_mcf7.aa.t0,sensitive
gacagaggtctcgttc_mcf7.aa.t0,sensitive
gacagagtcggtccga_mcf7.aa.t0,sensitive
gacagagtcttgtact_mcf7.aa.t0,sensitive
gaccaatgtcatactg_mcf7.aa.t0,sensitive
gaccaattcaataagg_mcf7.aa.t0,sensitive
gacctggcagggtaca_mcf7.aa.t0,sensitive
gacctgggtaatagca_mcf7.aa.t0,sensitive
gacctgggtggtccgt_mcf7.aa.t0,sensitive
gacctggtcaaacaag_mcf7.aa.t0,sensitive
gacctggtcacccgag_mcf7.aa.t0,sensitive
gacctggtcggtgtcg_mcf7.aa.t0,sensitive
gacgcgtagaactcgg_mcf7.aa.t0,sensitive
gacgcgtagagtaccg_mcf7.aa.t0,sensitive
gacgcgtagcacacag_mcf7.aa.t0,sensitive
gacgcgtgttggaggt_mcf7.aa.t0,sensitive
gacgcgttcaccaggc_mcf7.aa.t0,sensitive
gacggctcacaagacg_mcf7.aa.t0,sensitive
gacggctcagggttag_mcf7.aa.t0,sensitive
gacggctgtccgtgac_mcf7.aa.t0,sensitive
gacgtgccacttctgc_mcf7.aa.t0,sensitive
gacgttaagacactaa_mcf7.aa.t0,sensitive
gacgttaaggaattac_mcf7.aa.t0,sensitive
gacgttacacgtgaga_mcf7.aa.t0,sensitive
gacgttagtagcgatg_mcf7.aa.t0,sensitive
gactaacaggaatgga_mcf7.aa.t0,sensitive
gactaaccaagccgct_mcf7.aa.t0,sensitive
gactaaccagataatg_mcf7.aa.t0,sensitive
gactaacgtgaacctt_mcf7.aa.t0,sensitive
gactaactctctgctg_mcf7.aa.t0,sensitive
gactacacatcggaag_mcf7.aa.t0,sensitive
gactacatccactcca_mcf7.aa.t0,sensitive
gactacatcggcgcat_mcf7.aa.t0,sensitive
gactgcgcagcatact_mcf7.aa.t0,sensitive
gactgcgcatcagtca_mcf7.aa.t0,sensitive
gagcagaagggatacc_mcf7.aa.t0,sensitive
gagcagacatgtcgat_mcf7.aa.t0,sensitive
gagcagagtgccttgg_mcf7.aa.t0,sensitive
gagcagatcagctggc_mcf7.aa.t0,sensitive
gagcagatcgagaacg_mcf7.aa.t0,sensitive
gaggtgacagcctttc_mcf7.aa.t0,sensitive
gaggtgacagtaagcg_mcf7.aa.t0,sensitive
gaggtgagtctagtca_mcf7.aa.t0,sensitive
gaggtgatcagtttgg_mcf7.aa.t0,sensitive
gagtccgaggatggaa_mcf7.aa.t0,sensitive
gagtccgcaggattgg_mcf7.aa.t0,sensitive
gagtccggtatcagtc_mcf7.aa.t0,sensitive
gagtccggtattctct_mcf7.aa.t0,sensitive
gagtccggtcagaata_mcf7.aa.t0,sensitive
gagtccgtccgtcatc_mcf7.aa.t0,sensitive
gagtccgtcctgcttg_mcf7.aa.t0,sensitive
gagtccgtctagcaca_mcf7.aa.t0,sensitive
gatcagtagctagccc_mcf7.aa.t0,sensitive
gatcagtaggacgaaa_mcf7.aa.t0,sensitive
gatcagttcctcctag_mcf7.aa.t0,sensitive
gatcgatagagcccaa_mcf7.aa.t0,sensitive
gatcgatagcccagct_mcf7.aa.t0,sensitive
gatcgatcagtcacta_mcf7.aa.t0,sensitive
gatcgatgtccgctga_mcf7.aa.t0,sensitive
gatcgattcagcgacc_mcf7.aa.t0,sensitive
gatcgcgagaccggat_mcf7.aa.t0,sensitive
gatcgcgtcctcaatt_mcf7.aa.t0,sensitive
gatcgtaaggctacga_mcf7.aa.t0,sensitive
gatcgtacatgttgac_mcf7.aa.t0,sensitive
gatcgtagtctaacgt_mcf7.aa.t0,sensitive
gatcgtatcgctagcg_mcf7.aa.t0,sensitive
gatcgtatcttctggc_mcf7.aa.t0,sensitive
gatctaggtctcttta_mcf7.aa.t0,sensitive
gatgaaaagaaaccgc_mcf7.aa.t0,sensitive
gatgaaacaggatcga_mcf7.aa.t0,sensitive
gatgaaacagggcata_mcf7.aa.t0,sensitive
gatgaaagtcaactgt_mcf7.aa.t0,sensitive
gatgaaagtcccgaca_mcf7.aa.t0,sensitive
gatgaaagtgggtatg_mcf7.aa.t0,sensitive
gatgaaagttctgaac_mcf7.aa.t0,sensitive
gatgaaatcccggatg_mcf7.aa.t0,sensitive
gatgaggcatcgggtc_mcf7.aa.t0,sensitive
gatgagggtcagaata_mcf7.aa.t0,sensitive
gatgagggtctcatcc_mcf7.aa.t0,sensitive
gatgctaagcccaacc_mcf7.aa.t0,sensitive
gatgctacacgaagca_mcf7.aa.t0,sensitive
gatgctacatagtaag_mcf7.aa.t0,sensitive
gatgctagtgtaagta_mcf7.aa.t0,sensitive
gatgctatcctgccat_mcf7.aa.t0,sensitive
gatgctatctcattca_mcf7.aa.t0,sensitive
gattcagagcagcctc_mcf7.aa.t0,sensitive
gattcagagtcaaggc_mcf7.aa.t0,sensitive
gcaaactagtgggcta_mcf7.aa.t0,sensitive
gcaaactcatctatgg_mcf7.aa.t0,sensitive
gcaaactgtaagtgta_mcf7.aa.t0,sensitive
gcaaactgtctgcaat_mcf7.aa.t0,sensitive
gcaaacttcatgcaac_mcf7.aa.t0,sensitive
gcaaacttcgaacgga_mcf7.aa.t0,sensitive
gcaaacttctgttgag_mcf7.aa.t0,sensitive
gcaatcacaagtagta_mcf7.aa.t0,sensitive
gcaatcagtgttcgat_mcf7.aa.t0,sensitive
gcaatcatcagttcga_mcf7.aa.t0,sensitive
gcacataagcgcttat_mcf7.aa.t0,sensitive
gcacataagctagttc_mcf7.aa.t0,sensitive
gcacataagggtttct_mcf7.aa.t0,sensitive
gcacataagtaccgga_mcf7.aa.t0,sensitive
gcacatatccaaccaa_mcf7.aa.t0,sensitive
gcactctcacaagtaa_mcf7.aa.t0,sensitive
gcactctgtagtacct_mcf7.aa.t0,sensitive
gcactctgtctaacgt_mcf7.aa.t0,sensitive
gcactctgttcgggct_mcf7.aa.t0,sensitive
gcactctgttgattgc_mcf7.aa.t0,sensitive
gcagccagtcgcttct_mcf7.aa.t0,sensitive
gcagccatccgtacaa_mcf7.aa.t0,sensitive
gcagttaagaactcgg_mcf7.aa.t0,sensitive
gcagttaagctagtgg_mcf7.aa.t0,sensitive
gcagttacaatgttgc_mcf7.aa.t0,sensitive
gcagttatccacgacg_mcf7.aa.t0,sensitive
gcatacagtacaagta_mcf7.aa.t0,sensitive
gcatacagttaaagtg_mcf7.aa.t0,sensitive
gcatacatccttgcca_mcf7.aa.t0,sensitive
gcatacatcgttacag_mcf7.aa.t0,sensitive
gcatgatagactgggt_mcf7.aa.t0,sensitive
gcatgatagtaaccct_mcf7.aa.t0,sensitive
gcatgatagtagtgcg_mcf7.aa.t0,sensitive
gcatgatgtcgactgc_mcf7.aa.t0,sensitive
gcatgcgaggaccaca_mcf7.aa.t0,sensitive
gcatgcgcatttcact_mcf7.aa.t0,sensitive
gcatgcgtcgaccagc_mcf7.aa.t0,sensitive
gcatgcgtcttgtatc_mcf7.aa.t0,sensitive
gcatgtaaggctagca_mcf7.aa.t0,sensitive
gcatgtaagtgatcgg_mcf7.aa.t0,sensitive
gcatgtagtttccacc_mcf7.aa.t0,sensitive
gcatgtatcctttcgg_mcf7.aa.t0,sensitive
gccaaatcaatggaat_mcf7.aa.t0,sensitive
gccaaatcagccttgg_mcf7.aa.t0,sensitive
gcctctagtaatcacc_mcf7.aa.t0,sensitive
gcctctagtcacccag_mcf7.aa.t0,sensitive
gcctctagtcgaacag_mcf7.aa.t0,sensitive
gcgaccaagctgccca_mcf7.aa.t0,sensitive
gcgaccacacttaacg_mcf7.aa.t0,sensitive
gcgaccacagagtgtg_mcf7.aa.t0,sensitive
gcgaccagtcgactat_mcf7.aa.t0,sensitive
gcgagaaagctgccca_mcf7.aa.t0,sensitive
gcgagaacatcggtta_mcf7.aa.t0,sensitive
gcgagaagtgcactta_mcf7.aa.t0,sensitive
gcgagaagtgttcgat_mcf7.aa.t0,sensitive
gcgcaacagttatcgc_mcf7.aa.t0,sensitive
gcgcaacgtactctcc_mcf7.aa.t0,sensitive
gcgcaacgtctccact_mcf7.aa.t0,sensitive
gcgcagtcaacaacct_mcf7.aa.t0,sensitive
gcgccaaagagactta_mcf7.aa.t0,sensitive
gcgccaatcattatcc_mcf7.aa.t0,sensitive
gcgcgatcaccaccag_mcf7.aa.t0,sensitive
gcgcgatcagctcgac_mcf7.aa.t0,sensitive
gcgcgatgtgtgaaat_mcf7.aa.t0,sensitive
gcgcgattcattcact_mcf7.aa.t0,sensitive
gcgggttagaggtacc_mcf7.aa.t0,sensitive
gcgggttgtataatgg_mcf7.aa.t0,sensitive
gcgggttgtccctact_mcf7.aa.t0,sensitive
gctcctaagtaccgga_mcf7.aa.t0,sensitive
gctcctaagttaggta_mcf7.aa.t0,sensitive
gctcctatcagcgatt_mcf7.aa.t0,sensitive
gctctgtagaaacgcc_mcf7.aa.t0,sensitive
gctctgtagactacaa_mcf7.aa.t0,sensitive
gctctgttcaaccatg_mcf7.aa.t0,sensitive
gctctgttcctcctag_mcf7.aa.t0,sensitive
gctgcagcagatggca_mcf7.aa.t0,sensitive
gctgcaggtaattgga_mcf7.aa.t0,sensitive
gctgcaggtataggta_mcf7.aa.t0,sensitive
gctgcaggtctaaacc_mcf7.aa.t0,sensitive
gctgcaggttacgtca_mcf7.aa.t0,sensitive
gctgcagtcgccagca_mcf7.aa.t0,sensitive
gctgcagtctttaggg_mcf7.aa.t0,sensitive
gctgcgaagggtgtgt_mcf7.aa.t0,sensitive
gctgcgacatgggaac_mcf7.aa.t0,sensitive
gctgcgatctgtgcaa_mcf7.aa.t0,sensitive
gctgcttagccagtag_mcf7.aa.t0,sensitive
gctgcttagccggtaa_mcf7.aa.t0,sensitive
gctgcttagcgtctat_mcf7.aa.t0,sensitive
gctgcttcattacctt_mcf7.aa.t0,sensitive
gctgcttgtgtgtgcc_mcf7.aa.t0,sensitive
gctgctttcggacaag_mcf7.aa.t0,sensitive
gctgggtagagtaagg_mcf7.aa.t0,sensitive
gctgggtagtctcctc_mcf7.aa.t0,sensitive
gctgggtgttagtggg_mcf7.aa.t0,sensitive
gcttccaagggatctg_mcf7.aa.t0,sensitive
gcttccacagatgagc_mcf7.aa.t0,sensitive
gcttccagtcgccatg_mcf7.aa.t0,sensitive
gcttccatcacttcat_mcf7.aa.t0,sensitive
gcttccatccaaccaa_mcf7.aa.t0,sensitive
gcttccatctactcat_mcf7.aa.t0,sensitive
gcttgaaagcgaaggg_mcf7.aa.t0,sensitive
gcttgaagttcgtctc_mcf7.aa.t0,sensitive
gcttgaatcagcatgt_mcf7.aa.t0,sensitive
ggaaagcagagcctag_mcf7.aa.t0,sensitive
ggaaagcgtctacctc_mcf7.aa.t0,sensitive
ggaacttgttacagaa_mcf7.aa.t0,sensitive
ggacaagagacaaagg_mcf7.aa.t0,sensitive
ggacaagagcatcatc_mcf7.aa.t0,sensitive
ggacaagagttaggta_mcf7.aa.t0,sensitive
ggacaagcagctgcac_mcf7.aa.t0,sensitive
ggacaagtcctagggc_mcf7.aa.t0,sensitive
ggacaagtcctgccat_mcf7.aa.t0,sensitive
ggacagagtgcagaca_mcf7.aa.t0,sensitive
ggacagatcatgtctt_mcf7.aa.t0,sensitive
ggacagatcttaccta_mcf7.aa.t0,sensitive
ggacagatcttgtttg_mcf7.aa.t0,sensitive
ggacattgttgtacac_mcf7.aa.t0,sensitive
ggacatttcaccacct_mcf7.aa.t0,sensitive
ggacgtcgtaccggct_mcf7.aa.t0,sensitive
ggagcaacacaccgca_mcf7.aa.t0,sensitive
ggagcaagttgaggtg_mcf7.aa.t0,sensitive
ggatgttagtgggttg_mcf7.aa.t0,sensitive
ggatgttcatactacg_mcf7.aa.t0,sensitive
ggatgtttcatcattc_mcf7.aa.t0,sensitive
ggatgtttctgctgct_mcf7.aa.t0,sensitive
ggattaccacttcgaa_mcf7.aa.t0,sensitive
ggattaccattgtgca_mcf7.aa.t0,sensitive
ggattactcatatcgg_mcf7.aa.t0,sensitive
ggattactctcctata_mcf7.aa.t0,sensitive
ggcaattcaacgcacc_mcf7.aa.t0,sensitive
ggcaattcagatctgt_mcf7.aa.t0,sensitive
ggcaattcatgtcctc_mcf7.aa.t0,sensitive
ggcaatttcatgtggt_mcf7.aa.t0,sensitive
ggccgatcaagttaag_mcf7.aa.t0,sensitive
ggccgatgtctgatca_mcf7.aa.t0,sensitive
ggcgactagatgcgac_mcf7.aa.t0,sensitive
ggcgacttcatgcaac_mcf7.aa.t0,sensitive
ggcgacttctcgcttg_mcf7.aa.t0,sensitive
ggcgtgtgtgtaagta_mcf7.aa.t0,sensitive
ggcgtgtgttcatggt_mcf7.aa.t0,sensitive
ggcgtgtgttgtttgg_mcf7.aa.t0,sensitive
ggcgtgttctaagcca_mcf7.aa.t0,sensitive
ggcgtgttctgcgtaa_mcf7.aa.t0,sensitive
ggctggtagcctcgtg_mcf7.aa.t0,sensitive
ggctggtagtcgataa_mcf7.aa.t0,sensitive
ggctggtgttcatggt_mcf7.aa.t0,sensitive
ggctggttcaagatcc_mcf7.aa.t0,sensitive
ggctggttcggttaac_mcf7.aa.t0,sensitive
gggaatgagtggcaca_mcf7.aa.t0,sensitive
gggaatgcacgaaacg_mcf7.aa.t0,sensitive
gggaatgcactgttag_mcf7.aa.t0,sensitive
gggaatgcagattgct_mcf7.aa.t0,sensitive
gggaatggtctacctc_mcf7.aa.t0,sensitive
gggaatgtctgtttgt_mcf7.aa.t0,sensitive
gggacctagtgaacat_mcf7.aa.t0,sensitive
gggaccttcctagggc_mcf7.aa.t0,sensitive
gggagatagaaggtga_mcf7.aa.t0,sensitive
gggagatcatggatgg_mcf7.aa.t0,sensitive
gggagatgtaagttcc_mcf7.aa.t0,sensitive
gggagatgtctcttta_mcf7.aa.t0,sensitive
gggagatgttatgtgc_mcf7.aa.t0,sensitive
gggagattcagtcagt_mcf7.aa.t0,sensitive
gggagattccaaccaa_mcf7.aa.t0,sensitive
gggagattcgcctgtt_mcf7.aa.t0,sensitive
gggatgacagtcgatt_mcf7.aa.t0,sensitive
gggatgagtaccgctg_mcf7.aa.t0,sensitive
gggcactgtaacgttc_mcf7.aa.t0,sensitive
gggcactgtacatgtc_mcf7.aa.t0,sensitive
gggcactgtgataaac_mcf7.aa.t0,sensitive
gggcacttctggcgac_mcf7.aa.t0,sensitive
gggcatcgtcatgcat_mcf7.aa.t0,sensitive
gggcatctcagttgac_mcf7.aa.t0,sensitive
gggcatctcctttaca_mcf7.aa.t0,sensitive
gggcatctctctgtcg_mcf7.aa.t0,sensitive
gggtctgcaggaccct_mcf7.aa.t0,sensitive
gggtctgtcagcacat_mcf7.aa.t0,sensitive
gggttgccactctgtc_mcf7.aa.t0,sensitive
gggttgccattacctt_mcf7.aa.t0,sensitive
gggttgcgtctttcat_mcf7.aa.t0,sensitive
ggtattgagtcatcca_mcf7.aa.t0,sensitive
ggtattgtctaaccga_mcf7.aa.t0,sensitive
ggtgaagcacggatag_mcf7.aa.t0,sensitive
ggtgaagcactaagtc_mcf7.aa.t0,sensitive
ggtgaaggtacagtgg_mcf7.aa.t0,sensitive
ggtgaaggtggtacag_mcf7.aa.t0,sensitive
ggtgaaggttggaggt_mcf7.aa.t0,sensitive
ggtgaagtcaaggctt_mcf7.aa.t0,sensitive
ggtgcgtcatctggta_mcf7.aa.t0,sensitive
ggtgcgttctactcat_mcf7.aa.t0,sensitive
ggtgttaagactacaa_mcf7.aa.t0,sensitive
ggtgttaagacttgaa_mcf7.aa.t0,sensitive
ggtgttaagtaggcca_mcf7.aa.t0,sensitive
ggtgttacataggata_mcf7.aa.t0,sensitive
ggtgttacatttgccc_mcf7.aa.t0,sensitive
ggtgttatctagagtc_mcf7.aa.t0,sensitive
gtaacgtagctaactc_mcf7.aa.t0,sensitive
gtaacgtgtccgtgac_mcf7.aa.t0,sensitive
gtaacgtgtcctagcg_mcf7.aa.t0,sensitive
gtaacgttctaccaga_mcf7.aa.t0,sensitive
gtaactgagagactta_mcf7.aa.t0,sensitive
gtaactgagttagcgg_mcf7.aa.t0,sensitive
gtaactgcaatcggtt_mcf7.aa.t0,sensitive
gtaactggtatagtag_mcf7.aa.t0,sensitive
gtacgtacaaacgcga_mcf7.aa.t0,sensitive
gtacgtacaatcagaa_mcf7.aa.t0,sensitive
gtacgtagtgtgaccc_mcf7.aa.t0,sensitive
gtactcctcacgcata_mcf7.aa.t0,sensitive
gtactttagggatctg_mcf7.aa.t0,sensitive
gtactttcatatggtc_mcf7.aa.t0,sensitive
gtactttcatggtcat_mcf7.aa.t0,sensitive
gtactttgtacttctt_mcf7.aa.t0,sensitive
gtactttgtgggtatg_mcf7.aa.t0,sensitive
gtacttttctgcagta_mcf7.aa.t0,sensitive
gtaggccgtcagaagc_mcf7.aa.t0,sensitive
gtagtcaagctaactc_mcf7.aa.t0,sensitive
gtagtcaagtagcggt_mcf7.aa.t0,sensitive
gtagtcaagtgccatt_mcf7.aa.t0,sensitive
gtagtcacatcccact_mcf7.aa.t0,sensitive
gtagtcacatgcccga_mcf7.aa.t0,sensitive
gtagtcatccgcggta_mcf7.aa.t0,sensitive
gtatcttaggccctca_mcf7.aa.t0,sensitive
gtatcttagggatctg_mcf7.aa.t0,sensitive
gtatcttgtatatccg_mcf7.aa.t0,sensitive
gtatcttgtcacccag_mcf7.aa.t0,sensitive
gtatctttcaatcacg_mcf7.aa.t0,sensitive
gtatctttcacttact_mcf7.aa.t0,sensitive
gtatctttcattatcc_mcf7.aa.t0,sensitive
gtattctgtatcgcat_mcf7.aa.t0,sensitive
gtattctgttctgttt_mcf7.aa.t0,sensitive
gtattcttccagtagt_mcf7.aa.t0,sensitive
gtcaagtgtttgacac_mcf7.aa.t0,sensitive
gtcacaatcactgggc_mcf7.aa.t0,sensitive
gtcacggagaggtaga_mcf7.aa.t0,sensitive
gtcacggagctagttc_mcf7.aa.t0,sensitive
gtcacggagggaaaca_mcf7.aa.t0,sensitive
gtcacggcatgtctcc_mcf7.aa.t0,sensitive
gtcatttagggagtaa_mcf7.aa.t0,sensitive
gtcatttgttccacaa_mcf7.aa.t0,sensitive
gtcatttgttcccgag_mcf7.aa.t0,sensitive
gtcattttccgaatgt_mcf7.aa.t0,sensitive
gtcctcaagtccatac_mcf7.aa.t0,sensitive
gtcctcacattatctc_mcf7.aa.t0,sensitive
gtcctcagtcaatgtc_mcf7.aa.t0,sensitive
gtcctcagtcgactat_mcf7.aa.t0,sensitive
gtcctcatcgtccagg_mcf7.aa.t0,sensitive
gtcctcatcttaccta_mcf7.aa.t0,sensitive
gtcgggtcaccagatt_mcf7.aa.t0,sensitive
gtcgggttcctttcgg_mcf7.aa.t0,sensitive
gtcgtaaagacataac_mcf7.aa.t0,sensitive
gtcgtaatcaggcgaa_mcf7.aa.t0,sensitive
gtcgtaatctcgagta_mcf7.aa.t0,sensitive
gtctcgtagaacaatc_mcf7.aa.t0,sensitive
gtctcgtcatccgtgg_mcf7.aa.t0,sensitive
gtcttcgcaccaggtc_mcf7.aa.t0,sensitive
gtcttcggtaagtgta_mcf7.aa.t0,sensitive
gtgaaggagagagctc_mcf7.aa.t0,sensitive
gtgaaggagaggtaga_mcf7.aa.t0,sensitive
gtgaaggagcagcgta_mcf7.aa.t0,sensitive
gtgaaggtctacctgc_mcf7.aa.t0,sensitive
gtgcagcgtataaacg_mcf7.aa.t0,sensitive
gtgcagctcctgcttg_mcf7.aa.t0,sensitive
gtgcatacatgggaca_mcf7.aa.t0,sensitive
gtgcatagtcagctat_mcf7.aa.t0,sensitive
gtgcatatcatgtccc_mcf7.aa.t0,sensitive
gtgcatatcgcaaact_mcf7.aa.t0,sensitive
gtgcggtagagtaagg_mcf7.aa.t0,sensitive
gtgcggtcactgccag_mcf7.aa.t0,sensitive
gtgcttcaggacatta_mcf7.aa.t0,sensitive
gtgcttcgttggtgga_mcf7.aa.t0,sensitive
gtgggtctcaacacgt_mcf7.aa.t0,sensitive
gtgggtctccctaacc_mcf7.aa.t0,sensitive
gtgtgcgagcgttccg_mcf7.aa.t0,sensitive
gtgtgcgagctaccta_mcf7.aa.t0,sensitive
gtgtgcgcaaaggaag_mcf7.aa.t0,sensitive
gtgtgcggtctctcgt_mcf7.aa.t0,sensitive
gtgtgcggtttagctg_mcf7.aa.t0,sensitive
gtgtgcgtcattgccc_mcf7.aa.t0,sensitive
gtgttagcacagccca_mcf7.aa.t0,sensitive
gtgttagtcgacggaa_mcf7.aa.t0,sensitive
gttaagcaggcgacat_mcf7.aa.t0,sensitive
gttaagccaatgacct_mcf7.aa.t0,sensitive
gttaagccacggccat_mcf7.aa.t0,sensitive
gttaagccagcgttcg_mcf7.aa.t0,sensitive
gttaagctccgggtgt_mcf7.aa.t0,sensitive
gttacagagttacggg_mcf7.aa.t0,sensitive
gttacagcagctgtat_mcf7.aa.t0,sensitive
gttacagtcacttatc_mcf7.aa.t0,sensitive
gttacagtcaggttca_mcf7.aa.t0,sensitive
gttacagtcgatgagg_mcf7.aa.t0,sensitive
gttcattagacactaa_mcf7.aa.t0,sensitive
gttcattagaggttat_mcf7.aa.t0,sensitive
gttcattcaagccatt_mcf7.aa.t0,sensitive
gttcatttcccacttg_mcf7.aa.t0,sensitive
gttcatttcgctgata_mcf7.aa.t0,sensitive
gttcatttcgtcgttc_mcf7.aa.t0,sensitive
gttcgggcacgactcg_mcf7.aa.t0,sensitive
gttcggggtaagtagt_mcf7.aa.t0,sensitive
gttcggggtccgtgac_mcf7.aa.t0,sensitive
gttcggggtcgactgc_mcf7.aa.t0,sensitive
gttcggggtctcatcc_mcf7.aa.t0,sensitive
gttctcgagagagctc_mcf7.aa.t0,sensitive
gttctcgagtacgata_mcf7.aa.t0,sensitive
gttctcgcatgagcga_mcf7.aa.t0,sensitive
gttctcggtgtctgat_mcf7.aa.t0,sensitive
gttctcgtccctaatt_mcf7.aa.t0,sensitive
gtttctagttaaagtg_mcf7.aa.t0,sensitive
gtttctatcgtttagg_mcf7.aa.t0,sensitive
taaaccgcattctcat_mcf7.aa.t0,sensitive
taagagaaggctagca_mcf7.aa.t0,sensitive
taagagacaagccatt_mcf7.aa.t0,sensitive
taagagagtaagagag_mcf7.aa.t0,sensitive
taagagagttcaggcc_mcf7.aa.t0,sensitive
taagagatcaataccg_mcf7.aa.t0,sensitive
taagcgtcactgaagg_mcf7.aa.t0,sensitive
taagcgtcatactctt_mcf7.aa.t0,sensitive
taagcgttccacgcag_mcf7.aa.t0,sensitive
taagtgcagtaagtac_mcf7.aa.t0,sensitive
taagtgccacttaagc_mcf7.aa.t0,sensitive
taagtgcgtcaaagat_mcf7.aa.t0,sensitive
taagtgcgtgcggtaa_mcf7.aa.t0,sensitive
taagtgctcagtacgt_mcf7.aa.t0,sensitive
taagtgctcggatgga_mcf7.aa.t0,sensitive
tacacgaagaacaact_mcf7.aa.t0,sensitive
tacacgagttccacgg_mcf7.aa.t0,sensitive
tacacgatcttctggc_mcf7.aa.t0,sensitive
tacagtgcagcatact_mcf7.aa.t0,sensitive
tacagtggtacagttc_mcf7.aa.t0,sensitive
tacagtggtgcgcttg_mcf7.aa.t0,sensitive
tacagtggtgctagcc_mcf7.aa.t0,sensitive
tacctatagtacatga_mcf7.aa.t0,sensitive
tacctatcatatggtc_mcf7.aa.t0,sensitive
taccttaagaaaccta_mcf7.aa.t0,sensitive
taccttagtaagtggc_mcf7.aa.t0,sensitive
taccttagtagctgcc_mcf7.aa.t0,sensitive
taccttagttacagaa_mcf7.aa.t0,sensitive
taccttatcggtgtta_mcf7.aa.t0,sensitive
taccttatctactatc_mcf7.aa.t0,sensitive
tacggatagccatcgc_mcf7.aa.t0,sensitive
tacggatgtttggcgc_mcf7.aa.t0,sensitive
tacgggctcacatacg_mcf7.aa.t0,sensitive
tactcatagcaacggt_mcf7.aa.t0,sensitive
tactcataggatggtc_mcf7.aa.t0,sensitive
tactcgcgtactcgcg_mcf7.aa.t0,sensitive
tactcgctcaggcgaa_mcf7.aa.t0,sensitive
tactcgctcgggagta_mcf7.aa.t0,sensitive
tactcgctcttgggta_mcf7.aa.t0,sensitive
tacttacgtgtgaccc_mcf7.aa.t0,sensitive
tacttactcgaactgt_mcf7.aa.t0,sensitive
tacttgtgtaaaggag_mcf7.aa.t0,sensitive
tacttgttcctctagc_mcf7.aa.t0,sensitive
tagagctagcagcctc_mcf7.aa.t0,sensitive
tagccggcaacaacct_mcf7.aa.t0,sensitive
tagccggcaagagtcg_mcf7.aa.t0,sensitive
taggcattcagataag_mcf7.aa.t0,sensitive
tagtggtaggcagtca_mcf7.aa.t0,sensitive
tagtggtcaagtctgt_mcf7.aa.t0,sensitive
tagtggtgttacgact_mcf7.aa.t0,sensitive
tagtggtgttcgtgat_mcf7.aa.t0,sensitive
tagtggttcattcact_mcf7.aa.t0,sensitive
tagtggttccgctgtt_mcf7.aa.t0,sensitive
tagtggttctcggacg_mcf7.aa.t0,sensitive
tagttggagacgcaca_mcf7.aa.t0,sensitive
tagttggagctaccgc_mcf7.aa.t0,sensitive
tagttgggtcacttcc_mcf7.aa.t0,sensitive
tatcaggagaggttgc_mcf7.aa.t0,sensitive
tatcaggaggtgctag_mcf7.aa.t0,sensitive
tatcaggcagacgcct_mcf7.aa.t0,sensitive
tatcagggtagcgtcc_mcf7.aa.t0,sensitive
tatcaggtcatagcac_mcf7.aa.t0,sensitive
tatcaggtcatgtggt_mcf7.aa.t0,sensitive
tatctcaagacaggct_mcf7.aa.t0,sensitive
tatctcaagcatggca_mcf7.aa.t0,sensitive
tatctcacaaaggcgt_mcf7.aa.t0,sensitive
tatctcacagctcgac_mcf7.aa.t0,sensitive
tatctcatcctagtga_mcf7.aa.t0,sensitive
tatgcccaggcatgtg_mcf7.aa.t0,sensitive
tatgcccagggcatgt_mcf7.aa.t0,sensitive
tatgcccagttccaca_mcf7.aa.t0,sensitive
tatgcccgtctagtgt_mcf7.aa.t0,sensitive
tattacccaaatccgt_mcf7.aa.t0,sensitive
tattacctcatgtccc_mcf7.aa.t0,sensitive
tcaacgaagggttccc_mcf7.aa.t0,sensitive
tcaacgacaaacctac_mcf7.aa.t0,sensitive
tcaacgacagaagcac_mcf7.aa.t0,sensitive
tcaacgacagggagag_mcf7.aa.t0,sensitive
tcaacgagttcgtgat_mcf7.aa.t0,sensitive
tcaacgatcagcacat_mcf7.aa.t0,sensitive
tcaacgatcttaacct_mcf7.aa.t0,sensitive
tcaatctagatgcctt_mcf7.aa.t0,sensitive
tcaatctcacattcga_mcf7.aa.t0,sensitive
tcaatctgtgcaccac_mcf7.aa.t0,sensitive
tcaatctgttaaagtg_mcf7.aa.t0,sensitive
tcaatctgttgaactc_mcf7.aa.t0,sensitive
tcaatcttcaactctt_mcf7.aa.t0,sensitive
tcacaaggtgtaacgg_mcf7.aa.t0,sensitive
tcacaaggttaagaac_mcf7.aa.t0,sensitive
tcacaaggttctggta_mcf7.aa.t0,sensitive
tcacaaggtttgttgg_mcf7.aa.t0,sensitive
tcacaagtccacgtgg_mcf7.aa.t0,sensitive
tcacgaaaggctagca_mcf7.aa.t0,sensitive
tcacgaatcgcctgtt_mcf7.aa.t0,sensitive
tcagatgaggcaggtt_mcf7.aa.t0,sensitive
tcagatgcacatgtgt_mcf7.aa.t0,sensitive
tcagatgcatataccg_mcf7.aa.t0,sensitive
tcagatgcatcacaac_mcf7.aa.t0,sensitive
tcagatggtgcagaca_mcf7.aa.t0,sensitive
tcagatggtgctcttc_mcf7.aa.t0,sensitive
tcagatgtcctattca_mcf7.aa.t0,sensitive
tcagcaacaagccatt_mcf7.aa.t0,sensitive
tcagcaacagttccct_mcf7.aa.t0,sensitive
tcagcaacatactctt_mcf7.aa.t0,sensitive
tcagcaacatccgggt_mcf7.aa.t0,sensitive
tcagcaatcggcgcat_mcf7.aa.t0,sensitive
tcagcaatctatcccg_mcf7.aa.t0,sensitive
tcagctcagttatcgc_mcf7.aa.t0,sensitive
tcagctcgtttgtttc_mcf7.aa.t0,sensitive
tcagctctcgctagcg_mcf7.aa.t0,sensitive
tcaggatcagcatgag_mcf7.aa.t0,sensitive
tcaggattcactgggc_mcf7.aa.t0,sensitive
tcaggtaagcttcgcg_mcf7.aa.t0,sensitive
tcaggtaaggatatac_mcf7.aa.t0,sensitive
tcaggtaagtcatgct_mcf7.aa.t0,sensitive
tcaggtacaagttctg_mcf7.aa.t0,sensitive
tcaggtacaggaacgt_mcf7.aa.t0,sensitive
tcaggtatcgaatggg_mcf7.aa.t0,sensitive
tcaggtatctcggacg_mcf7.aa.t0,sensitive
tcattacagctagttc_mcf7.aa.t0,sensitive
tcattacagggtctcc_mcf7.aa.t0,sensitive
tcattacaggtgatat_mcf7.aa.t0,sensitive
tcattaccaaaggtgc_mcf7.aa.t0,sensitive
tcattaccagtcacta_mcf7.aa.t0,sensitive
tcattaccatgatcca_mcf7.aa.t0,sensitive
tcatttgagagacgaa_mcf7.aa.t0,sensitive
tcatttgcatgggaca_mcf7.aa.t0,sensitive
tccacacgtccagtta_mcf7.aa.t0,sensitive
tccacacgtcccgaca_mcf7.aa.t0,sensitive
tcccgatagtcttgca_mcf7.aa.t0,sensitive
tcccgatcacgtgaga_mcf7.aa.t0,sensitive
tcccgatgttctggta_mcf7.aa.t0,sensitive
tcccgattcttgtttg_mcf7.aa.t0,sensitive
tcgaggcagggcttga_mcf7.aa.t0,sensitive
tcgaggcagtctcaac_mcf7.aa.t0,sensitive
tcgaggccacccattc_mcf7.aa.t0,sensitive
tcgaggctcctaagtg_mcf7.aa.t0,sensitive
tcgcgagagcgtgagt_mcf7.aa.t0,sensitive
tcgcgagcagtaagcg_mcf7.aa.t0,sensitive
tcgcgagcatgtagtc_mcf7.aa.t0,sensitive
tcgcgaggtacaccgc_mcf7.aa.t0,sensitive
tcgcgaggttatcggt_mcf7.aa.t0,sensitive
tcgcgttagaaggtga_mcf7.aa.t0,sensitive
tcgcgttagcctcgtg_mcf7.aa.t0,sensitive
tcgcgttgttcgaatc_mcf7.aa.t0,sensitive
tcgggaccacattagc_mcf7.aa.t0,sensitive
tcgggacgtgttggga_mcf7.aa.t0,sensitive
tcggtaaaggcacatg_mcf7.aa.t0,sensitive
tcggtaatcttgtttg_mcf7.aa.t0,sensitive
tcgtacccaggacgta_mcf7.aa.t0,sensitive
tcgtacctccactcca_mcf7.aa.t0,sensitive
tcgtagaaggcccttg_mcf7.aa.t0,sensitive
tcgtagacactaagtc_mcf7.aa.t0,sensitive
tcgtagatcgaggtag_mcf7.aa.t0,sensitive
tctattgagctaccta_mcf7.aa.t0,sensitive
tctattggtgccttgg_mcf7.aa.t0,sensitive
tctattgtcctttcgg_mcf7.aa.t0,sensitive
tctcatagtactcaac_mcf7.aa.t0,sensitive
tctcatagtctccatc_mcf7.aa.t0,sensitive
tctcatatcagtgcat_mcf7.aa.t0,sensitive
tctctaagtgcttctc_mcf7.aa.t0,sensitive
tctctaatctcaaacg_mcf7.aa.t0,sensitive
tctctaatctgcccta_mcf7.aa.t0,sensitive
tctgagatcaaacggg_mcf7.aa.t0,sensitive
tctgagatcctgtacc_mcf7.aa.t0,sensitive
tctggaaaggtactct_mcf7.aa.t0,sensitive
tctggaacaattgctg_mcf7.aa.t0,sensitive
tctggaagtctggtcg_mcf7.aa.t0,sensitive
tctggaagtgctcttc_mcf7.aa.t0,sensitive
tctggaatcacggtta_mcf7.aa.t0,sensitive
tcttcggagatcctgt_mcf7.aa.t0,sensitive
tcttcgggtcccgaca_mcf7.aa.t0,sensitive
tctttccagtacgata_mcf7.aa.t0,sensitive
tctttccagtacgttc_mcf7.aa.t0,sensitive
tctttccgtcaatacc_mcf7.aa.t0,sensitive
tctttcctcctaagtg_mcf7.aa.t0,sensitive
tctttcctctcgcttg_mcf7.aa.t0,sensitive
tgaaagaagcgcctca_mcf7.aa.t0,sensitive
tgaaagaaggagttgc_mcf7.aa.t0,sensitive
tgaaagacaccgttgg_mcf7.aa.t0,sensitive
tgaaagacatgatcca_mcf7.aa.t0,sensitive
tgacaacagtaccgga_mcf7.aa.t0,sensitive
tgacaacagttgcagg_mcf7.aa.t0,sensitive
tgacggcagctaggca_mcf7.aa.t0,sensitive
tgacggcagtagccga_mcf7.aa.t0,sensitive
tgacggcagtcgagtg_mcf7.aa.t0,sensitive
tgacggccagtataag_mcf7.aa.t0,sensitive
tgactagagagctgca_mcf7.aa.t0,sensitive
tgactagagccaacag_mcf7.aa.t0,sensitive
tgactagcattctcat_mcf7.aa.t0,sensitive
tgactttcaagcgatg_mcf7.aa.t0,sensitive
tgactttgttacggag_mcf7.aa.t0,sensitive
tgacttttcacccgag_mcf7.aa.t0,sensitive
tgagaggagcaacggt_mcf7.aa.t0,sensitive
tgagaggtccaaactg_mcf7.aa.t0,sensitive
tgagcatgtgacgcct_mcf7.aa.t0,sensitive
tgagccggtactcaac_mcf7.aa.t0,sensitive
tgagccggtcttcgtc_mcf7.aa.t0,sensitive
tgagccggttccactc_mcf7.aa.t0,sensitive
tgagccgtcacgcggt_mcf7.aa.t0,sensitive
tgagggaagcacaggt_mcf7.aa.t0,sensitive
tgagggaaggtgatat_mcf7.aa.t0,sensitive
tgagggacaagaaagg_mcf7.aa.t0,sensitive
tgatttccacaagacg_mcf7.aa.t0,sensitive
tgatttccatgaacct_mcf7.aa.t0,sensitive
tgcacctcaatggaat_mcf7.aa.t0,sensitive
tgcacctcacggtaag_mcf7.aa.t0,sensitive
tgcacctcacttacga_mcf7.aa.t0,sensitive
tgcacctcaggattgg_mcf7.aa.t0,sensitive
tgcacctcataagaca_mcf7.aa.t0,sensitive
tgcaccttcaaaccac_mcf7.aa.t0,sensitive
tgcaccttcgcctgag_mcf7.aa.t0,sensitive
tgcccatagatcccat_mcf7.aa.t0,sensitive
tgcccatcagctgcac_mcf7.aa.t0,sensitive
tgcccatgtgaaggct_mcf7.aa.t0,sensitive
tgccctacaaacgcga_mcf7.aa.t0,sensitive
tgccctacactgccag_mcf7.aa.t0,sensitive
tgccctacagtcacta_mcf7.aa.t0,sensitive
tgccctagtacctaca_mcf7.aa.t0,sensitive
tgccctatcctgccat_mcf7.aa.t0,sensitive
tgcgcagcatacgccg_mcf7.aa.t0,sensitive
tgcgcagcatgggaac_mcf7.aa.t0,sensitive
tgcgcagtcccattat_mcf7.aa.t0,sensitive
tgcgcagtcttgggta_mcf7.aa.t0,sensitive
tgcgggtcaagacgtg_mcf7.aa.t0,sensitive
tgcgggtcagatgggt_mcf7.aa.t0,sensitive
tgcgggtgtgatgtct_mcf7.aa.t0,sensitive
tgcgtggaggtagcca_mcf7.aa.t0,sensitive
tgcgtggcaacgatgg_mcf7.aa.t0,sensitive
tgctaccagaatctcc_mcf7.aa.t0,sensitive
tgctaccgtagaagga_mcf7.aa.t0,sensitive
tgctaccgtcgttgta_mcf7.aa.t0,sensitive
tgctaccgtctgccag_mcf7.aa.t0,sensitive
tgctaccgttcgctaa_mcf7.aa.t0,sensitive
tgctgctaggagtaga_mcf7.aa.t0,sensitive
tggacgccatataccg_mcf7.aa.t0,sensitive
tggccagcagtcacta_mcf7.aa.t0,sensitive
tggccaggtgctcttc_mcf7.aa.t0,sensitive
tggccagtctccggtt_mcf7.aa.t0,sensitive
tggccagtctgtttgt_mcf7.aa.t0,sensitive
tggcgcaagctaacaa_mcf7.aa.t0,sensitive
tggcgcagtcagtgga_mcf7.aa.t0,sensitive
tggcgcatcatagcac_mcf7.aa.t0,sensitive
tggcgcatcgaccagc_mcf7.aa.t0,sensitive
tggcgcatcttgggta_mcf7.aa.t0,sensitive
tggctggcacagattc_mcf7.aa.t0,sensitive
tggctggcagcctata_mcf7.aa.t0,sensitive
tggctggcatctatgg_mcf7.aa.t0,sensitive
tggctggtcactgggc_mcf7.aa.t0,sensitive
tgggaagcaaacaaca_mcf7.aa.t0,sensitive
tgggaaggtcagataa_mcf7.aa.t0,sensitive
tgggaagtcgagccca_mcf7.aa.t0,sensitive
tgggcgtagtaatccc_mcf7.aa.t0,sensitive
tgggcgtcacatcttt_mcf7.aa.t0,sensitive
tgggcgttccatgaac_mcf7.aa.t0,sensitive
tggttagcagatcgga_mcf7.aa.t0,sensitive
tggttaggtcagctat_mcf7.aa.t0,sensitive
tggttaggtgtaacgg_mcf7.aa.t0,sensitive
tggttagtcctcaatt_mcf7.aa.t0,sensitive
tggttagtcttcggtc_mcf7.aa.t0,sensitive
tggttcccagacgctc_mcf7.aa.t0,sensitive
tggttccgtcgaaagc_mcf7.aa.t0,sensitive
tggttccgtggcaaac_mcf7.aa.t0,sensitive
tggttcctcaagaagt_mcf7.aa.t0,sensitive
tgtattcaggcccgtt_mcf7.aa.t0,sensitive
tgtattcagggcttcc_mcf7.aa.t0,sensitive
tgtattccacttggat_mcf7.aa.t0,sensitive
tgtattctcacaatgc_mcf7.aa.t0,sensitive
tgtattctccacgaat_mcf7.aa.t0,sensitive
tgtcccaagagctgca_mcf7.aa.t0,sensitive
tgtcccacataggata_mcf7.aa.t0,sensitive
tgtggtacaactggcc_mcf7.aa.t0,sensitive
tgtgtttaggacagct_mcf7.aa.t0,sensitive
tgtgtttcagatggca_mcf7.aa.t0,sensitive
tgtgttttctgcccta_mcf7.aa.t0,sensitive
tgttccgagagcccaa_mcf7.aa.t0,sensitive
tgttccgagagtacat_mcf7.aa.t0,sensitive
tgttccgagtcgtttg_mcf7.aa.t0,sensitive
tgttccggttcgggct_mcf7.aa.t0,sensitive
tgttccgtcaccctca_mcf7.aa.t0,sensitive
tgttccgtcgcgtttc_mcf7.aa.t0,sensitive
ttaactcaggcgacat_mcf7.aa.t0,sensitive
ttaactcagttaggta_mcf7.aa.t0,sensitive
ttaactccaagccatt_mcf7.aa.t0,sensitive
ttaactccactacagt_mcf7.aa.t0,sensitive
ttaggaccagtggagt_mcf7.aa.t0,sensitive
ttaggaccatgtagtc_mcf7.aa.t0,sensitive
ttaggcaagttaacga_mcf7.aa.t0,sensitive
ttaggcagtatgcttg_mcf7.aa.t0,sensitive
ttaggcatcgtctgaa_mcf7.aa.t0,sensitive
ttagttcagccaacag_mcf7.aa.t0,sensitive
ttagttcgtaaacctc_mcf7.aa.t0,sensitive
ttagttcgtaatagca_mcf7.aa.t0,sensitive
ttagttcgtcgagttt_mcf7.aa.t0,sensitive
ttagttctcacgcata_mcf7.aa.t0,sensitive
ttatgctagtaggcca_mcf7.aa.t0,sensitive
ttatgctagtgaattg_mcf7.aa.t0,sensitive
ttatgctcacatccaa_mcf7.aa.t0,sensitive
ttatgctcacggtaag_mcf7.aa.t0,sensitive
ttcccagcacctggtg_mcf7.aa.t0,sensitive
ttcccagtcattcact_mcf7.aa.t0,sensitive
ttcccagtccaaccaa_mcf7.aa.t0,sensitive
ttcgaaggtaccgtat_mcf7.aa.t0,sensitive
ttcgaaggtgcggtaa_mcf7.aa.t0,sensitive
ttcgaaggttgcgtta_mcf7.aa.t0,sensitive
ttcgaagtcttccttc_mcf7.aa.t0,sensitive
ttcggtcgtgagggtt_mcf7.aa.t0,sensitive
ttctacaagacagaga_mcf7.aa.t0,sensitive
ttctacacagctattg_mcf7.aa.t0,sensitive
ttctacagtgcagaca_mcf7.aa.t0,sensitive
ttctcaacagactcgc_mcf7.aa.t0,sensitive
ttctcaacagggtaca_mcf7.aa.t0,sensitive
ttctcaatccaatggt_mcf7.aa.t0,sensitive
ttctcctgtcaatgtc_mcf7.aa.t0,sensitive
ttctcctgtttgcatg_mcf7.aa.t0,sensitive
ttctccttcatgcaac_mcf7.aa.t0,sensitive
ttcttagagactaggc_mcf7.aa.t0,sensitive
ttcttagagtgacata_mcf7.aa.t0,sensitive
ttcttaggttaagaca_mcf7.aa.t0,sensitive
ttcttagtccagaagg_mcf7.aa.t0,sensitive
ttgacttcaggaatgc_mcf7.aa.t0,sensitive
ttgacttgtactcgcg_mcf7.aa.t0,sensitive
ttgactttcaaccaac_mcf7.aa.t0,sensitive
ttgccgtaggcaggtt_mcf7.aa.t0,sensitive
ttgccgtagtgttaga_mcf7.aa.t0,sensitive
ttgccgtcagccttgg_mcf7.aa.t0,sensitive
ttgccgtcagtggagt_mcf7.aa.t0,sensitive
ttgccgtcatgtctcc_mcf7.aa.t0,sensitive
ttgcgtcagtgctgcc_mcf7.aa.t0,sensitive
ttggaacagtatctcg_mcf7.aa.t0,sensitive
ttggaacagtatgaca_mcf7.aa.t0,sensitive
ttggaaccactagtac_mcf7.aa.t0,sensitive
ttggaacgtgactcat_mcf7.aa.t0,sensitive
ttggcaaagagttggc_mcf7.aa.t0,sensitive
ttggcaacaaggactg_mcf7.aa.t0,sensitive
ttggcaacaggtccac_mcf7.aa.t0,sensitive
ttggcaatcatgcaac_mcf7.aa.t0,sensitive
ttggcaatcgtgacat_mcf7.aa.t0,sensitive
ttggcaatctcgcatc_mcf7.aa.t0,sensitive
ttgtaggcacggacaa_mcf7.aa.t0,sensitive
ttgtagggtttgggcc_mcf7.aa.t0,sensitive
tttactgagagggata_mcf7.aa.t0,sensitive
tttactggtcatatcg_mcf7.aa.t0,sensitive
tttactggtgctagcc_mcf7.aa.t0,sensitive
tttactgtcagcatgt_mcf7.aa.t0,sensitive
tttactgtccagtatg_mcf7.aa.t0,sensitive
tttatgcagagacgaa_mcf7.aa.t0,sensitive
tttatgcgtagctaaa_mcf7.aa.t0,sensitive
tttatgcgtcaactgt_mcf7.aa.t0,sensitive
tttatgcgttcgcgac_mcf7.aa.t0,sensitive
tttcctcgtagcacga_mcf7.aa.t0,sensitive
tttcctcgtcttcaag_mcf7.aa.t0,sensitive
tttcctcgttaagggc_mcf7.aa.t0,sensitive
tttcctctcccaagta_mcf7.aa.t0,sensitive
tttcctctccttaatc_mcf7.aa.t0,sensitive
tttggttagaggttgc_mcf7.aa.t0,sensitive
tttggttagataggag_mcf7.aa.t0,sensitive
tttggttaggtgcaca_mcf7.aa.t0,sensitive
tttggttcagctgctg_mcf7.aa.t0,sensitive
tttggttcaggaatgc_mcf7.aa.t0,sensitive
tttggttcaggaccct_mcf7.aa.t0,sensitive
tttggttgtctcacct_mcf7.aa.t0,sensitive
tttggttgtttgttgg_mcf7.aa.t0,sensitive
tttgtcaagcgatagc_mcf7.aa.t0,sensitive
tttgtcatctatgtgg_mcf7.aa.t0,sensitive
aaacctgagtgccaga_mcf.aa.t12,resistant
aaacctggtgaacctt_mcf.aa.t12,resistant
aaacctgtcaaaccgt_mcf.aa.t12,resistant
aaacctgtcggcgcat_mcf.aa.t12,resistant
aaacctgtctacgagt_mcf.aa.t12,resistant
aaacgggaggagcgtt_mcf.aa.t12,resistant
aaacgggaggtagcca_mcf.aa.t12,resistant
aaacgggcagggagag_mcf.aa.t12,resistant
aaacggggtctgcaat_mcf.aa.t12,resistant
aaacgggtcgtccagg_mcf.aa.t12,resistant
aaagatgagatcgata_mcf.aa.t12,resistant
aaagatgagctaagat_mcf.aa.t12,resistant
aaagatgcatgaacct_mcf.aa.t12,resistant
aaagatgtcaacgaaa_mcf.aa.t12,resistant
aaagatgtcaggtaaa_mcf.aa.t12,resistant
aaagcaaaggtagcca_mcf.aa.t12,resistant
aaagcaaagttgcagg_mcf.aa.t12,resistant
aaagcaacatgatcca_mcf.aa.t12,resistant
aaagcaatcctgccat_mcf.aa.t12,resistant
aaagcaatcgcaggct_mcf.aa.t12,resistant
aaagtagagagtgaga_mcf.aa.t12,resistant
aaagtagagtcaatag_mcf.aa.t12,resistant
aaagtagcaagtaatg_mcf.aa.t12,resistant
aaagtagcagataatg_mcf.aa.t12,resistant
aaagtaggtagcctat_mcf.aa.t12,resistant
aaatgccagcctatgt_mcf.aa.t12,resistant
aaatgccaggatgcgt_mcf.aa.t12,resistant
aaatgccagggcacta_mcf.aa.t12,resistant
aaatgccagtacgttc_mcf.aa.t12,resistant
aaatgccagtcgataa_mcf.aa.t12,resistant
aaatgcccatcatccc_mcf.aa.t12,resistant
aaatgcccatgatcca_mcf.aa.t12,resistant
aaatgccgtctcttta_mcf.aa.t12,resistant
aaatgcctccctcagt_mcf.aa.t12,resistant
aacacgtagatgggtc_mcf.aa.t12,resistant
aacacgtaggtgacca_mcf.aa.t12,resistant
aacacgtcagcgtcca_mcf.aa.t12,resistant
aacacgtgtagcacga_mcf.aa.t12,resistant
aacacgtgtgaacctt_mcf.aa.t12,resistant
aacacgtgtgtgaata_mcf.aa.t12,resistant
aacacgttccgagcca_mcf.aa.t12,resistant
aacacgttcggcatcg_mcf.aa.t12,resistant
aaccatgagtacttgc_mcf.aa.t12,resistant
aaccatgagtcatgct_mcf.aa.t12,resistant
aaccatgcagggagag_mcf.aa.t12,resistant
aaccatgcagggttag_mcf.aa.t12,resistant
aaccatgcatcaccct_mcf.aa.t12,resistant
aaccatggtacatcca_mcf.aa.t12,resistant
aaccatggtaccgtat_mcf.aa.t12,resistant
aaccatggtccatcct_mcf.aa.t12,resistant
aaccatgtcaccacct_mcf.aa.t12,resistant
aaccatgtccaaatgc_mcf.aa.t12,resistant
aaccatgtccagatca_mcf.aa.t12,resistant
aaccatgtctcgatga_mcf.aa.t12,resistant
aaccatgtctgcggca_mcf.aa.t12,resistant
aaccatgtctgtctcg_mcf.aa.t12,resistant
aaccgcgagaaggaca_mcf.aa.t12,resistant
aaccgcgagcgctcca_mcf.aa.t12,resistant
aaccgcgagtgaagag_mcf.aa.t12,resistant
aaccgcgcagtttacg_mcf.aa.t12,resistant
aaccgcggtgctgtat_mcf.aa.t12,resistant
aaccgcggttggtttg_mcf.aa.t12,resistant
aaccgcgtcgcgtttc_mcf.aa.t12,resistant
aaccgcgtctactatc_mcf.aa.t12,resistant
aacgttgaggttccta_mcf.aa.t12,resistant
aacgttgcacggtaag_mcf.aa.t12,resistant
aacgttggtgatgccc_mcf.aa.t12,resistant
aacgttggttcagcgc_mcf.aa.t12,resistant
aacgttgtctgcccta_mcf.aa.t12,resistant
aactcagagccagaac_mcf.aa.t12,resistant
aactcagtcgtctgct_mcf.aa.t12,resistant
aactcccagctgaacg_mcf.aa.t12,resistant
aactcccagtcgtact_mcf.aa.t12,resistant
aactccccaagaggct_mcf.aa.t12,resistant
aactccccatatgctg_mcf.aa.t12,resistant
aactccccatgaacct_mcf.aa.t12,resistant
aactcccgtcaaagcg_mcf.aa.t12,resistant
aactcccgtccctact_mcf.aa.t12,resistant
aactcccgttcaggcc_mcf.aa.t12,resistant
aactccctccagggct_mcf.aa.t12,resistant
aactcttcagctattg_mcf.aa.t12,resistant
aactcttcagtacact_mcf.aa.t12,resistant
aactcttgtgcacgaa_mcf.aa.t12,resistant
aactctttcgttgcct_mcf.aa.t12,resistant
aactggtagctaaaca_mcf.aa.t12,resistant
aactggtcaacaacct_mcf.aa.t12,resistant
aactggtcaagcgctc_mcf.aa.t12,resistant
aactggtcaagttgtc_mcf.aa.t12,resistant
aactggtcacattagc_mcf.aa.t12,resistant
aactggtcactgaagg_mcf.aa.t12,resistant
aactggtcagtgagtg_mcf.aa.t12,resistant
aactggttcaccctca_mcf.aa.t12,resistant
aactggttcatcgctc_mcf.aa.t12,resistant
aactggttccagatca_mcf.aa.t12,resistant
aactggttcgttgaca_mcf.aa.t12,resistant
aactggttctgaggga_mcf.aa.t12,resistant
aactttccaaacctac_mcf.aa.t12,resistant
aactttccacgcgaaa_mcf.aa.t12,resistant
aactttccatgtaaga_mcf.aa.t12,resistant
aactttctccagggct_mcf.aa.t12,resistant
aactttctctgagtgt_mcf.aa.t12,resistant
aagacctagtgaacgc_mcf.aa.t12,resistant
aagacctcaagacgtg_mcf.aa.t12,resistant
aagacctcacactgcg_mcf.aa.t12,resistant
aagacctgtctggtcg_mcf.aa.t12,resistant
aagacctgttccacaa_mcf.aa.t12,resistant
aagacctgttgtacac_mcf.aa.t12,resistant
aagaccttccttgacc_mcf.aa.t12,resistant
aagccgcagctttggt_mcf.aa.t12,resistant
aagccgccaaactgct_mcf.aa.t12,resistant
aagccgctcagtccct_mcf.aa.t12,resistant
aagccgctccatgagt_mcf.aa.t12,resistant
aaggagcagagttggc_mcf.aa.t12,resistant
aaggagcagatggcgt_mcf.aa.t12,resistant
aaggagccaagccatt_mcf.aa.t12,resistant
aaggagccaccctatc_mcf.aa.t12,resistant
aaggagccatatgctg_mcf.aa.t12,resistant
aaggagctcaaacggg_mcf.aa.t12,resistant
aaggagctcacttatc_mcf.aa.t12,resistant
aaggagctccttcaat_mcf.aa.t12,resistant
aaggagctcggcgcta_mcf.aa.t12,resistant
aaggcagagcccgaaa_mcf.aa.t12,resistant
aaggcagcacatggga_mcf.aa.t12,resistant
aaggcagcaccatgta_mcf.aa.t12,resistant
aaggcaggtgtcaatc_mcf.aa.t12,resistant
aaggcaggttctcatt_mcf.aa.t12,resistant
aaggttcaggtactct_mcf.aa.t12,resistant
aaggttccaagtcatc_mcf.aa.t12,resistant
aaggttcgtactcaac_mcf.aa.t12,resistant
aaggttcgtcatatgc_mcf.aa.t12,resistant
aagtctggtcatgccg_mcf.aa.t12,resistant
aatccagaggtgcaca_mcf.aa.t12,resistant
aatccagagtggcaca_mcf.aa.t12,resistant
aatccagcacatccaa_mcf.aa.t12,resistant
aatccagcaggctcac_mcf.aa.t12,resistant
aatccaggtaccagtt_mcf.aa.t12,resistant
aatccaggtacccaat_mcf.aa.t12,resistant
aatccaggtattctct_mcf.aa.t12,resistant
aatccaggtgcaactt_mcf.aa.t12,resistant
aatccaggttagatga_mcf.aa.t12,resistant
aatccagtcagcgatt_mcf.aa.t12,resistant
aatcggtcaccgatat_mcf.aa.t12,resistant
aatcggtcagacaaat_mcf.aa.t12,resistant
aatcggtgtaagggct_mcf.aa.t12,resistant
aatcggtgtcagataa_mcf.aa.t12,resistant
aatcggtgtcggatcc_mcf.aa.t12,resistant
aatcggttcatgtggt_mcf.aa.t12,resistant
aatcggttcctgtaga_mcf.aa.t12,resistant
acaccaacaatcggtt_mcf.aa.t12,resistant
acaccctgtgttaaga_mcf.aa.t12,resistant
acacccttccaaagtc_mcf.aa.t12,resistant
acacccttcgccctta_mcf.aa.t12,resistant
acaccggagcaggcta_mcf.aa.t12,resistant
acaccggcaaggttct_mcf.aa.t12,resistant
acaccggcatgcctaa_mcf.aa.t12,resistant
acaccgggtcctcttg_mcf.aa.t12,resistant
acaccggtcaacacgt_mcf.aa.t12,resistant
acaccggtcgatccct_mcf.aa.t12,resistant
acactgaagaatctcc_mcf.aa.t12,resistant
acactgaagccgattt_mcf.aa.t12,resistant
acactgaaggcgctct_mcf.aa.t12,resistant
acactgacagggttag_mcf.aa.t12,resistant
acactgagtgggtatg_mcf.aa.t12,resistant
acagccgagagactat_mcf.aa.t12,resistant
acagccgagtcccacg_mcf.aa.t12,resistant
acagccgagtgcgtga_mcf.aa.t12,resistant
acagccgtcaataccg_mcf.aa.t12,resistant
acagccgtcaggccca_mcf.aa.t12,resistant
acagccgtccgtaggc_mcf.aa.t12,resistant
acagctaagtagccga_mcf.aa.t12,resistant
acagctaagtagcggt_mcf.aa.t12,resistant
acagctatcatcaccc_mcf.aa.t12,resistant
acagctatctactatc_mcf.aa.t12,resistant
acatacgagtaatccc_mcf.aa.t12,resistant
acatacgcaactggcc_mcf.aa.t12,resistant
acatacgcagcttcgg_mcf.aa.t12,resistant
acatacgcagtaagcg_mcf.aa.t12,resistant
acatacgtccattcta_mcf.aa.t12,resistant
acatacgtcttagccc_mcf.aa.t12,resistant
acatcagaggcaaaga_mcf.aa.t12,resistant
acatcagagttatcgc_mcf.aa.t12,resistant
acatcagcacggttta_mcf.aa.t12,resistant
acatcaggtactcaac_mcf.aa.t12,resistant
acatcaggtgcagaca_mcf.aa.t12,resistant
acatcagtcatctgtt_mcf.aa.t12,resistant
acatggtcactaagtc_mcf.aa.t12,resistant
acatggtcagcgttcg_mcf.aa.t12,resistant
acatggtgtctagccg_mcf.aa.t12,resistant
acatggtgtgttcttt_mcf.aa.t12,resistant
acatggttcggaggta_mcf.aa.t12,resistant
accagtacatgcccga_mcf.aa.t12,resistant
accagtagtcaaactc_mcf.aa.t12,resistant
accagtagtcccttgt_mcf.aa.t12,resistant
accagtatcattgccc_mcf.aa.t12,resistant
acccactagctcccag_mcf.aa.t12,resistant
acccacttctggttcc_mcf.aa.t12,resistant
accgtaaagtctcggc_mcf.aa.t12,resistant
accgtaagttaagaac_mcf.aa.t12,resistant
accgtaatcttgccgt_mcf.aa.t12,resistant
acctttaagaatgtgt_mcf.aa.t12,resistant
acctttaagcgttccg_mcf.aa.t12,resistant
acctttaagctagtct_mcf.aa.t12,resistant
acctttacagaagcac_mcf.aa.t12,resistant
acctttacagccacca_mcf.aa.t12,resistant
acctttacatgacatc_mcf.aa.t12,resistant
acctttagtgtaacgg_mcf.aa.t12,resistant
acctttatcgcctgtt_mcf.aa.t12,resistant
acgagccagatccgag_mcf.aa.t12,resistant
acgagcccaagccatt_mcf.aa.t12,resistant
acgagcccatcagtac_mcf.aa.t12,resistant
acgagcctcgcgtttc_mcf.aa.t12,resistant
acgaggaagatgtgta_mcf.aa.t12,resistant
acgaggacagcgtcca_mcf.aa.t12,resistant
acgaggacagtttacg_mcf.aa.t12,resistant
acgataccacggacaa_mcf.aa.t12,resistant
acgataccatatacgc_mcf.aa.t12,resistant
acgatacgtctagagg_mcf.aa.t12,resistant
acgatacgttcgtgat_mcf.aa.t12,resistant
acgatactcacgacta_mcf.aa.t12,resistant
acgatactcttgtact_mcf.aa.t12,resistant
acgatgtagcgtaata_mcf.aa.t12,resistant
acgatgtaggatatac_mcf.aa.t12,resistant
acgatgtcagataatg_mcf.aa.t12,resistant
acgatgttcacaaacc_mcf.aa.t12,resistant
acgatgttcggacaag_mcf.aa.t12,resistant
acgatgttctccaacc_mcf.aa.t12,resistant
acgcagcagtacacct_mcf.aa.t12,resistant
acgcagccatcccact_mcf.aa.t12,resistant
acgcagccatctatgg_mcf.aa.t12,resistant
acgcagccatttcact_mcf.aa.t12,resistant
acgcagcgttgattcg_mcf.aa.t12,resistant
acgcagctcacttatc_mcf.aa.t12,resistant
acgcagctcgaatgct_mcf.aa.t12,resistant
acgccagagacgacgt_mcf.aa.t12,resistant
acgccagcattcactt_mcf.aa.t12,resistant
acgccaggtatcgcat_mcf.aa.t12,resistant
acgccgacaatgtaag_mcf.aa.t12,resistant
acgccgagtcacacgc_mcf.aa.t12,resistant
acgccgatcacgacta_mcf.aa.t12,resistant
acgccgatctacttac_mcf.aa.t12,resistant
acggagaagctaccgc_mcf.aa.t12,resistant
acggagaaggaattac_mcf.aa.t12,resistant
acggagacaagctgag_mcf.aa.t12,resistant
acggagacaccaggtc_mcf.aa.t12,resistant
acggagacatctccca_mcf.aa.t12,resistant
acggagagtagtagta_mcf.aa.t12,resistant
acggagagtccgagtc_mcf.aa.t12,resistant
acggagatcaagaagt_mcf.aa.t12,resistant
acggagatcgcaggct_mcf.aa.t12,resistant
acggccaaggcacatg_mcf.aa.t12,resistant
acggccacaaagcaat_mcf.aa.t12,resistant
acggccagtatatgga_mcf.aa.t12,resistant
acggccagtgagggtt_mcf.aa.t12,resistant
acggccatcagaaatg_mcf.aa.t12,resistant
acggccatccgtcaaa_mcf.aa.t12,resistant
acggccatccttgacc_mcf.aa.t12,resistant
acgggctagctcaact_mcf.aa.t12,resistant
acgggctaggagcgtt_mcf.aa.t12,resistant
acgggctagtacgttc_mcf.aa.t12,resistant
acgggctcaatcacac_mcf.aa.t12,resistant
acgggctcatgtctcc_mcf.aa.t12,resistant
acgggctgtctagtgt_mcf.aa.t12,resistant
acgggctgttcgggct_mcf.aa.t12,resistant
acgggtcagactgggt_mcf.aa.t12,resistant
acgggtccaagccgtc_mcf.aa.t12,resistant
acgggtccacctatcc_mcf.aa.t12,resistant
acgggtctcacgatgt_mcf.aa.t12,resistant
acgggtctcttcatgt_mcf.aa.t12,resistant
acgtcaaaggctcaga_mcf.aa.t12,resistant
acgtcaaagtggacgt_mcf.aa.t12,resistant
acgtcaagtcgaaagc_mcf.aa.t12,resistant
actatctagatcccgc_mcf.aa.t12,resistant
actatctagtttgcgt_mcf.aa.t12,resistant
actatctcacgtctct_mcf.aa.t12,resistant
actatctgtccatcct_mcf.aa.t12,resistant
actatctgtcgagatg_mcf.aa.t12,resistant
actatctgtcgggtct_mcf.aa.t12,resistant
actatcttcaaaccgt_mcf.aa.t12,resistant
actatcttcacagtac_mcf.aa.t12,resistant
actatcttcgccgtga_mcf.aa.t12,resistant
actgaacgtagcgcaa_mcf.aa.t12,resistant
actgaacgtcagaagc_mcf.aa.t12,resistant
actgaactcatcggat_mcf.aa.t12,resistant
actgaactcgccataa_mcf.aa.t12,resistant
actgagtcaatcggtt_mcf.aa.t12,resistant
actgagtcaatctacg_mcf.aa.t12,resistant
actgagtcaattgctg_mcf.aa.t12,resistant
actgagtcagtaagcg_mcf.aa.t12,resistant
actgagtgttgcgcac_mcf.aa.t12,resistant
actgagttctgcgtaa_mcf.aa.t12,resistant
actgatgcaggcgata_mcf.aa.t12,resistant
actgatgcatgcaatc_mcf.aa.t12,resistant
actgatgcattggcgc_mcf.aa.t12,resistant
actgatggtctagagg_mcf.aa.t12,resistant
actgatggtgtgaata_mcf.aa.t12,resistant
actgatgtcccaagta_mcf.aa.t12,resistant
actgatgtctggtgta_mcf.aa.t12,resistant
actgctcagatgagag_mcf.aa.t12,resistant
actgctcagatgtcgg_mcf.aa.t12,resistant
actgctcaggcgctct_mcf.aa.t12,resistant
actgctccaaggctcc_mcf.aa.t12,resistant
actgctccacttaacg_mcf.aa.t12,resistant
actgctccagtacact_mcf.aa.t12,resistant
actgctcgtctgatca_mcf.aa.t12,resistant
actgtcccagtttacg_mcf.aa.t12,resistant
actgtcccatacgccg_mcf.aa.t12,resistant
actgtccgtgcctggt_mcf.aa.t12,resistant
actgtcctcggaatct_mcf.aa.t12,resistant
acttactagcaaatca_mcf.aa.t12,resistant
acttactagccgtcgt_mcf.aa.t12,resistant
acttactgttatcggt_mcf.aa.t12,resistant
acttacttcggaaata_mcf.aa.t12,resistant
acttgttcaacaccta_mcf.aa.t12,resistant
actttcaaggtgacca_mcf.aa.t12,resistant
actttcaagtgtccat_mcf.aa.t12,resistant
actttcagtactctcc_mcf.aa.t12,resistant
actttcagtagaagga_mcf.aa.t12,resistant
actttcagtccctact_mcf.aa.t12,resistant
actttcatctgtccgt_mcf.aa.t12,resistant
agaatagagatgcgac_mcf.aa.t12,resistant
agaatagcaccagtta_mcf.aa.t12,resistant
agaatagcataaaggt_mcf.aa.t12,resistant
agaataggtcttcaag_mcf.aa.t12,resistant
agaataggttctcatt_mcf.aa.t12,resistant
agaatagtcacgcggt_mcf.aa.t12,resistant
agaatagtcagtccct_mcf.aa.t12,resistant
agacgttagcctcgtg_mcf.aa.t12,resistant
agacgttcagtaacgg_mcf.aa.t12,resistant
agacgttcatgatcca_mcf.aa.t12,resistant
agacgttgttcagtac_mcf.aa.t12,resistant
agacgtttcacatgca_mcf.aa.t12,resistant
agacgtttcccaagta_mcf.aa.t12,resistant
agacgtttctcttgat_mcf.aa.t12,resistant
agagcgacactgttag_mcf.aa.t12,resistant
agagcgacagatgagc_mcf.aa.t12,resistant
agagcgatccgttgtc_mcf.aa.t12,resistant
agagcgatctttacac_mcf.aa.t12,resistant
agagcttagaaaccta_mcf.aa.t12,resistant
agagcttagaccacga_mcf.aa.t12,resistant
agagcttaggcaatta_mcf.aa.t12,resistant
agagcttagtccatac_mcf.aa.t12,resistant
agagcttcaatggtct_mcf.aa.t12,resistant
agagctttcagctctc_mcf.aa.t12,resistant
agagctttcgccagca_mcf.aa.t12,resistant
agagtggagccactat_mcf.aa.t12,resistant
agagtggagtggtaat_mcf.aa.t12,resistant
agagtggcatgcgcac_mcf.aa.t12,resistant
agagtgggtacagacg_mcf.aa.t12,resistant
agagtgggtacttgac_mcf.aa.t12,resistant
agatctgcacgctttc_mcf.aa.t12,resistant
agatctgcagctcgca_mcf.aa.t12,resistant
agatctgcagctgcac_mcf.aa.t12,resistant
agatctggtgaacctt_mcf.aa.t12,resistant
agatctgtcgagagca_mcf.aa.t12,resistant
agattgcagaagccca_mcf.aa.t12,resistant
agattgcagcccagct_mcf.aa.t12,resistant
agattgcgtcctagcg_mcf.aa.t12,resistant
agattgctcaggttca_mcf.aa.t12,resistant
agattgctccatgagt_mcf.aa.t12,resistant
agattgctctgcggca_mcf.aa.t12,resistant
agcagccagactaggc_mcf.aa.t12,resistant
agcagccagctagttc_mcf.aa.t12,resistant
agcagccaggtagcca_mcf.aa.t12,resistant
agcagcccacgcatcg_mcf.aa.t12,resistant
agcagcccagacgtag_mcf.aa.t12,resistant
agcagccgtctagagg_mcf.aa.t12,resistant
agcagcctcccaagat_mcf.aa.t12,resistant
agcagcctcttaccgc_mcf.aa.t12,resistant
agcatacaggcaggtt_mcf.aa.t12,resistant
agcatacgtgagtata_mcf.aa.t12,resistant
agcatactccagaagg_mcf.aa.t12,resistant
agcatactctacgagt_mcf.aa.t12,resistant
agcctaaagaggtacc_mcf.aa.t12,resistant
agcctaacacacagag_mcf.aa.t12,resistant
agcctaacaccagtta_mcf.aa.t12,resistant
agcctaacacgtcagc_mcf.aa.t12,resistant
agcctaatcaccatag_mcf.aa.t12,resistant
agcctaatctgtttgt_mcf.aa.t12,resistant
agcggtcaggccctca_mcf.aa.t12,resistant
agcggtccaggtgcct_mcf.aa.t12,resistant
agcggtcgtccagtgc_mcf.aa.t12,resistant
agcggtcgtggtttca_mcf.aa.t12,resistant
agcggtctcaacactg_mcf.aa.t12,resistant
agcggtctcaacgaaa_mcf.aa.t12,resistant
agcggtctcagtccct_mcf.aa.t12,resistant
agcggtctcagtttgg_mcf.aa.t12,resistant
agcggtctcccttgca_mcf.aa.t12,resistant
agcggtctcggagcaa_mcf.aa.t12,resistant
agcggtctctgaggga_mcf.aa.t12,resistant
agcggtctctgcgacg_mcf.aa.t12,resistant
agcggtctcttctggc_mcf.aa.t12,resistant
agcgtatcaaagtgcg_mcf.aa.t12,resistant
agcgtatcaagccatt_mcf.aa.t12,resistant
agcgtatcactgccag_mcf.aa.t12,resistant
agcgtattcacgatgt_mcf.aa.t12,resistant
agcgtattctctagga_mcf.aa.t12,resistant
agcgtattcttaccta_mcf.aa.t12,resistant
agcgtcgagaggttat_mcf.aa.t12,resistant
agcgtcgagtacacct_mcf.aa.t12,resistant
agcgtcgcaacgatct_mcf.aa.t12,resistant
agcgtcggtcgcgaaa_mcf.aa.t12,resistant
agcgtcggttgaactc_mcf.aa.t12,resistant
agcgtcgtccttgacc_mcf.aa.t12,resistant
agcgtcgtcgcgatcg_mcf.aa.t12,resistant
agcgtcgtctggcgtg_mcf.aa.t12,resistant
agctcctagttccaca_mcf.aa.t12,resistant
agctcctcaccgctag_mcf.aa.t12,resistant
agctcctcatatgctg_mcf.aa.t12,resistant
agctcctcatgccttc_mcf.aa.t12,resistant
agctccttcacatacg_mcf.aa.t12,resistant
agctctctctaactct_mcf.aa.t12,resistant
agctctctctcggacg_mcf.aa.t12,resistant
agcttgacatgccacg_mcf.aa.t12,resistant
agcttgagtctgccag_mcf.aa.t12,resistant
agcttgagttgaggtg_mcf.aa.t12,resistant
agcttgatcctgtaga_mcf.aa.t12,resistant
agcttgatctgacctc_mcf.aa.t12,resistant
aggccacagctatgct_mcf.aa.t12,resistant
aggccaccagctcgca_mcf.aa.t12,resistant
aggccaccagtaagcg_mcf.aa.t12,resistant
aggccacgtgataagt_mcf.aa.t12,resistant
aggccacgtgcaggta_mcf.aa.t12,resistant
aggccacgtgctcttc_mcf.aa.t12,resistant
aggccactcaaagaca_mcf.aa.t12,resistant
aggccactcagataag_mcf.aa.t12,resistant
aggccgtagatctgct_mcf.aa.t12,resistant
aggccgtcaacaccta_mcf.aa.t12,resistant
aggccgtcaagacgtg_mcf.aa.t12,resistant
aggccgtcacatcttt_mcf.aa.t12,resistant
aggccgtcatgatcca_mcf.aa.t12,resistant
aggccgttcggatgga_mcf.aa.t12,resistant
aggccgttctgaaaga_mcf.aa.t12,resistant
agggagtagcgtgaac_mcf.aa.t12,resistant
agggagtaggaatgga_mcf.aa.t12,resistant
agggagtagttgtaga_mcf.aa.t12,resistant
agggagtcaaatccgt_mcf.aa.t12,resistant
agggagtcaagttaag_mcf.aa.t12,resistant
agggagtcagttcatg_mcf.aa.t12,resistant
agggagttcccattta_mcf.aa.t12,resistant
agggagttccgtacaa_mcf.aa.t12,resistant
agggagttcgagaacg_mcf.aa.t12,resistant
agggagttctcttgat_mcf.aa.t12,resistant
agggatgagatatgca_mcf.aa.t12,resistant
agggatgcaggtcgtc_mcf.aa.t12,resistant
agggatgcattacgac_mcf.aa.t12,resistant
agggatggtcaggaca_mcf.aa.t12,resistant
agggatggtccatgat_mcf.aa.t12,resistant
agggatgtcaaaccgt_mcf.aa.t12,resistant
agggatgtcctctagc_mcf.aa.t12,resistant
agggtgacatgatcca_mcf.aa.t12,resistant
agggtgacattacgac_mcf.aa.t12,resistant
agggtgagtgttggga_mcf.aa.t12,resistant
agggtgatcagaggtg_mcf.aa.t12,resistant
aggtcatcaagagtcg_mcf.aa.t12,resistant
aggtcatgtaaatacg_mcf.aa.t12,resistant
aggtcatgtcgaaagc_mcf.aa.t12,resistant
aggtcatgtgtatggg_mcf.aa.t12,resistant
aggtcatgttgacgtt_mcf.aa.t12,resistant
aggtccgagatcccgc_mcf.aa.t12,resistant
aggtccgagcaggtca_mcf.aa.t12,resistant
aggtccgaggtagcca_mcf.aa.t12,resistant
aggtccggtaccgtat_mcf.aa.t12,resistant
aggtccgtcatggtca_mcf.aa.t12,resistant
aggtccgtccctaatt_mcf.aa.t12,resistant
aggtccgtctcttgat_mcf.aa.t12,resistant
aggtccgtcttcggtc_mcf.aa.t12,resistant
agtctttcaagaaagg_mcf.aa.t12,resistant
agtctttcaagccgct_mcf.aa.t12,resistant
agtctttgtaaatacg_mcf.aa.t12,resistant
agtctttgtagcgctc_mcf.aa.t12,resistant
agtcttttcccaggtg_mcf.aa.t12,resistant
agtcttttcggaggta_mcf.aa.t12,resistant
agtcttttcggatgga_mcf.aa.t12,resistant
agtgaggaggacacca_mcf.aa.t12,resistant
agtgaggcattgggcc_mcf.aa.t12,resistant
agtgagggttacgact_mcf.aa.t12,resistant
agtgaggtcaggatct_mcf.aa.t12,resistant
agtgggaagtggagaa_mcf.aa.t12,resistant
agtgggagttcccgag_mcf.aa.t12,resistant
agtgggagttgaggtg_mcf.aa.t12,resistant
agtgggatcaacactg_mcf.aa.t12,resistant
agtgtcacaatcagaa_mcf.aa.t12,resistant
agtgtcagtgctgtat_mcf.aa.t12,resistant
agtgtcatcactgggc_mcf.aa.t12,resistant
agttggtagagggctt_mcf.aa.t12,resistant
agttggtcaatcacac_mcf.aa.t12,resistant
agttggtgtctaaaga_mcf.aa.t12,resistant
ataacgcagcgttccg_mcf.aa.t12,resistant
ataacgccatctccca_mcf.aa.t12,resistant
ataacgcgtgcagaca_mcf.aa.t12,resistant
ataacgctcagttgac_mcf.aa.t12,resistant
ataacgctcctacaga_mcf.aa.t12,resistant
ataagagagacttgaa_mcf.aa.t12,resistant
ataagagagcgtgaac_mcf.aa.t12,resistant
ataagagaggcgacat_mcf.aa.t12,resistant
ataagagagggaacgg_mcf.aa.t12,resistant
ataagagcacgaagca_mcf.aa.t12,resistant
ataagagcagtcgtgc_mcf.aa.t12,resistant
ataagaggtacttgac_mcf.aa.t12,resistant
ataagaggtgactact_mcf.aa.t12,resistant
atagacccactgtcgg_mcf.aa.t12,resistant
atagacccagacaggt_mcf.aa.t12,resistant
atcacgagtcccgaca_mcf.aa.t12,resistant
atcatctgtcactggc_mcf.aa.t12,resistant
atcatcttcaataccg_mcf.aa.t12,resistant
atcatcttcactgggc_mcf.aa.t12,resistant
atcatcttcatcaccc_mcf.aa.t12,resistant
atcatcttcgttacag_mcf.aa.t12,resistant
atcatcttcgttgcct_mcf.aa.t12,resistant
atcatggagtttagga_mcf.aa.t12,resistant
atcatggcaacaccta_mcf.aa.t12,resistant
atcatggcaagacacg_mcf.aa.t12,resistant
atcatggcacggatag_mcf.aa.t12,resistant
atcatggcagcttcgg_mcf.aa.t12,resistant
atcatggcagtcagcc_mcf.aa.t12,resistant
atcatggcatctacga_mcf.aa.t12,resistant
atcatggtcattgccc_mcf.aa.t12,resistant
atcatggtcgagagca_mcf.aa.t12,resistant
atcatggtcgtgggaa_mcf.aa.t12,resistant
atcatggtcttgcaag_mcf.aa.t12,resistant
atccaccagatcctgt_mcf.aa.t12,resistant
atccacccagataatg_mcf.aa.t12,resistant
atccaccgtcgaatct_mcf.aa.t12,resistant
atccaccgtgaaatca_mcf.aa.t12,resistant
atccaccgttcccgag_mcf.aa.t12,resistant
atccacctcaacggcc_mcf.aa.t12,resistant
atccacctcgcttaga_mcf.aa.t12,resistant
atccgaaagacgcaca_mcf.aa.t12,resistant
atccgaaaggatatac_mcf.aa.t12,resistant
atccgaacaggaccct_mcf.aa.t12,resistant
atccgaagtaacgcga_mcf.aa.t12,resistant
atccgaagtagggtac_mcf.aa.t12,resistant
atccgaagtcgcgaaa_mcf.aa.t12,resistant
atccgaagtttgacac_mcf.aa.t12,resistant
atccgaatcaacacgt_mcf.aa.t12,resistant
atccgaatccgggtgt_mcf.aa.t12,resistant
atccgaatctcgcttg_mcf.aa.t12,resistant
atcgagtgttcgcgac_mcf.aa.t12,resistant
atcgagtgttgaactc_mcf.aa.t12,resistant
atcgagttcaacacgt_mcf.aa.t12,resistant
atctactagactgggt_mcf.aa.t12,resistant
atctactagcttatcg_mcf.aa.t12,resistant
atctactagttagcgg_mcf.aa.t12,resistant
atctactagttgcagg_mcf.aa.t12,resistant
atctactcaatctacg_mcf.aa.t12,resistant
atctactgtagcctat_mcf.aa.t12,resistant
atctacttcggcgcat_mcf.aa.t12,resistant
atctgcccattgcggc_mcf.aa.t12,resistant
atctgccgtagcctat_mcf.aa.t12,resistant
atctgcctcaggcgaa_mcf.aa.t12,resistant
atgagggagagagctc_mcf.aa.t12,resistant
atgagggagatacaca_mcf.aa.t12,resistant
atgagggagcgaaggg_mcf.aa.t12,resistant
atgaggggtagcacga_mcf.aa.t12,resistant
atgaggggttaagtag_mcf.aa.t12,resistant
atgcgatagaagattc_mcf.aa.t12,resistant
atgcgatcaagcgtag_mcf.aa.t12,resistant
atgcgatcacggcgtt_mcf.aa.t12,resistant
atgcgatcagggtatg_mcf.aa.t12,resistant
atgcgatcatcatccc_mcf.aa.t12,resistant
atgcgatcatccgcga_mcf.aa.t12,resistant
atgcgatgtagcgtag_mcf.aa.t12,resistant
atgcgatgtctgattg_mcf.aa.t12,resistant
atgcgattcttgcatt_mcf.aa.t12,resistant
atgggagagatatggt_mcf.aa.t12,resistant
atgggagagtatctcg_mcf.aa.t12,resistant
atgggagcaaactgtc_mcf.aa.t12,resistant
atgggagcacaccgac_mcf.aa.t12,resistant
atgggagtctaaccga_mcf.aa.t12,resistant
atgggagtctatgtgg_mcf.aa.t12,resistant
atgggagtcttcggtc_mcf.aa.t12,resistant
atgtgtgagacccacc_mcf.aa.t12,resistant
atgtgtgaggtactct_mcf.aa.t12,resistant
atgtgtgcatcacgta_mcf.aa.t12,resistant
atgtgtgtccagtagt_mcf.aa.t12,resistant
attactcagagttggc_mcf.aa.t12,resistant
attactcagcgtttac_mcf.aa.t12,resistant
attactccactgaagg_mcf.aa.t12,resistant
attactccataaaggt_mcf.aa.t12,resistant
attactcgtcgaatct_mcf.aa.t12,resistant
attactctccagggct_mcf.aa.t12,resistant
attatcccacagccca_mcf.aa.t12,resistant
attatccgtacttagc_mcf.aa.t12,resistant
attatcctccacgttc_mcf.aa.t12,resistant
attatcctctgatacg_mcf.aa.t12,resistant
attctacagatgtgta_mcf.aa.t12,resistant
attctacaggcagtca_mcf.aa.t12,resistant
attctacagggtctcc_mcf.aa.t12,resistant
attctaccatagactc_mcf.aa.t12,resistant
attctaccatgggaac_mcf.aa.t12,resistant
attctacgtataaacg_mcf.aa.t12,resistant
attctacgttcgaatc_mcf.aa.t12,resistant
attggacagatacaca_mcf.aa.t12,resistant
attggaccagctgtta_mcf.aa.t12,resistant
attggacgtcaatacc_mcf.aa.t12,resistant
attggacgtttgtttc_mcf.aa.t12,resistant
attggtgagtgccatt_mcf.aa.t12,resistant
attggtggtgatgtgg_mcf.aa.t12,resistant
attggtgtcctattca_mcf.aa.t12,resistant
attggtgtcgtggtcg_mcf.aa.t12,resistant
attggtgtctgacctc_mcf.aa.t12,resistant
atttctgagaaaccat_mcf.aa.t12,resistant
atttctgagcgtgaac_mcf.aa.t12,resistant
atttctgtccatgagt_mcf.aa.t12,resistant
caaccaaagatggcgt_mcf.aa.t12,resistant
caaccaacacggtgtc_mcf.aa.t12,resistant
caaccaagtattagcc_mcf.aa.t12,resistant
caacctccacaagacg_mcf.aa.t12,resistant
caacctccagtataag_mcf.aa.t12,resistant
caacctccattacgac_mcf.aa.t12,resistant
caacctcgtcccttgt_mcf.aa.t12,resistant
caacctctcactcctg_mcf.aa.t12,resistant
caacctctcgtaccgg_mcf.aa.t12,resistant
caacctctctcgcatc_mcf.aa.t12,resistant
caactagcaatccaac_mcf.aa.t12,resistant
caactagcaggaccct_mcf.aa.t12,resistant
caactaggttcctcca_mcf.aa.t12,resistant
caactagtcatcattc_mcf.aa.t12,resistant
caagaaaagagttggc_mcf.aa.t12,resistant
caagaaaagatatacg_mcf.aa.t12,resistant
caagaaacaatcagaa_mcf.aa.t12,resistant
caagaaacatgaagta_mcf.aa.t12,resistant
caagaaagtatctgca_mcf.aa.t12,resistant
caagaaagtatgaatg_mcf.aa.t12,resistant
caagaaagtttcgctc_mcf.aa.t12,resistant
caagaaatcatgtccc_mcf.aa.t12,resistant
caagaaatcttgtcat_mcf.aa.t12,resistant
caagatccatgctggc_mcf.aa.t12,resistant
caagatcgtggcccta_mcf.aa.t12,resistant
caagatctcacatagc_mcf.aa.t12,resistant
caaggccagaagccca_mcf.aa.t12,resistant
caaggcccaatggagc_mcf.aa.t12,resistant
caaggcccatgcccga_mcf.aa.t12,resistant
caaggccgtgcggtaa_mcf.aa.t12,resistant
caaggccgtttaggaa_mcf.aa.t12,resistant
caaggcctcaaggctt_mcf.aa.t12,resistant
caagttgagtccggtc_mcf.aa.t12,resistant
caagttggtaaagtca_mcf.aa.t12,resistant
caagttggtcagaagc_mcf.aa.t12,resistant
caagttgtcctcatta_mcf.aa.t12,resistant
cacaaaccaccgaatt_mcf.aa.t12,resistant
cacaaactccaagtac_mcf.aa.t12,resistant
cacaaactcgagaacg_mcf.aa.t12,resistant
cacaaactctaactgg_mcf.aa.t12,resistant
cacaaactctgtacga_mcf.aa.t12,resistant
cacacaaagcgttgcc_mcf.aa.t12,resistant
cacacaaagtagccga_mcf.aa.t12,resistant
cacacaaagtggcaca_mcf.aa.t12,resistant
cacacaagtacagacg_mcf.aa.t12,resistant
cacacaatcaacgaaa_mcf.aa.t12,resistant
cacacctcaagcgtag_mcf.aa.t12,resistant
cacacctcagcctgtg_mcf.aa.t12,resistant
cacacctgtacaagta_mcf.aa.t12,resistant
cacaccttcaccctca_mcf.aa.t12,resistant
cacaccttcgtgtagt_mcf.aa.t12,resistant
cacactcagttaagtg_mcf.aa.t12,resistant
cacactccaatcgaaa_mcf.aa.t12,resistant
cacactccatcacgta_mcf.aa.t12,resistant
cacaggcgtcaggaca_mcf.aa.t12,resistant
cacaggctctactcat_mcf.aa.t12,resistant
cacagtaaggcgtaca_mcf.aa.t12,resistant
cacagtacaaactgtc_mcf.aa.t12,resistant
cacagtagtatgaatg_mcf.aa.t12,resistant
cacagtagtctaaacc_mcf.aa.t12,resistant
cacagtagtggaaaga_mcf.aa.t12,resistant
cacagtagtgggtcaa_mcf.aa.t12,resistant
cacagtatcaaacggg_mcf.aa.t12,resistant
cacagtatctgatacg_mcf.aa.t12,resistant
cacatagtcgatgagg_mcf.aa.t12,resistant
cacatttgtaaatgac_mcf.aa.t12,resistant
cacatttgtattctct_mcf.aa.t12,resistant
cacattttctgtctcg_mcf.aa.t12,resistant
caccactagatgtggc_mcf.aa.t12,resistant
caccactcacggtgtc_mcf.aa.t12,resistant
caccactgtggtaacg_mcf.aa.t12,resistant
caccacttctcaaacg_mcf.aa.t12,resistant
caccagggtcagataa_mcf.aa.t12,resistant
caccagggtctaggtt_mcf.aa.t12,resistant
caccttgagaaaccat_mcf.aa.t12,resistant
caccttgagctaggca_mcf.aa.t12,resistant
caccttgcagccaatt_mcf.aa.t12,resistant
caccttgcattcgaca_mcf.aa.t12,resistant
caccttggtcagaggt_mcf.aa.t12,resistant
caccttggtctggaga_mcf.aa.t12,resistant
caccttggttcagcgc_mcf.aa.t12,resistant
caccttgtccaaatgc_mcf.aa.t12,resistant
caccttgtctactatc_mcf.aa.t12,resistant
cactccaaggcccttg_mcf.aa.t12,resistant
cactccaagtggtaat_mcf.aa.t12,resistant
cactccacagcgatcc_mcf.aa.t12,resistant
cactccacataggata_mcf.aa.t12,resistant
cactccagtcggcatc_mcf.aa.t12,resistant
cactccatcaccttat_mcf.aa.t12,resistant
cactccatcgcactct_mcf.aa.t12,resistant
cagaatccagacaggt_mcf.aa.t12,resistant
cagaatcgtccgacgt_mcf.aa.t12,resistant
cagaatcgtctttcat_mcf.aa.t12,resistant
cagaatctcaaaccgt_mcf.aa.t12,resistant
cagaatctctcgcttg_mcf.aa.t12,resistant
cagagagagagcccaa_mcf.aa.t12,resistant
cagagagagttcgcat_mcf.aa.t12,resistant
cagagagcaccatcct_mcf.aa.t12,resistant
cagagagcataggata_mcf.aa.t12,resistant
cagagaggtaacgacg_mcf.aa.t12,resistant
cagagaggtacaagta_mcf.aa.t12,resistant
cagagaggtagggact_mcf.aa.t12,resistant
cagagagtcacatagc_mcf.aa.t12,resistant
cagagagtcctgtaga_mcf.aa.t12,resistant
cagatcaagatgtaac_mcf.aa.t12,resistant
cagatcaagctgcgaa_mcf.aa.t12,resistant
cagatcaagtatcgaa_mcf.aa.t12,resistant
cagatcaagtcatcca_mcf.aa.t12,resistant
cagatcacacaacgtt_mcf.aa.t12,resistant
cagatcacatcccact_mcf.aa.t12,resistant
cagatcacatgacgga_mcf.aa.t12,resistant
cagatcacatgtagtc_mcf.aa.t12,resistant
cagatcagtctcccta_mcf.aa.t12,resistant
cagatcagtgttcttt_mcf.aa.t12,resistant
cagcagcaggacagct_mcf.aa.t12,resistant
cagcagcagtcccacg_mcf.aa.t12,resistant
cagcagccaagctgtt_mcf.aa.t12,resistant
cagcagctcatacggt_mcf.aa.t12,resistant
cagcagctccaatggt_mcf.aa.t12,resistant
cagcagctccctcttt_mcf.aa.t12,resistant
cagcataagaggtacc_mcf.aa.t12,resistant
cagcataaggcacatg_mcf.aa.t12,resistant
cagcatacatagactc_mcf.aa.t12,resistant
cagcatagtacgaccc_mcf.aa.t12,resistant
cagccgaagccagttt_mcf.aa.t12,resistant
cagccgaagggtgtgt_mcf.aa.t12,resistant
cagccgagtctcaaca_mcf.aa.t12,resistant
cagccgagtgaacctt_mcf.aa.t12,resistant
cagccgatcaagccta_mcf.aa.t12,resistant
cagccgatcaggccca_mcf.aa.t12,resistant
cagcgacagaggttat_mcf.aa.t12,resistant
cagcgacagcgttccg_mcf.aa.t12,resistant
cagcgaccacataacc_mcf.aa.t12,resistant
cagcgaccatgcaatc_mcf.aa.t12,resistant
cagcgactccgtagta_mcf.aa.t12,resistant
cagcgactcgcgccaa_mcf.aa.t12,resistant
cagctaaagtcacgcc_mcf.aa.t12,resistant
cagctaaagtttcctt_mcf.aa.t12,resistant
cagctaacacctggtg_mcf.aa.t12,resistant
cagctaagtcaaagcg_mcf.aa.t12,resistant
cagctaagtgtcgctg_mcf.aa.t12,resistant
cagctaatcaacggga_mcf.aa.t12,resistant
cagctaatcagctcgg_mcf.aa.t12,resistant
cagctaatccgttgct_mcf.aa.t12,resistant
cagctggagatcgata_mcf.aa.t12,resistant
cagctggcaagctgtt_mcf.aa.t12,resistant
cagctgggtgtgaccc_mcf.aa.t12,resistant
caggtgccaagggtca_mcf.aa.t12,resistant
caggtgctcaagccta_mcf.aa.t12,resistant
caggtgctcacatacg_mcf.aa.t12,resistant
caggtgctcatggtca_mcf.aa.t12,resistant
caggtgctcgcaagcc_mcf.aa.t12,resistant
caggtgctctcttatg_mcf.aa.t12,resistant
cagtaacagtggacgt_mcf.aa.t12,resistant
cagtcctagtatcgaa_mcf.aa.t12,resistant
cagtccttcacggtta_mcf.aa.t12,resistant
cagtccttcagttagc_mcf.aa.t12,resistant
cagtccttcgagagca_mcf.aa.t12,resistant
catatggagactaagt_mcf.aa.t12,resistant
catatggcactgaagg_mcf.aa.t12,resistant
catatgggtgcactta_mcf.aa.t12,resistant
catatgggtgcctgtg_mcf.aa.t12,resistant
catatgggtggtacag_mcf.aa.t12,resistant
catatggtctgcttgc_mcf.aa.t12,resistant
catattccacgacgaa_mcf.aa.t12,resistant
catattcgtccgtcag_mcf.aa.t12,resistant
catattctcaccctca_mcf.aa.t12,resistant
catcaagcaaagtgcg_mcf.aa.t12,resistant
catcaagcaggtttca_mcf.aa.t12,resistant
catcagacaatagcaa_mcf.aa.t12,resistant
catcagatcacccgag_mcf.aa.t12,resistant
catcagatccctgact_mcf.aa.t12,resistant
catcagatcgcaggct_mcf.aa.t12,resistant
catccacagagtaatc_mcf.aa.t12,resistant
catccacagtgcgtga_mcf.aa.t12,resistant
catccaccacagacag_mcf.aa.t12,resistant
catccaccagccacca_mcf.aa.t12,resistant
catccaccagggttag_mcf.aa.t12,resistant
catccaccatcggaag_mcf.aa.t12,resistant
catccacgtaagttcc_mcf.aa.t12,resistant
catccacgtaccgtat_mcf.aa.t12,resistant
catccacgtgatgata_mcf.aa.t12,resistant
catccactccttggtc_mcf.aa.t12,resistant
catccactctacgagt_mcf.aa.t12,resistant
catcgaaagatccgag_mcf.aa.t12,resistant
catcgaaagctgtcta_mcf.aa.t12,resistant
catcgaaagtcaagcg_mcf.aa.t12,resistant
catcgaaagtgttgaa_mcf.aa.t12,resistant
catcgaaagttaggta_mcf.aa.t12,resistant
catcgaacaagaggct_mcf.aa.t12,resistant
catcgaagtccgagtc_mcf.aa.t12,resistant
catcgaatcaacgcta_mcf.aa.t12,resistant
catcgaatccaaccaa_mcf.aa.t12,resistant
catcgaatccacgttc_mcf.aa.t12,resistant
catcgaatcgctagcg_mcf.aa.t12,resistant
catcgggagaatgtgt_mcf.aa.t12,resistant
catcgggaggatcgca_mcf.aa.t12,resistant
catcgggcaaacaaca_mcf.aa.t12,resistant
catcgggtccagtagt_mcf.aa.t12,resistant
catcgggtctctagga_mcf.aa.t12,resistant
catgacaagcacacag_mcf.aa.t12,resistant
catgacaagtcaatag_mcf.aa.t12,resistant
catgacacatcacaac_mcf.aa.t12,resistant
catgacagtcaaagcg_mcf.aa.t12,resistant
catgacagtctaaacc_mcf.aa.t12,resistant
catgacatcctagggc_mcf.aa.t12,resistant
catgacatcgtacggc_mcf.aa.t12,resistant
catgcctagctggaac_mcf.aa.t12,resistant
catgcctcacccattc_mcf.aa.t12,resistant
catgcctcacttggat_mcf.aa.t12,resistant
catgccttccaaccaa_mcf.aa.t12,resistant
catgccttccactggg_mcf.aa.t12,resistant
catggcgagattaccc_mcf.aa.t12,resistant
catggcgcaaagtgcg_mcf.aa.t12,resistant
catggcgcaccttgtc_mcf.aa.t12,resistant
catggcggtaagtggc_mcf.aa.t12,resistant
cattatcagatgtaac_mcf.aa.t12,resistant
cattatccacgacgaa_mcf.aa.t12,resistant
cattatcgtagtgaat_mcf.aa.t12,resistant
cattatcgttagaaca_mcf.aa.t12,resistant
cattatctctcgttta_mcf.aa.t12,resistant
cattatctcttccttc_mcf.aa.t12,resistant
cattcgccacagattc_mcf.aa.t12,resistant
cattcgcgtatatgga_mcf.aa.t12,resistant
cattcgcgtctcttat_mcf.aa.t12,resistant
cattcgcgtgtggctc_mcf.aa.t12,resistant
cattcgctctttacgt_mcf.aa.t12,resistant
ccaatccagctttggt_mcf.aa.t12,resistant
ccaatcccatccgtgg_mcf.aa.t12,resistant
ccaatccgtgatgtgg_mcf.aa.t12,resistant
ccaatcctcatgtccc_mcf.aa.t12,resistant
ccaatcctcctcaacc_mcf.aa.t12,resistant
ccacctacaaaggcgt_mcf.aa.t12,resistant
ccacctacatgacgga_mcf.aa.t12,resistant
ccacctagtcactggc_mcf.aa.t12,resistant
ccacctatcatcggat_mcf.aa.t12,resistant
ccacggaagaaacgcc_mcf.aa.t12,resistant
ccacggaagctatgct_mcf.aa.t12,resistant
ccacggaagtgtccat_mcf.aa.t12,resistant
ccacggacatgcccga_mcf.aa.t12,resistant
ccacggagtgtaatga_mcf.aa.t12,resistant
ccactacagggctctc_mcf.aa.t12,resistant
ccactacaggtgtggt_mcf.aa.t12,resistant
ccactacagtaggtgc_mcf.aa.t12,resistant
ccactaccaaacccat_mcf.aa.t12,resistant
ccactaccaatctacg_mcf.aa.t12,resistant
ccactaccaatggtct_mcf.aa.t12,resistant
ccactaccagacgtag_mcf.aa.t12,resistant
ccactaccattggcgc_mcf.aa.t12,resistant
ccactactcagttagc_mcf.aa.t12,resistant
ccactactcctttcgg_mcf.aa.t12,resistant
ccactactctctgaga_mcf.aa.t12,resistant
ccagcgaagacgcaca_mcf.aa.t12,resistant
ccagcgaagagtaatc_mcf.aa.t12,resistant
ccagcgaagatggcgt_mcf.aa.t12,resistant
ccagcgacaatcacac_mcf.aa.t12,resistant
ccagcgagttaagggc_mcf.aa.t12,resistant
ccagcgatcagagacg_mcf.aa.t12,resistant
ccagcgatccaaagtc_mcf.aa.t12,resistant
ccatgtcgtaaatgac_mcf.aa.t12,resistant
ccatgtcgtagctaaa_mcf.aa.t12,resistant
ccatgtcgtataggta_mcf.aa.t12,resistant
ccatgtcgtatatccg_mcf.aa.t12,resistant
ccatgtctcccaagta_mcf.aa.t12,resistant
ccatgtctccgtcaaa_mcf.aa.t12,resistant
ccattcgaggcatgtg_mcf.aa.t12,resistant
ccattcggtacttctt_mcf.aa.t12,resistant
ccattcggtcaactgt_mcf.aa.t12,resistant
ccattcggttacgcgc_mcf.aa.t12,resistant
ccattcgtctatgtgg_mcf.aa.t12,resistant
cccaatcagaaggcct_mcf.aa.t12,resistant
cccaatccaaggtttc_mcf.aa.t12,resistant
cccaatccatgttgac_mcf.aa.t12,resistant
cccaatcgtgcctgca_mcf.aa.t12,resistant
cccaatctcaaggctt_mcf.aa.t12,resistant
cccaatctctttacac_mcf.aa.t12,resistant
cccagttagtgctgcc_mcf.aa.t12,resistant
cccagttagtgtccat_mcf.aa.t12,resistant
cccagttagtgttgaa_mcf.aa.t12,resistant
cccagttgtcttcaag_mcf.aa.t12,resistant
cccagttgtgaaatca_mcf.aa.t12,resistant
cccagtttcaccgggt_mcf.aa.t12,resistant
cccatacagtgaagag_mcf.aa.t12,resistant
cccatacgtcccttgt_mcf.aa.t12,resistant
cccatacgttaagatg_mcf.aa.t12,resistant
cccatacgttggaggt_mcf.aa.t12,resistant
cccatactccttaatc_mcf.aa.t12,resistant
cccatactcgtttgcc_mcf.aa.t12,resistant
ccctcctagagtaatc_mcf.aa.t12,resistant
ccctcctagcctcgtg_mcf.aa.t12,resistant
ccctcctgtattctct_mcf.aa.t12,resistant
ccctcctgttaagaac_mcf.aa.t12,resistant
ccctccttcatttggg_mcf.aa.t12,resistant
ccgggatagcggcttc_mcf.aa.t12,resistant
ccgggatagctgcaag_mcf.aa.t12,resistant
ccgggatagtacgcga_mcf.aa.t12,resistant
ccgggatagtacgtaa_mcf.aa.t12,resistant
ccgggatcataaaggt_mcf.aa.t12,resistant
ccgggatcatggaata_mcf.aa.t12,resistant
ccgggatgtgaggcta_mcf.aa.t12,resistant
ccgggatgttctggta_mcf.aa.t12,resistant
ccgggattcattgccc_mcf.aa.t12,resistant
ccggtagagagtctgg_mcf.aa.t12,resistant
ccggtagcactgccag_mcf.aa.t12,resistant
ccggtagtcttcatgt_mcf.aa.t12,resistant
ccggtagtcttgtttg_mcf.aa.t12,resistant
ccgtactagagacgaa_mcf.aa.t12,resistant
ccgtactcaaagcggt_mcf.aa.t12,resistant
ccgtactcaagctgga_mcf.aa.t12,resistant
ccgtactcatgacgga_mcf.aa.t12,resistant
ccgtactgtagagtgc_mcf.aa.t12,resistant
ccgtactgtcagaata_mcf.aa.t12,resistant
ccgtactgtccgttaa_mcf.aa.t12,resistant
ccgtacttccgcatct_mcf.aa.t12,resistant
ccgtacttctaccaga_mcf.aa.t12,resistant
ccgtggaagtgacata_mcf.aa.t12,resistant
ccgtggacagaagcac_mcf.aa.t12,resistant
ccgtggagtagtacct_mcf.aa.t12,resistant
ccgtggagtgtcctct_mcf.aa.t12,resistant
ccgtggatcagcacat_mcf.aa.t12,resistant
ccgtggatcgagagca_mcf.aa.t12,resistant
ccgttcaagtcaaggc_mcf.aa.t12,resistant
ccgttcagtcggcact_mcf.aa.t12,resistant
ccgttcatcacgatgt_mcf.aa.t12,resistant
cctaaagagcagcgta_mcf.aa.t12,resistant
cctaaagagtgggcta_mcf.aa.t12,resistant
cctaaagtccaagccg_mcf.aa.t12,resistant
cctacaccagcctttc_mcf.aa.t12,resistant
cctacaccatgcatgt_mcf.aa.t12,resistant
cctaccaagctaaaca_mcf.aa.t12,resistant
cctaccaagggatacc_mcf.aa.t12,resistant
cctaccaagtacgtaa_mcf.aa.t12,resistant
cctaccacatgaagta_mcf.aa.t12,resistant
cctaccagttccactc_mcf.aa.t12,resistant
cctaccagttcgaatc_mcf.aa.t12,resistant
cctagctagagctata_mcf.aa.t12,resistant
cctagctcacgtgaga_mcf.aa.t12,resistant
cctagctcagctcgca_mcf.aa.t12,resistant
cctagctgtcatgcat_mcf.aa.t12,resistant
cctagcttcaaagaca_mcf.aa.t12,resistant
cctattaagagtgacc_mcf.aa.t12,resistant
cctattacagttaacc_mcf.aa.t12,resistant
cctattagtcaaactc_mcf.aa.t12,resistant
cctattagtcagaggt_mcf.aa.t12,resistant
cctattagtcatgccg_mcf.aa.t12,resistant
cctattagtgttgagg_mcf.aa.t12,resistant
cctattagtgtttggt_mcf.aa.t12,resistant
cctattagttgaggtg_mcf.aa.t12,resistant
cctattatcaccctca_mcf.aa.t12,resistant
cctattatctgtttgt_mcf.aa.t12,resistant
cctcagtagtgtacgg_mcf.aa.t12,resistant
cctcagtcaatagagt_mcf.aa.t12,resistant
cctcagtcatccgtgg_mcf.aa.t12,resistant
cctcagtcatgaacct_mcf.aa.t12,resistant
cctcagttcgttacag_mcf.aa.t12,resistant
cctcagttctagcaca_mcf.aa.t12,resistant
cctctgaagaatgtgt_mcf.aa.t12,resistant
cctctgaagtaagtac_mcf.aa.t12,resistant
cctctgaagtttagga_mcf.aa.t12,resistant
cctctgacaactgcgc_mcf.aa.t12,resistant
cctctgacacatgtgt_mcf.aa.t12,resistant
cctctgagtccaacta_mcf.aa.t12,resistant
cctctgagtccgctga_mcf.aa.t12,resistant
cctctgagtctcatcc_mcf.aa.t12,resistant
cctctgagttcgggct_mcf.aa.t12,resistant
ccttacgagaaacgcc_mcf.aa.t12,resistant
ccttacgagacgcaca_mcf.aa.t12,resistant
ccttacgagctagccc_mcf.aa.t12,resistant
ccttacgagtgtctca_mcf.aa.t12,resistant
ccttacgcaaactgtc_mcf.aa.t12,resistant
ccttacgcactgtcgg_mcf.aa.t12,resistant
ccttacgcaggtggat_mcf.aa.t12,resistant
ccttacggttggtaaa_mcf.aa.t12,resistant
ccttacgtcatgtagc_mcf.aa.t12,resistant
ccttacgtccgttgtc_mcf.aa.t12,resistant
ccttacgtccttgcca_mcf.aa.t12,resistant
ccttacgtcgccctta_mcf.aa.t12,resistant
ccttacgtcttcaact_mcf.aa.t12,resistant
ccttcccagtgacata_mcf.aa.t12,resistant
ccttcccgtaattgga_mcf.aa.t12,resistant
ccttcccgtccgacgt_mcf.aa.t12,resistant
ccttccctccgttgtc_mcf.aa.t12,resistant
ccttccctcgtggacc_mcf.aa.t12,resistant
ccttcgaaggagtaga_mcf.aa.t12,resistant
ccttcgacaaacgtgg_mcf.aa.t12,resistant
ccttcgacagcctata_mcf.aa.t12,resistant
ccttcgacagtttacg_mcf.aa.t12,resistant
ccttcgagtatatccg_mcf.aa.t12,resistant
ccttcgagtattaccg_mcf.aa.t12,resistant
ccttcgagtgtggttt_mcf.aa.t12,resistant
cctttctagactagat_mcf.aa.t12,resistant
cctttctagagacgaa_mcf.aa.t12,resistant
cctttctagtagccga_mcf.aa.t12,resistant
cctttctcatatggtc_mcf.aa.t12,resistant
cctttctcatctggta_mcf.aa.t12,resistant
cctttctcattgggcc_mcf.aa.t12,resistant
cctttctcatttcagg_mcf.aa.t12,resistant
cctttcttcggaaata_mcf.aa.t12,resistant
cctttcttcgttgcct_mcf.aa.t12,resistant
cctttcttctgcccta_mcf.aa.t12,resistant
cgaacatcagatccat_mcf.aa.t12,resistant
cgaacatcatctggta_mcf.aa.t12,resistant
cgaacatcatgatcca_mcf.aa.t12,resistant
cgaacatcatggtagg_mcf.aa.t12,resistant
cgaacatgtccatcct_mcf.aa.t12,resistant
cgaacatgtgactcat_mcf.aa.t12,resistant
cgaacatgttaaagtg_mcf.aa.t12,resistant
cgaacatgttaccagt_mcf.aa.t12,resistant
cgaacattcggcatcg_mcf.aa.t12,resistant
cgaatgtaggtgcttt_mcf.aa.t12,resistant
cgaatgtagtacttgc_mcf.aa.t12,resistant
cgaatgttcaactctt_mcf.aa.t12,resistant
cgaatgttccgttgct_mcf.aa.t12,resistant
cgaccttagtgggcta_mcf.aa.t12,resistant
cgaccttgtcccttgt_mcf.aa.t12,resistant
cgaccttgttacgcgc_mcf.aa.t12,resistant
cgacttctctctgctg_mcf.aa.t12,resistant
cgagaagagctaacaa_mcf.aa.t12,resistant
cgagaagaggacagaa_mcf.aa.t12,resistant
cgagaagagggcatgt_mcf.aa.t12,resistant
cgagaagcatggttgt_mcf.aa.t12,resistant
cgagaaggtacatcca_mcf.aa.t12,resistant
cgagaagtcctgccat_mcf.aa.t12,resistant
cgagaagtccttggtc_mcf.aa.t12,resistant
cgagaagtcggccgat_mcf.aa.t12,resistant
cgagaagtctctgaga_mcf.aa.t12,resistant
cgagcaccaagtacct_mcf.aa.t12,resistant
cgagcaccacgaggta_mcf.aa.t12,resistant
cgagcaccatgttgac_mcf.aa.t12,resistant
cgagcacgttggtgga_mcf.aa.t12,resistant
cgagcactctgacctc_mcf.aa.t12,resistant
cgagccaagacgcaca_mcf.aa.t12,resistant
cgagccaagagacgaa_mcf.aa.t12,resistant
cgagccaagccagaac_mcf.aa.t12,resistant
cgagccaagctgcgaa_mcf.aa.t12,resistant
cgagccaagggcttga_mcf.aa.t12,resistant
cgagccaagggttccc_mcf.aa.t12,resistant
cgagccacactgtcgg_mcf.aa.t12,resistant
cgagccacagatgggt_mcf.aa.t12,resistant
cgagccagttattctc_mcf.aa.t12,resistant
cgagccatcggttaac_mcf.aa.t12,resistant
cgagccatctcggacg_mcf.aa.t12,resistant
cgatcgggtcagaata_mcf.aa.t12,resistant
cgatcggtctgtctat_mcf.aa.t12,resistant
cgatggcagtacgacg_mcf.aa.t12,resistant
cgatggccacttaagc_mcf.aa.t12,resistant
cgatggcgtcgcgtgt_mcf.aa.t12,resistant
cgatggctcgtacggc_mcf.aa.t12,resistant
cgatggctctgacctc_mcf.aa.t12,resistant
cgatgtaagctagtgg_mcf.aa.t12,resistant
cgatgtaaggagttta_mcf.aa.t12,resistant
cgatgtaagggatggg_mcf.aa.t12,resistant
cgatgtaagttaggta_mcf.aa.t12,resistant
cgatgtagtacgaaat_mcf.aa.t12,resistant
cgatgtagtagggtac_mcf.aa.t12,resistant
cgatgtatccgctgtt_mcf.aa.t12,resistant
cgattgaagcaggcta_mcf.aa.t12,resistant
cgattgaaggctagac_mcf.aa.t12,resistant
cgattgacaatctgca_mcf.aa.t12,resistant
cgattgacagcatgag_mcf.aa.t12,resistant
cgattgagtcacctaa_mcf.aa.t12,resistant
cgattgagtgcagtag_mcf.aa.t12,resistant
cgccaagagagtacat_mcf.aa.t12,resistant
cgccaagcaagtctgt_mcf.aa.t12,resistant
cgccaagcatatggtc_mcf.aa.t12,resistant
cgccaaggtggtctcg_mcf.aa.t12,resistant
cgcggtacaaagtgcg_mcf.aa.t12,resistant
cgcggtacaaggttct_mcf.aa.t12,resistant
cgcggtagtacagcag_mcf.aa.t12,resistant
cgcggtagtgaccaag_mcf.aa.t12,resistant
cgcggtagtgcacgaa_mcf.aa.t12,resistant
cgcggtatctaccaga_mcf.aa.t12,resistant
cgcgtttagagagctc_mcf.aa.t12,resistant
cgcgtttagctcaact_mcf.aa.t12,resistant
cgcgtttagctccttc_mcf.aa.t12,resistant
cgcgtttagggtttct_mcf.aa.t12,resistant
cgcgtttcaaacccat_mcf.aa.t12,resistant
cgcgtttcaagagtcg_mcf.aa.t12,resistant
cgcgtttcaatgacct_mcf.aa.t12,resistant
cgcgtttcacaacgcc_mcf.aa.t12,resistant
cgcgtttcagtcacta_mcf.aa.t12,resistant
cgcgtttcattcctcg_mcf.aa.t12,resistant
cgcgttttcacaacgt_mcf.aa.t12,resistant
cgcgttttcacgaagg_mcf.aa.t12,resistant
cgctatcagcgcctca_mcf.aa.t12,resistant
cgctatccaactggcc_mcf.aa.t12,resistant
cgctatccacagccca_mcf.aa.t12,resistant
cgctatcgtgcgatag_mcf.aa.t12,resistant
cgctatctcagctcgg_mcf.aa.t12,resistant
cgctggacacttcgaa_mcf.aa.t12,resistant
cgctggacatcctaga_mcf.aa.t12,resistant
cgctggagtgcactta_mcf.aa.t12,resistant
cgcttcaagaactgta_mcf.aa.t12,resistant
cgcttcaagtttagga_mcf.aa.t12,resistant
cgcttcacaccgctag_mcf.aa.t12,resistant
cgcttcacacgcgaaa_mcf.aa.t12,resistant
cgcttcatcaagatcc_mcf.aa.t12,resistant
cgcttcatccgttgct_mcf.aa.t12,resistant
cggacacagacgcttt_mcf.aa.t12,resistant
cggacacagagggata_mcf.aa.t12,resistant
cggacacagcccagct_mcf.aa.t12,resistant
cggacacagctaacaa_mcf.aa.t12,resistant
cggacacagctatgct_mcf.aa.t12,resistant
cggacacaggcgacat_mcf.aa.t12,resistant
cggacacagtcgtttg_mcf.aa.t12,resistant
cggacacagtgggcta_mcf.aa.t12,resistant
cggacaccaactgcgc_mcf.aa.t12,resistant
cggacaccaccatgta_mcf.aa.t12,resistant
cggacaccaccgttgg_mcf.aa.t12,resistant
cggacaccagggttag_mcf.aa.t12,resistant
cggacaccatgatcca_mcf.aa.t12,resistant
cggacacgtatgcttg_mcf.aa.t12,resistant
cggacacgtgactact_mcf.aa.t12,resistant
cggacactcccaagta_mcf.aa.t12,resistant
cggacgtgttccgtct_mcf.aa.t12,resistant
cggacgttccaatggt_mcf.aa.t12,resistant
cggacgttccttcaat_mcf.aa.t12,resistant
cggactgagagggctt_mcf.aa.t12,resistant
cggactgcatccgtgg_mcf.aa.t12,resistant
cggactggttaagaac_mcf.aa.t12,resistant
cggactgtctccaacc_mcf.aa.t12,resistant
cggagctcagcgtaag_mcf.aa.t12,resistant
cggagctgtagcgcaa_mcf.aa.t12,resistant
cggagcttcaataccg_mcf.aa.t12,resistant
cggagtccagacaggt_mcf.aa.t12,resistant
cggagtccatcgatgt_mcf.aa.t12,resistant
cggagtcgtctcttat_mcf.aa.t12,resistant
cggctagcaagccgtc_mcf.aa.t12,resistant
cggctagcaatgtaag_mcf.aa.t12,resistant
cggctaggtctcttat_mcf.aa.t12,resistant
cggctagtctaactct_mcf.aa.t12,resistant
cggctagtctgtcaag_mcf.aa.t12,resistant
cggctagtcttgagac_mcf.aa.t12,resistant
cgggtcaagacccacc_mcf.aa.t12,resistant
cgggtcacactacagt_mcf.aa.t12,resistant
cgggtcacagtacact_mcf.aa.t12,resistant
cgggtcagtaccgctg_mcf.aa.t12,resistant
cgggtcagtagcgtga_mcf.aa.t12,resistant
cgggtcagtcacacgc_mcf.aa.t12,resistant
cgggtcagtccagtta_mcf.aa.t12,resistant
cgggtcagtccgacgt_mcf.aa.t12,resistant
cggttaaagtcatgct_mcf.aa.t12,resistant
cggttaacaatggtct_mcf.aa.t12,resistant
cggttaacagacgcct_mcf.aa.t12,resistant
cggttaagtcgcgtgt_mcf.aa.t12,resistant
cggttaatcgcatggc_mcf.aa.t12,resistant
cggttaatctaacttc_mcf.aa.t12,resistant
cggttaatcttgggta_mcf.aa.t12,resistant
cgtagcgagccatcgc_mcf.aa.t12,resistant
cgtagcgcaatcgaaa_mcf.aa.t12,resistant
cgtagcgcatcggtta_mcf.aa.t12,resistant
cgtagcggtgcatcta_mcf.aa.t12,resistant
cgtaggccatctccca_mcf.aa.t12,resistant
cgtcactagtttcctt_mcf.aa.t12,resistant
cgtcactcacgaaagc_mcf.aa.t12,resistant
cgtcactgtagcgtcc_mcf.aa.t12,resistant
cgtcactgtgcctggt_mcf.aa.t12,resistant
cgtcactgtgcgaaac_mcf.aa.t12,resistant
cgtcactgttaaagtg_mcf.aa.t12,resistant
cgtcaggagtcgccgt_mcf.aa.t12,resistant
cgtcaggcacggcgtt_mcf.aa.t12,resistant
cgtcaggcacttggat_mcf.aa.t12,resistant
cgtcaggcaggtctcg_mcf.aa.t12,resistant
cgtcagggtctccatc_mcf.aa.t12,resistant
cgtcaggtcgctagcg_mcf.aa.t12,resistant
cgtccatagcccagct_mcf.aa.t12,resistant
cgtccatagcccgaaa_mcf.aa.t12,resistant
cgtccatcaccatcct_mcf.aa.t12,resistant
cgtccatcatgggaac_mcf.aa.t12,resistant
cgtccatgtaattgga_mcf.aa.t12,resistant
cgtccattccaaatgc_mcf.aa.t12,resistant
cgtccattccgcgcaa_mcf.aa.t12,resistant
cgtctaccaagcgagt_mcf.aa.t12,resistant
cgtctaccagatctgt_mcf.aa.t12,resistant
cgtctaccaggaatgc_mcf.aa.t12,resistant
cgtctaccataccatg_mcf.aa.t12,resistant
cgtctaccatggatgg_mcf.aa.t12,resistant
cgtctacgtagtacct_mcf.aa.t12,resistant
cgtctacgtccgaaga_mcf.aa.t12,resistant
cgtctactcagttcga_mcf.aa.t12,resistant
cgtctactcgcttgtc_mcf.aa.t12,resistant
cgtgagccaagggtca_mcf.aa.t12,resistant
cgtgagccacgaggta_mcf.aa.t12,resistant
cgtgagccactcaggc_mcf.aa.t12,resistant
cgtgagccactgaagg_mcf.aa.t12,resistant
cgtgagccagataatg_mcf.aa.t12,resistant
cgtgagcgtgtcaatc_mcf.aa.t12,resistant
cgtgagcgttcagact_mcf.aa.t12,resistant
cgtgtaaagggatacc_mcf.aa.t12,resistant
cgtgtaacattggtac_mcf.aa.t12,resistant
cgtgtaagtcacccag_mcf.aa.t12,resistant
cgtgtaatcggcttgg_mcf.aa.t12,resistant
cgtgtctagtagccga_mcf.aa.t12,resistant
cgtgtctcaagtacct_mcf.aa.t12,resistant
cgtgtctcagctgctg_mcf.aa.t12,resistant
cgtgtctgttgtcgcg_mcf.aa.t12,resistant
cgttagaagacgcaca_mcf.aa.t12,resistant
cgttagaagcaccgct_mcf.aa.t12,resistant
cgttagaaggcaatta_mcf.aa.t12,resistant
cgttagaagtaagtac_mcf.aa.t12,resistant
cgttagacaattgctg_mcf.aa.t12,resistant
cgttagacaccaaccg_mcf.aa.t12,resistant
cgttagacagctattg_mcf.aa.t12,resistant
cgttagagtagcgcaa_mcf.aa.t12,resistant
cgttagagttccacgg_mcf.aa.t12,resistant
cgttagatcacccgag_mcf.aa.t12,resistant
cgttctgagaggtaga_mcf.aa.t12,resistant
cgttctgagcggcttc_mcf.aa.t12,resistant
cgttctgcaccaggct_mcf.aa.t12,resistant
cgttctggtcttgcgg_mcf.aa.t12,resistant
cgttctggtgcatcta_mcf.aa.t12,resistant
cgttctgtccctcttt_mcf.aa.t12,resistant
cgttctgtcgtccagg_mcf.aa.t12,resistant
cgttctgtcttgacga_mcf.aa.t12,resistant
cgttgggcatcacgat_mcf.aa.t12,resistant
cgttgggcatccttgc_mcf.aa.t12,resistant
cgttggggtgctgtat_mcf.aa.t12,resistant
cgttgggtctatcccg_mcf.aa.t12,resistant
ctaacttagatgttag_mcf.aa.t12,resistant
ctaacttgtcttcaag_mcf.aa.t12,resistant
ctaacttgttcaggcc_mcf.aa.t12,resistant
ctaactttcccacttg_mcf.aa.t12,resistant
ctaagacagacaggct_mcf.aa.t12,resistant
ctaagacagctccttc_mcf.aa.t12,resistant
ctaagacagtaggcca_mcf.aa.t12,resistant
ctaagaccaagttctg_mcf.aa.t12,resistant
ctaagaccacaggagt_mcf.aa.t12,resistant
ctaagactcgaacgga_mcf.aa.t12,resistant
ctaatggagaatctcc_mcf.aa.t12,resistant
ctaatggagagtgaga_mcf.aa.t12,resistant
ctaatggagatgccag_mcf.aa.t12,resistant
ctaatggcaatgtaag_mcf.aa.t12,resistant
ctaatggcacacagag_mcf.aa.t12,resistant
ctaatgggtggtccgt_mcf.aa.t12,resistant
ctacaccagatgtgta_mcf.aa.t12,resistant
ctacacccattggcgc_mcf.aa.t12,resistant
ctacaccgtctggtcg_mcf.aa.t12,resistant
ctacaccgtctttcat_mcf.aa.t12,resistant
ctacaccgttctgaac_mcf.aa.t12,resistant
ctacacctcgtctgaa_mcf.aa.t12,resistant
ctacattagacgcttt_mcf.aa.t12,resistant
ctacattagccggtaa_mcf.aa.t12,resistant
ctacattaggcgctct_mcf.aa.t12,resistant
ctacattaggtgggtt_mcf.aa.t12,resistant
ctacattagtgcaagc_mcf.aa.t12,resistant
ctacattgtagcaaat_mcf.aa.t12,resistant
ctacattgtttgtttc_mcf.aa.t12,resistant
ctacatttcaccgggt_mcf.aa.t12,resistant
ctacatttcgcatgat_mcf.aa.t12,resistant
ctacatttcgccataa_mcf.aa.t12,resistant
ctacatttctcacatt_mcf.aa.t12,resistant
ctacatttcttatctg_mcf.aa.t12,resistant
ctacccaagctttggt_mcf.aa.t12,resistant
ctacccaaggatggaa_mcf.aa.t12,resistant
ctacccaagtgacata_mcf.aa.t12,resistant
ctacccacaatctacg_mcf.aa.t12,resistant
ctacccacagcgttcg_mcf.aa.t12,resistant
ctacccacagggtaca_mcf.aa.t12,resistant
ctacccacatctacga_mcf.aa.t12,resistant
ctacccagtctctcgt_mcf.aa.t12,resistant
ctacccatcgcaaact_mcf.aa.t12,resistant
ctacccatcgcgatcg_mcf.aa.t12,resistant
ctacgtccacttaagc_mcf.aa.t12,resistant
ctacgtcgtaaggatt_mcf.aa.t12,resistant
ctacgtctcagttcga_mcf.aa.t12,resistant
ctagagtaggagcgag_mcf.aa.t12,resistant
ctagagtagggaacgg_mcf.aa.t12,resistant
ctagagtgtagggact_mcf.aa.t12,resistant
ctagagtgtcctagcg_mcf.aa.t12,resistant
ctagcctagccagaac_mcf.aa.t12,resistant
ctagcctcagctggct_mcf.aa.t12,resistant
ctagcctgtaaatgtg_mcf.aa.t12,resistant
ctagcctgtccgacgt_mcf.aa.t12,resistant
ctagcctgttagtggg_mcf.aa.t12,resistant
ctagccttcgagagca_mcf.aa.t12,resistant
ctagtgaagaggttgc_mcf.aa.t12,resistant
ctagtgaaggcatggt_mcf.aa.t12,resistant
ctagtgaagtgcgtga_mcf.aa.t12,resistant
ctagtgacatgtcgat_mcf.aa.t12,resistant
ctagtgagtcgggtct_mcf.aa.t12,resistant
ctagtgatcagcaact_mcf.aa.t12,resistant
ctagtgatcctaagtg_mcf.aa.t12,resistant
ctagtgatcgagagca_mcf.aa.t12,resistant
ctagtgatcgttgcct_mcf.aa.t12,resistant
ctagtgatcttcggtc_mcf.aa.t12,resistant
ctcacacaggctagac_mcf.aa.t12,resistant
ctcacaccacgctttc_mcf.aa.t12,resistant
ctcacaccattcctcg_mcf.aa.t12,resistant
ctcacacgtatcacca_mcf.aa.t12,resistant
ctcacactcccttgtg_mcf.aa.t12,resistant
ctcacactcgaatgct_mcf.aa.t12,resistant
ctcagaaagagtaccg_mcf.aa.t12,resistant
ctcagaaagctatgct_mcf.aa.t12,resistant
ctcagaaagtgatcgg_mcf.aa.t12,resistant
ctcagaacacaccgca_mcf.aa.t12,resistant
ctcagaagtctggaga_mcf.aa.t12,resistant
ctcagaagtggtttca_mcf.aa.t12,resistant
ctcagaatcaacacca_mcf.aa.t12,resistant
ctcagaatcacaggcc_mcf.aa.t12,resistant
ctcagaatcgcgtttc_mcf.aa.t12,resistant
ctcagaatctcaagtg_mcf.aa.t12,resistant
ctcattaagccctaat_mcf.aa.t12,resistant
ctcattaaggagcgag_mcf.aa.t12,resistant
ctcattaagtctcctc_mcf.aa.t12,resistant
ctcattacatatggtc_mcf.aa.t12,resistant
ctcattacatccgcga_mcf.aa.t12,resistant
ctcattagtcatgccg_mcf.aa.t12,resistant
ctcattagtctgatca_mcf.aa.t12,resistant
ctcattatcaataccg_mcf.aa.t12,resistant
ctcattatcatctgcc_mcf.aa.t12,resistant
ctcattatccgcataa_mcf.aa.t12,resistant
ctcctagcagtaagcg_mcf.aa.t12,resistant
ctcctaggtaattgga_mcf.aa.t12,resistant
ctcgaaaagtgtctca_mcf.aa.t12,resistant
ctcgaaacagtacact_mcf.aa.t12,resistant
ctcgaaagtcttgtcc_mcf.aa.t12,resistant
ctcgaaatcgcaaact_mcf.aa.t12,resistant
ctcgaaatcgtctgaa_mcf.aa.t12,resistant
ctcgaggaggacgaaa_mcf.aa.t12,resistant
ctcgaggagtaaccct_mcf.aa.t12,resistant
ctcgaggcactgttag_mcf.aa.t12,resistant
ctcgagggtatatgga_mcf.aa.t12,resistant
ctcgaggtccgcagtg_mcf.aa.t12,resistant
ctcgaggtctagagtc_mcf.aa.t12,resistant
ctcggagagctaactc_mcf.aa.t12,resistant
ctcggagcatcacgta_mcf.aa.t12,resistant
ctcggagcattgagct_mcf.aa.t12,resistant
ctcggaggttcggcac_mcf.aa.t12,resistant
ctcggagtcacttatc_mcf.aa.t12,resistant
ctcggagtcagtttgg_mcf.aa.t12,resistant
ctcggagtccgtaggc_mcf.aa.t12,resistant
ctcggagtctgcttgc_mcf.aa.t12,resistant
ctcgggacatccaaca_mcf.aa.t12,resistant
ctcgggacatggtcta_mcf.aa.t12,resistant
ctcgggagtcgcatcg_mcf.aa.t12,resistant
ctcgggatcctagtga_mcf.aa.t12,resistant
ctcgtacagacagaga_mcf.aa.t12,resistant
ctcgtacagactgggt_mcf.aa.t12,resistant
ctcgtacgtggctcca_mcf.aa.t12,resistant
ctcgtactctaactct_mcf.aa.t12,resistant
ctcgtcaaggagcgag_mcf.aa.t12,resistant
ctcgtcaagggtctcc_mcf.aa.t12,resistant
ctcgtcacaaacccat_mcf.aa.t12,resistant
ctcgtcacagggttag_mcf.aa.t12,resistant
ctcgtcagtgaacctt_mcf.aa.t12,resistant
ctcgtcagttcaacca_mcf.aa.t12,resistant
ctcgtcatcgcaagcc_mcf.aa.t12,resistant
ctcgtcatctaccaga_mcf.aa.t12,resistant
ctctaataggatggaa_mcf.aa.t12,resistant
ctctaatagtggagtc_mcf.aa.t12,resistant
ctctaatgtaaatacg_mcf.aa.t12,resistant
ctctaatgtacagtgg_mcf.aa.t12,resistant
ctctaatgtgactact_mcf.aa.t12,resistant
ctctaattcacaaacc_mcf.aa.t12,resistant
ctctaattccagaagg_mcf.aa.t12,resistant
ctctaattccatgagt_mcf.aa.t12,resistant
ctctaattcggaatct_mcf.aa.t12,resistant
ctctacgcatactacg_mcf.aa.t12,resistant
ctctacggtagtagta_mcf.aa.t12,resistant
ctctacggtccgaaga_mcf.aa.t12,resistant
ctctacggtcgattgt_mcf.aa.t12,resistant
ctctacgtccgaatgt_mcf.aa.t12,resistant
ctctacgtcgtgggaa_mcf.aa.t12,resistant
ctctggtagggtgtgt_mcf.aa.t12,resistant
ctctggtagtgtacct_mcf.aa.t12,resistant
ctctggtagtgtctca_mcf.aa.t12,resistant
ctctggtgtaaagtca_mcf.aa.t12,resistant
ctctggtgttcccttg_mcf.aa.t12,resistant
ctctggttccagagga_mcf.aa.t12,resistant
ctgaaacagacctagg_mcf.aa.t12,resistant
ctgaaacagcagatcg_mcf.aa.t12,resistant
ctgaaacagctagttc_mcf.aa.t12,resistant
ctgaaacaggtgggtt_mcf.aa.t12,resistant
ctgaaaccaaatacag_mcf.aa.t12,resistant
ctgaaaccagatccat_mcf.aa.t12,resistant
ctgaaacgtcgactat_mcf.aa.t12,resistant
ctgaaacgttacgact_mcf.aa.t12,resistant
ctgaaacgttggtttg_mcf.aa.t12,resistant
ctgaaactccagatca_mcf.aa.t12,resistant
ctgaaactccttgacc_mcf.aa.t12,resistant
ctgaaactcgagagca_mcf.aa.t12,resistant
ctgaagtagctaccta_mcf.aa.t12,resistant
ctgaagtaggacatta_mcf.aa.t12,resistant
ctgataggtagtagta_mcf.aa.t12,resistant
ctgataggtggtccgt_mcf.aa.t12,resistant
ctgataggtttagctg_mcf.aa.t12,resistant
ctgatagtcattatcc_mcf.aa.t12,resistant
ctgatagtctgtctat_mcf.aa.t12,resistant
ctgatccagttaggta_mcf.aa.t12,resistant
ctgatcccaaactgtc_mcf.aa.t12,resistant
ctgatcccagcctttc_mcf.aa.t12,resistant
ctgatccgtaagcacg_mcf.aa.t12,resistant
ctgatcctccatgaac_mcf.aa.t12,resistant
ctgcctaagatctgct_mcf.aa.t12,resistant
ctgcctacaccgttgg_mcf.aa.t12,resistant
ctgcctacatgctggc_mcf.aa.t12,resistant
ctgcctagtaacgcga_mcf.aa.t12,resistant
ctgcctagttggaccc_mcf.aa.t12,resistant
ctgcctatcacgaagg_mcf.aa.t12,resistant
ctgcctatcgtacggc_mcf.aa.t12,resistant
ctgcggacaagccatt_mcf.aa.t12,resistant
ctgcggagtcatccct_mcf.aa.t12,resistant
ctgcggatccgcatct_mcf.aa.t12,resistant
ctgcggatcgagccca_mcf.aa.t12,resistant
ctgctgtagcgtgaac_mcf.aa.t12,resistant
ctgctgtcattaaccg_mcf.aa.t12,resistant
ctgctgtgtacatcca_mcf.aa.t12,resistant
ctgctgttccgaacgc_mcf.aa.t12,resistant
ctggtctagacactaa_mcf.aa.t12,resistant
ctggtctagccttgat_mcf.aa.t12,resistant
ctggtctagggtgtgt_mcf.aa.t12,resistant
ctggtctgtctagccg_mcf.aa.t12,resistant
ctggtctgtgtgcgtc_mcf.aa.t12,resistant
ctggtctgttccgtct_mcf.aa.t12,resistant
ctggtcttcatacggt_mcf.aa.t12,resistant
ctgtgctagcaggtca_mcf.aa.t12,resistant
ctgtgctagccgccta_mcf.aa.t12,resistant
ctgtgctaggacgaaa_mcf.aa.t12,resistant
ctgtgctagggatacc_mcf.aa.t12,resistant
ctgtgcttcagagacg_mcf.aa.t12,resistant
ctgtgcttcaggcgaa_mcf.aa.t12,resistant
ctgtttaagacgcaac_mcf.aa.t12,resistant
ctgtttaagccacgtc_mcf.aa.t12,resistant
ctgtttaagcgacgta_mcf.aa.t12,resistant
ctgtttacaggaatgc_mcf.aa.t12,resistant
ctgtttatccgtcatc_mcf.aa.t12,resistant
ctgtttatctcttgat_mcf.aa.t12,resistant
cttaactaggccatag_mcf.aa.t12,resistant
cttaactagggtcgat_mcf.aa.t12,resistant
cttaactgtaaacctc_mcf.aa.t12,resistant
cttaactgttccactc_mcf.aa.t12,resistant
cttaccgagatgttag_mcf.aa.t12,resistant
cttaccgagccaggat_mcf.aa.t12,resistant
cttaccgagcgtgaac_mcf.aa.t12,resistant
cttaccgagtcgagtg_mcf.aa.t12,resistant
cttaccgcaaacccat_mcf.aa.t12,resistant
cttaccgcaggtctcg_mcf.aa.t12,resistant
cttaccgcataccatg_mcf.aa.t12,resistant
cttaccggtctcccta_mcf.aa.t12,resistant
cttaccggttacggag_mcf.aa.t12,resistant
cttaccggttcaacca_mcf.aa.t12,resistant
cttaggaagacactaa_mcf.aa.t12,resistant
cttaggaagacataac_mcf.aa.t12,resistant
cttaggacacaggagt_mcf.aa.t12,resistant
cttaggacagttcatg_mcf.aa.t12,resistant
cttaggagtgtcaatc_mcf.aa.t12,resistant
cttaggatctgttgag_mcf.aa.t12,resistant
cttctctagaattgtg_mcf.aa.t12,resistant
cttctctagggcttga_mcf.aa.t12,resistant
cttctctcaacgatgg_mcf.aa.t12,resistant
cttctctcaactggcc_mcf.aa.t12,resistant
cttctctcagctccga_mcf.aa.t12,resistant
cttctctcattcactt_mcf.aa.t12,resistant
cttctctgtgtgaccc_mcf.aa.t12,resistant
cttctctgtttgttgg_mcf.aa.t12,resistant
cttctcttcaagatcc_mcf.aa.t12,resistant
cttctcttccaaacac_mcf.aa.t12,resistant
cttggctagagtcggt_mcf.aa.t12,resistant
cttggctcatcgggtc_mcf.aa.t12,resistant
cttggctgtccctact_mcf.aa.t12,resistant
cttggcttccttcaat_mcf.aa.t12,resistant
cttggcttctgttgag_mcf.aa.t12,resistant
ctttgcgagaccacga_mcf.aa.t12,resistant
ctttgcgagatgcgac_mcf.aa.t12,resistant
ctttgcgaggagtctg_mcf.aa.t12,resistant
ctttgcgtcggcgcat_mcf.aa.t12,resistant
ctttgcgtctgtttgt_mcf.aa.t12,resistant
gaaactccatcgacgc_mcf.aa.t12,resistant
gaaactccatggtcat_mcf.aa.t12,resistant
gaaactcgttccggca_mcf.aa.t12,resistant
gaaactctcaccatag_mcf.aa.t12,resistant
gaaactctctgtcaag_mcf.aa.t12,resistant
gaaatgagtaagtgta_mcf.aa.t12,resistant
gaaatgagtcttgatg_mcf.aa.t12,resistant
gaacatcagcaccgct_mcf.aa.t12,resistant
gaacatctcacttact_mcf.aa.t12,resistant
gaacatctcttaccta_mcf.aa.t12,resistant
gaacctaagactacaa_mcf.aa.t12,resistant
gaacctagtaggcatg_mcf.aa.t12,resistant
gaacctatccgcgttt_mcf.aa.t12,resistant
gaacggacagtacact_mcf.aa.t12,resistant
gaagcagagatggcgt_mcf.aa.t12,resistant
gaagcagagtcatgct_mcf.aa.t12,resistant
gaagcagcatatggtc_mcf.aa.t12,resistant
gaagcagcatcggaag_mcf.aa.t12,resistant
gaagcaggttaagaac_mcf.aa.t12,resistant
gaataagagtaaccct_mcf.aa.t12,resistant
gaataagcaggatcga_mcf.aa.t12,resistant
gaataagcaggtgcct_mcf.aa.t12,resistant
gaataaggtatcgcat_mcf.aa.t12,resistant
gaataaggtgttgagg_mcf.aa.t12,resistant
gaataaggttgaactc_mcf.aa.t12,resistant
gaataagtccgcagtg_mcf.aa.t12,resistant
gaatgaaagatgcctt_mcf.aa.t12,resistant
gaatgaaagtcgtact_mcf.aa.t12,resistant
gaatgaaagtgtctca_mcf.aa.t12,resistant
gaatgaacattatctc_mcf.aa.t12,resistant
gaatgaagtacatcca_mcf.aa.t12,resistant
gaatgaagtagcgatg_mcf.aa.t12,resistant
gaatgaagttaagggc_mcf.aa.t12,resistant
gaatgaatctagcaca_mcf.aa.t12,resistant
gaatgaatctttacac_mcf.aa.t12,resistant
gacacgcaggcgtaca_mcf.aa.t12,resistant
gacacgccacgagagt_mcf.aa.t12,resistant
gacacgctccgcagtg_mcf.aa.t12,resistant
gacagagcacaacgtt_mcf.aa.t12,resistant
gacagagcacatttct_mcf.aa.t12,resistant
gacagagcagagccaa_mcf.aa.t12,resistant
gacagagcattcctcg_mcf.aa.t12,resistant
gacagaggtagcacga_mcf.aa.t12,resistant
gacagagtctgcgtaa_mcf.aa.t12,resistant
gacagagtcttctggc_mcf.aa.t12,resistant
gaccaatagtccgtat_mcf.aa.t12,resistant
gaccaatcacagactt_mcf.aa.t12,resistant
gaccaatcatagtaag_mcf.aa.t12,resistant
gaccaatgtcacacgc_mcf.aa.t12,resistant
gaccaatgtcgactat_mcf.aa.t12,resistant
gaccaatgtgcgcttg_mcf.aa.t12,resistant
gacctggagacgcaac_mcf.aa.t12,resistant
gacctggagagagctc_mcf.aa.t12,resistant
gacctgggtcattagc_mcf.aa.t12,resistant
gacctgggtcgctttc_mcf.aa.t12,resistant
gacctggtccctaatt_mcf.aa.t12,resistant
gacctggtcgcaagcc_mcf.aa.t12,resistant
gacgcgtagcagactg_mcf.aa.t12,resistant
gacgcgtagcaggtca_mcf.aa.t12,resistant
gacgcgtcagtaagcg_mcf.aa.t12,resistant
gacgcgtgttatgtgc_mcf.aa.t12,resistant
gacgcgttccggcaca_mcf.aa.t12,resistant
gacgcgttctgtacga_mcf.aa.t12,resistant
gacggctagatagtca_mcf.aa.t12,resistant
gacggctagtggagaa_mcf.aa.t12,resistant
gacggcttcggcatcg_mcf.aa.t12,resistant
gacgtgcagaggttat_mcf.aa.t12,resistant
gacgtgcgtggcccta_mcf.aa.t12,resistant
gacgtgctcccgactt_mcf.aa.t12,resistant
gacgtgctcgcactct_mcf.aa.t12,resistant
gacgtgctcgcggatc_mcf.aa.t12,resistant
gacgtgctcgctagcg_mcf.aa.t12,resistant
gacgtgctctcattca_mcf.aa.t12,resistant
gacgtgctctgatacg_mcf.aa.t12,resistant
gacgttacactgttag_mcf.aa.t12,resistant
gacgttacatgttccc_mcf.aa.t12,resistant
gacgttagtacgaccc_mcf.aa.t12,resistant
gacgttagtcttctcg_mcf.aa.t12,resistant
gacgttatcagtacgt_mcf.aa.t12,resistant
gactaacagagtgacc_mcf.aa.t12,resistant
gactaacagcccagct_mcf.aa.t12,resistant
gactaaccacctatcc_mcf.aa.t12,resistant
gactaacgtagcgtga_mcf.aa.t12,resistant
gactaacgtgactcat_mcf.aa.t12,resistant
gactacaagtgttgaa_mcf.aa.t12,resistant
gactacacagactcgc_mcf.aa.t12,resistant
gactacagtcaatacc_mcf.aa.t12,resistant
gactacagtccgaatt_mcf.aa.t12,resistant
gactacagtctagcgc_mcf.aa.t12,resistant
gactacatctaactct_mcf.aa.t12,resistant
gactgcgaggctctta_mcf.aa.t12,resistant
gactgcgcaacgatct_mcf.aa.t12,resistant
gactgcgcaagttaag_mcf.aa.t12,resistant
gactgcgcacacagag_mcf.aa.t12,resistant
gactgcgcagatcgga_mcf.aa.t12,resistant
gactgcgtcaaaccgt_mcf.aa.t12,resistant
gactgcgtcaaccaac_mcf.aa.t12,resistant
gactgcgtcaccaggc_mcf.aa.t12,resistant
gactgcgtccagaagg_mcf.aa.t12,resistant
gactgcgtcctttaca_mcf.aa.t12,resistant
gactgcgtctggtgta_mcf.aa.t12,resistant
gagcagaagaaacgcc_mcf.aa.t12,resistant
gagcagaagatgggtc_mcf.aa.t12,resistant
gagcagaaggagttgc_mcf.aa.t12,resistant
gagcagagtctgcaat_mcf.aa.t12,resistant
gagcagatccactggg_mcf.aa.t12,resistant
gaggtgaagaagggta_mcf.aa.t12,resistant
gaggtgaagaccggat_mcf.aa.t12,resistant
gaggtgaagaggacgg_mcf.aa.t12,resistant
gaggtgaagctgttca_mcf.aa.t12,resistant
gaggtgaaggccatag_mcf.aa.t12,resistant
gaggtgagtgttcttt_mcf.aa.t12,resistant
gaggtgatctatcgcc_mcf.aa.t12,resistant
gagtccgagaagattc_mcf.aa.t12,resistant
gagtccgagacctttg_mcf.aa.t12,resistant
gagtccgagactaggc_mcf.aa.t12,resistant
gagtccgagctaaaca_mcf.aa.t12,resistant
gagtccgcacccattc_mcf.aa.t12,resistant
gagtccgcactcgacg_mcf.aa.t12,resistant
gagtccgcattgtgca_mcf.aa.t12,resistant
gagtccgtccacgcag_mcf.aa.t12,resistant
gagtccgtcgatgagg_mcf.aa.t12,resistant
gagtccgtctaaccga_mcf.aa.t12,resistant
gatcagtagacgacgt_mcf.aa.t12,resistant
gatcagtagctagccc_mcf.aa.t12,resistant
gatcagtagctagttc_mcf.aa.t12,resistant
gatcagtagggcttga_mcf.aa.t12,resistant
gatcagtcacaagacg_mcf.aa.t12,resistant
gatcagtcacgaggta_mcf.aa.t12,resistant
gatcagtgtagaggaa_mcf.aa.t12,resistant
gatcgatgtcacttcc_mcf.aa.t12,resistant
gatcgatgtctcttta_mcf.aa.t12,resistant
gatcgatgtgactact_mcf.aa.t12,resistant
gatcgattccctaacc_mcf.aa.t12,resistant
gatcgattcgatgagg_mcf.aa.t12,resistant
gatcgcgcatttcact_mcf.aa.t12,resistant
gatcgcggtagcacga_mcf.aa.t12,resistant
gatcgcggtgcagtag_mcf.aa.t12,resistant
gatcgcggtgcctgca_mcf.aa.t12,resistant
gatcgcgtcaggtaaa_mcf.aa.t12,resistant
gatcgtaagacagacc_mcf.aa.t12,resistant
gatcgtaaggcatggt_mcf.aa.t12,resistant
gatcgtatccgttgtc_mcf.aa.t12,resistant
gatcgtatcgatagaa_mcf.aa.t12,resistant
gatcgtatcgccgtga_mcf.aa.t12,resistant
gatcgtatcgtccagg_mcf.aa.t12,resistant
gatctagagtcgccgt_mcf.aa.t12,resistant
gatctagcagacgcaa_mcf.aa.t12,resistant
gatctaggtaagtggc_mcf.aa.t12,resistant
gatctaggtctagcgc_mcf.aa.t12,resistant
gatctagtcaccttat_mcf.aa.t12,resistant
gatgaaacagccacca_mcf.aa.t12,resistant
gatgaaagtaacgcga_mcf.aa.t12,resistant
gatgaaagtacaagta_mcf.aa.t12,resistant
gatgaaagtcgaatct_mcf.aa.t12,resistant
gatgaaatccacgcag_mcf.aa.t12,resistant
gatgaaatctgaaaga_mcf.aa.t12,resistant
gatgaggagttaccca_mcf.aa.t12,resistant
gatgaggcaaacctac_mcf.aa.t12,resistant
gatgagggtacagacg_mcf.aa.t12,resistant
gatgagggttcctcca_mcf.aa.t12,resistant
gatgaggtccacgacg_mcf.aa.t12,resistant
gatgaggtccttcaat_mcf.aa.t12,resistant
gatgaggtcggacaag_mcf.aa.t12,resistant
gatgctaagactcgga_mcf.aa.t12,resistant
gatgctagtcgaaagc_mcf.aa.t12,resistant
gatgctatcagcttag_mcf.aa.t12,resistant
gattcagaggctagac_mcf.aa.t12,resistant
gattcagcacaccgca_mcf.aa.t12,resistant
gattcaggtgctcttc_mcf.aa.t12,resistant
gattcagtccaaatgc_mcf.aa.t12,resistant
gattcagtcggtctaa_mcf.aa.t12,resistant
gattcagtcggtgtta_mcf.aa.t12,resistant
gcaaactagtacgacg_mcf.aa.t12,resistant
gcaaactagtgggttg_mcf.aa.t12,resistant
gcaaactagttatcgc_mcf.aa.t12,resistant
gcaaactcaagccgct_mcf.aa.t12,resistant
gcaaactcagacaggt_mcf.aa.t12,resistant
gcaaactcagctgcac_mcf.aa.t12,resistant
gcaaactgtctagtca_mcf.aa.t12,resistant
gcaaacttctcaaacg_mcf.aa.t12,resistant
gcaatcaagatacaca_mcf.aa.t12,resistant
gcaatcaagtcttgca_mcf.aa.t12,resistant
gcaatcagtaagcacg_mcf.aa.t12,resistant
gcaatcagtcaggaca_mcf.aa.t12,resistant
gcaatcagtgttcttt_mcf.aa.t12,resistant
gcacataagatgttag_mcf.aa.t12,resistant
gcacatacacttaacg_mcf.aa.t12,resistant
gcacatacaggtcgtc_mcf.aa.t12,resistant
gcacatatcaacgcta_mcf.aa.t12,resistant
gcacatatcagttgac_mcf.aa.t12,resistant
gcacatatccacgacg_mcf.aa.t12,resistant
gcactctgtgcctgca_mcf.aa.t12,resistant
gcagccaagtgggttg_mcf.aa.t12,resistant
gcagccaagttgcagg_mcf.aa.t12,resistant
gcagccagtcatgcat_mcf.aa.t12,resistant
gcagttaagacgcaca_mcf.aa.t12,resistant
gcagttaagtgaattg_mcf.aa.t12,resistant
gcagttacaatgaaac_mcf.aa.t12,resistant
gcagttagtttgactg_mcf.aa.t12,resistant
gcatacaagactaggc_mcf.aa.t12,resistant
gcatacaagttcgcat_mcf.aa.t12,resistant
gcatacacaatggtct_mcf.aa.t12,resistant
gcatacagtagcttgt_mcf.aa.t12,resistant
gcatacatcaccaggc_mcf.aa.t12,resistant
gcatacatctatcccg_mcf.aa.t12,resistant
gcatgatagagactta_mcf.aa.t12,resistant
gcatgatagctggaac_mcf.aa.t12,resistant
gcatgatcacgaagca_mcf.aa.t12,resistant
gcatgatgtcgggtct_mcf.aa.t12,resistant
gcatgattccgcggta_mcf.aa.t12,resistant
gcatgattcgtcacgg_mcf.aa.t12,resistant
gcatgcgaggactggt_mcf.aa.t12,resistant
gcatgcgtcattgccc_mcf.aa.t12,resistant
gcatgtagtcgaacag_mcf.aa.t12,resistant
gcatgtatcgcttaga_mcf.aa.t12,resistant
gcatgtatcggcgcta_mcf.aa.t12,resistant
gcatgtatctggtgta_mcf.aa.t12,resistant
gccaaatcactagtac_mcf.aa.t12,resistant
gccaaatgtcgcttct_mcf.aa.t12,resistant
gcctctagttcctcca_mcf.aa.t12,resistant
gcgaccacaatgacct_mcf.aa.t12,resistant
gcgaccacatgcaatc_mcf.aa.t12,resistant
gcgaccagtgacggta_mcf.aa.t12,resistant
gcgaccatcctttcgg_mcf.aa.t12,resistant
gcgaccatctcgcatc_mcf.aa.t12,resistant
gcgagaaagctgccca_mcf.aa.t12,resistant
gcgagaacacattcga_mcf.aa.t12,resistant
gcgagaacacttggat_mcf.aa.t12,resistant
gcgagaagtagcgtga_mcf.aa.t12,resistant
gcgagaagtatctgca_mcf.aa.t12,resistant
gcgagaagtgaggcta_mcf.aa.t12,resistant
gcgagaatcaaacggg_mcf.aa.t12,resistant
gcgagaatcaccttat_mcf.aa.t12,resistant
gcgagaatccttggtc_mcf.aa.t12,resistant
gcgcaacaggctacga_mcf.aa.t12,resistant
gcgcaacgtaagtgta_mcf.aa.t12,resistant
gcgcaacgtatatgga_mcf.aa.t12,resistant
gcgcaacgtattctct_mcf.aa.t12,resistant
gcgcaacgttccatga_mcf.aa.t12,resistant
gcgcaactcccaagat_mcf.aa.t12,resistant
gcgcagtaggcccgtt_mcf.aa.t12,resistant
gcgcagttcgtctgct_mcf.aa.t12,resistant
gcgccaatcagaaatg_mcf.aa.t12,resistant
gcgccaatcccgactt_mcf.aa.t12,resistant
gcgccaatcgaacgga_mcf.aa.t12,resistant
gcgccaatctcttgat_mcf.aa.t12,resistant
gcgcgataggtgggtt_mcf.aa.t12,resistant
gcgcgatagtcgagtg_mcf.aa.t12,resistant
gcgcgatcaaaggaag_mcf.aa.t12,resistant
gcgcgatcacttcgaa_mcf.aa.t12,resistant
gcgcgatgtcagctat_mcf.aa.t12,resistant
gcgcgattcaaggctt_mcf.aa.t12,resistant
gcgcgattcagcctaa_mcf.aa.t12,resistant
gcgcgattccttcaat_mcf.aa.t12,resistant
gcgcgattcttgaggt_mcf.aa.t12,resistant
gcgggttagcaaatca_mcf.aa.t12,resistant
gcgggttagtcctcct_mcf.aa.t12,resistant
gcgggttcaatacgct_mcf.aa.t12,resistant
gcgggttcatccttgc_mcf.aa.t12,resistant
gcgggttgtaacgacg_mcf.aa.t12,resistant
gcgggtttccaaccaa_mcf.aa.t12,resistant
gcgggtttccggcaca_mcf.aa.t12,resistant
gcgggtttcggccgat_mcf.aa.t12,resistant
gctcctaagagtaagg_mcf.aa.t12,resistant
gctcctacaaggacac_mcf.aa.t12,resistant
gctcctagtggctcca_mcf.aa.t12,resistant
gctcctagtgttgagg_mcf.aa.t12,resistant
gctcctatcactcctg_mcf.aa.t12,resistant
gctcctatcaggttca_mcf.aa.t12,resistant
gctcctatcttcgaga_mcf.aa.t12,resistant
gctctgtagggaacgg_mcf.aa.t12,resistant
gctctgtagtacgcga_mcf.aa.t12,resistant
gctctgtcaccagtta_mcf.aa.t12,resistant
gctctgtcactcgacg_mcf.aa.t12,resistant
gctctgtgtatatgga_mcf.aa.t12,resistant
gctctgtgtgatgata_mcf.aa.t12,resistant
gctctgttcgtaccgg_mcf.aa.t12,resistant
gctctgttctgttgag_mcf.aa.t12,resistant
gctctgttcttcaact_mcf.aa.t12,resistant
gctgcagcaacaccta_mcf.aa.t12,resistant
gctgcagcacctatcc_mcf.aa.t12,resistant
gctgcagcatcacgat_mcf.aa.t12,resistant
gctgcaggtcatccct_mcf.aa.t12,resistant
gctgcagtcccattta_mcf.aa.t12,resistant
gctgcgaagaaggtga_mcf.aa.t12,resistant
gctgcgaagatgtggc_mcf.aa.t12,resistant
gctgcgaaggcacatg_mcf.aa.t12,resistant
gctgcgacaattgctg_mcf.aa.t12,resistant
gctgcgagtccagtat_mcf.aa.t12,resistant
gctgcttagtgtggca_mcf.aa.t12,resistant
gctgcttcaccgaaag_mcf.aa.t12,resistant
gctgcttgtagctccg_mcf.aa.t12,resistant
gctgcttgtgtttgtg_mcf.aa.t12,resistant
gctgctttccattcta_mcf.aa.t12,resistant
gctgggtcaacttgac_mcf.aa.t12,resistant
gctgggtcactatctt_mcf.aa.t12,resistant
gctgggtgtagaggaa_mcf.aa.t12,resistant
gctgggttctcgatga_mcf.aa.t12,resistant
gcttccacaatgaatg_mcf.aa.t12,resistant
gcttccacaggtgcct_mcf.aa.t12,resistant
gcttccacattacgac_mcf.aa.t12,resistant
gcttccagtccagtgc_mcf.aa.t12,resistant
gcttccatcagtttgg_mcf.aa.t12,resistant
gcttgaaagtgttgaa_mcf.aa.t12,resistant
gcttgaacaagaggct_mcf.aa.t12,resistant
gcttgaacagccacca_mcf.aa.t12,resistant
gcttgaatcagagacg_mcf.aa.t12,resistant
ggaaagcagaacaatc_mcf.aa.t12,resistant
ggaaagcaggctcaga_mcf.aa.t12,resistant
ggaaagcagtcgataa_mcf.aa.t12,resistant
ggaaagcagtggacgt_mcf.aa.t12,resistant
ggaaagccaacgcacc_mcf.aa.t12,resistant
ggaaagccaagcgctc_mcf.aa.t12,resistant
ggaaagccacagactt_mcf.aa.t12,resistant
ggaaagccaggaacgt_mcf.aa.t12,resistant
ggaaagcgtagctgcc_mcf.aa.t12,resistant
ggaaagcgtcggcatc_mcf.aa.t12,resistant
ggaaagcgttgtcgcg_mcf.aa.t12,resistant
ggaacttaggtgatat_mcf.aa.t12,resistant
ggaacttcaagaggct_mcf.aa.t12,resistant
ggaacttcacatccgg_mcf.aa.t12,resistant
ggaacttgtctcgttc_mcf.aa.t12,resistant
ggaacttgtgacgcct_mcf.aa.t12,resistant
ggaactttcttaccta_mcf.aa.t12,resistant
ggaataaagcgttccg_mcf.aa.t12,resistant
ggaataaagtgggttg_mcf.aa.t12,resistant
ggaataagtccgaaga_mcf.aa.t12,resistant
ggaataagttcgaatc_mcf.aa.t12,resistant
ggacaagagtcaatag_mcf.aa.t12,resistant
ggacaagcaagtctgt_mcf.aa.t12,resistant
ggacaagcatagaaac_mcf.aa.t12,resistant
ggacaaggtaaatgac_mcf.aa.t12,resistant
ggacagaagacagacc_mcf.aa.t12,resistant
ggacagatcccaagta_mcf.aa.t12,resistant
ggacattcaagctgag_mcf.aa.t12,resistant
ggacattcatctggta_mcf.aa.t12,resistant
ggacattgtacttagc_mcf.aa.t12,resistant
ggacattgtcctagcg_mcf.aa.t12,resistant
ggacattgtctagccg_mcf.aa.t12,resistant
ggacgtcagaatgtgt_mcf.aa.t12,resistant
ggacgtcagggttccc_mcf.aa.t12,resistant
ggacgtccaatcgaaa_mcf.aa.t12,resistant
ggacgtccaatgtaag_mcf.aa.t12,resistant
ggacgtccaccgaatt_mcf.aa.t12,resistant
ggacgtccagccaatt_mcf.aa.t12,resistant
ggacgtccattaaccg_mcf.aa.t12,resistant
ggacgtcgtatcgcat_mcf.aa.t12,resistant
ggacgtcgtgaccaag_mcf.aa.t12,resistant
ggacgtctcgacagcc_mcf.aa.t12,resistant
ggagcaaagagactta_mcf.aa.t12,resistant
ggagcaaagtaagtac_mcf.aa.t12,resistant
ggagcaacatgttgac_mcf.aa.t12,resistant
ggagcaagtacctaca_mcf.aa.t12,resistant
ggagcaagtctgcaat_mcf.aa.t12,resistant
ggagcaagttgggaca_mcf.aa.t12,resistant
ggagcaatcaaagtag_mcf.aa.t12,resistant
ggatgttagtgtctca_mcf.aa.t12,resistant
ggattacagacctagg_mcf.aa.t12,resistant
ggattacagttacggg_mcf.aa.t12,resistant
ggattaccaagtctgt_mcf.aa.t12,resistant
ggattaccatcagtac_mcf.aa.t12,resistant
ggattacgtccgtgac_mcf.aa.t12,resistant
ggattactcacgacta_mcf.aa.t12,resistant
ggcaattgtaattgga_mcf.aa.t12,resistant
ggccgatagaggttat_mcf.aa.t12,resistant
ggccgataggatatac_mcf.aa.t12,resistant
ggccgataggtgcttt_mcf.aa.t12,resistant
ggccgatagttgcagg_mcf.aa.t12,resistant
ggccgatcaccaggct_mcf.aa.t12,resistant
ggccgattcaaagtag_mcf.aa.t12,resistant
ggcgactcacagaggt_mcf.aa.t12,resistant
ggcgactcaccgatat_mcf.aa.t12,resistant
ggcgactcagatcgga_mcf.aa.t12,resistant
ggcgactcatactacg_mcf.aa.t12,resistant
ggcgactcatcctaga_mcf.aa.t12,resistant
ggcgacttccgaagag_mcf.aa.t12,resistant
ggcgacttcgtttagg_mcf.aa.t12,resistant
ggcgtgtagctaagat_mcf.aa.t12,resistant
ggcgtgtcaggacgta_mcf.aa.t12,resistant
ggctcgaaggctatct_mcf.aa.t12,resistant
ggctcgaagtgtctca_mcf.aa.t12,resistant
ggctcgaagtgttgaa_mcf.aa.t12,resistant
ggctcgagtagtgaat_mcf.aa.t12,resistant
ggctcgatccaaccaa_mcf.aa.t12,resistant
ggctcgatctgcaagt_mcf.aa.t12,resistant
ggctggtaggttccta_mcf.aa.t12,resistant
ggctggtagtgaagag_mcf.aa.t12,resistant
ggctggtagttgagat_mcf.aa.t12,resistant
ggctggtcacggttta_mcf.aa.t12,resistant
ggctggtcatgcgcac_mcf.aa.t12,resistant
ggctggtgtcaagcga_mcf.aa.t12,resistant
ggctggttcatagcac_mcf.aa.t12,resistant
gggaatgtcatatcgg_mcf.aa.t12,resistant
gggacctagaatctcc_mcf.aa.t12,resistant
gggacctcaaagcggt_mcf.aa.t12,resistant
gggacctcaccttgtc_mcf.aa.t12,resistant
gggacctgtagtagta_mcf.aa.t12,resistant
gggacctgtcacctaa_mcf.aa.t12,resistant
gggaccttcacaatgc_mcf.aa.t12,resistant
gggagatgtggtctcg_mcf.aa.t12,resistant
gggagatgttgattcg_mcf.aa.t12,resistant
gggagattcgtggtcg_mcf.aa.t12,resistant
gggagattctacgagt_mcf.aa.t12,resistant
gggagattctcgtatt_mcf.aa.t12,resistant
gggagattctctgctg_mcf.aa.t12,resistant
gggatgaaggcagtca_mcf.aa.t12,resistant
gggatgaaggctaggt_mcf.aa.t12,resistant
gggatgaagtacgacg_mcf.aa.t12,resistant
gggatgacagctccga_mcf.aa.t12,resistant
gggatgagttcacggc_mcf.aa.t12,resistant
gggatgatcacggtta_mcf.aa.t12,resistant
gggatgatcattcact_mcf.aa.t12,resistant
gggcactcacgaagca_mcf.aa.t12,resistant
gggcactgtaggcatg_mcf.aa.t12,resistant
gggcacttcaacacgt_mcf.aa.t12,resistant
gggcacttcacgacta_mcf.aa.t12,resistant
gggcatcagacataac_mcf.aa.t12,resistant
gggcatccacagacag_mcf.aa.t12,resistant
gggcatcgtacagttc_mcf.aa.t12,resistant
gggcatcgtctagccg_mcf.aa.t12,resistant
gggcatctcctacaga_mcf.aa.t12,resistant
gggcatctcgacggaa_mcf.aa.t12,resistant
gggcatctctcgagta_mcf.aa.t12,resistant
gggtctgcacattagc_mcf.aa.t12,resistant
gggtctggtgatgccc_mcf.aa.t12,resistant
gggtctggttacgcgc_mcf.aa.t12,resistant
gggtctggttcgtctc_mcf.aa.t12,resistant
gggtctgtccttcaat_mcf.aa.t12,resistant
gggttgcgtacagacg_mcf.aa.t12,resistant
gggttgcgtactcgcg_mcf.aa.t12,resistant
gggttgcgtagcgtcc_mcf.aa.t12,resistant
gggttgctcaatctct_mcf.aa.t12,resistant
gggttgctcatcggat_mcf.aa.t12,resistant
ggtattgagagtcggt_mcf.aa.t12,resistant
ggtattgagtcgataa_mcf.aa.t12,resistant
ggtattgagtcttgca_mcf.aa.t12,resistant
ggtattgagtggcaca_mcf.aa.t12,resistant
ggtattgcatgggaca_mcf.aa.t12,resistant
ggtattggtacttctt_mcf.aa.t12,resistant
ggtattggtgtctgat_mcf.aa.t12,resistant
ggtattggttatcggt_mcf.aa.t12,resistant
ggtattggttgaggtg_mcf.aa.t12,resistant
ggtgaagagaaggttt_mcf.aa.t12,resistant
ggtgaagagagctgca_mcf.aa.t12,resistant
ggtgaagagtgaattg_mcf.aa.t12,resistant
ggtgaaggtgtttggt_mcf.aa.t12,resistant
ggtgaagtcgcatgat_mcf.aa.t12,resistant
ggtgcgtagtcgccgt_mcf.aa.t12,resistant
ggtgcgtagtgttgaa_mcf.aa.t12,resistant
ggtgcgtgtaaacaca_mcf.aa.t12,resistant
ggtgcgtgtcttcaag_mcf.aa.t12,resistant
ggtgcgttcccattat_mcf.aa.t12,resistant
ggtgcgttccttgcca_mcf.aa.t12,resistant
ggtgcgttcgttgaca_mcf.aa.t12,resistant
ggtgttacactaagtc_mcf.aa.t12,resistant
ggtgttacatgatcca_mcf.aa.t12,resistant
ggtgttagtcacctaa_mcf.aa.t12,resistant
ggtgttatcccattta_mcf.aa.t12,resistant
ggtgttatcgatccct_mcf.aa.t12,resistant
ggtgttatcgcttgtc_mcf.aa.t12,resistant
gtaacgtgttggtttg_mcf.aa.t12,resistant
gtaacgttcaaaccgt_mcf.aa.t12,resistant
gtaacgttcacggtta_mcf.aa.t12,resistant
gtaacgttcttatctg_mcf.aa.t12,resistant
gtaactgagatcccat_mcf.aa.t12,resistant
gtaactggtatatccg_mcf.aa.t12,resistant
gtaactgtcaaaccac_mcf.aa.t12,resistant
gtaactgtctgcagta_mcf.aa.t12,resistant
gtaactgtcttaccta_mcf.aa.t12,resistant
gtacgtaagcgttgcc_mcf.aa.t12,resistant
gtacgtacaagcgctc_mcf.aa.t12,resistant
gtacgtagtgatgata_mcf.aa.t12,resistant
gtacgtatccgcggta_mcf.aa.t12,resistant
gtacgtatctcgcttg_mcf.aa.t12,resistant
gtactccgtcagaata_mcf.aa.t12,resistant
gtactccgtgacggta_mcf.aa.t12,resistant
gtactcctcaaggctt_mcf.aa.t12,resistant
gtactcctcagagacg_mcf.aa.t12,resistant
gtactcctcgtgggaa_mcf.aa.t12,resistant
gtactttaggcccttg_mcf.aa.t12,resistant
gtactttcaagttgtc_mcf.aa.t12,resistant
gtactttcatactacg_mcf.aa.t12,resistant
gtactttgtacaagta_mcf.aa.t12,resistant
gtactttgtcaactgt_mcf.aa.t12,resistant
gtactttgtcctagcg_mcf.aa.t12,resistant
gtactttgtgactcat_mcf.aa.t12,resistant
gtactttgtgtttgtg_mcf.aa.t12,resistant
gtacttttcaggttca_mcf.aa.t12,resistant
gtacttttccatgagt_mcf.aa.t12,resistant
gtaggccagagtaagg_mcf.aa.t12,resistant
gtaggccagataggag_mcf.aa.t12,resistant
gtaggccagcggatca_mcf.aa.t12,resistant
gtaggccgtagcctat_mcf.aa.t12,resistant
gtaggccgtctggtcg_mcf.aa.t12,resistant
gtaggcctcatcggat_mcf.aa.t12,resistant
gtagtcaagcaggcta_mcf.aa.t12,resistant
gtagtcacactgtcgg_mcf.aa.t12,resistant
gtagtcacattcctcg_mcf.aa.t12,resistant
gtagtcagtccgtcag_mcf.aa.t12,resistant
gtatcttagaaaccgc_mcf.aa.t12,resistant
gtatcttagaattccc_mcf.aa.t12,resistant
gtatcttagaggttgc_mcf.aa.t12,resistant
gtatcttcactatctt_mcf.aa.t12,resistant
gtatcttcatgagcga_mcf.aa.t12,resistant
gtatcttgtcttgcgg_mcf.aa.t12,resistant
gtatctttcacaggcc_mcf.aa.t12,resistant
gtatctttcatcattc_mcf.aa.t12,resistant
gtattctagcaatatg_mcf.aa.t12,resistant
gtattcttccttaatc_mcf.aa.t12,resistant
gtattcttctgtctcg_mcf.aa.t12,resistant
gtcaagtagaccacga_mcf.aa.t12,resistant
gtcaagtagagtacat_mcf.aa.t12,resistant
gtcaagtagatagtca_mcf.aa.t12,resistant
gtcaagtcaccaggct_mcf.aa.t12,resistant
gtcaagtcattcctgc_mcf.aa.t12,resistant
gtcaagtgtccatcct_mcf.aa.t12,resistant
gtcaagtgtcggatcc_mcf.aa.t12,resistant
gtcaagttcatgcatg_mcf.aa.t12,resistant
gtcaagttcccattat_mcf.aa.t12,resistant
gtcacaaagtaagtac_mcf.aa.t12,resistant
gtcacaacaagtctac_mcf.aa.t12,resistant
gtcacaacacatccaa_mcf.aa.t12,resistant
gtcacaacagtcagag_mcf.aa.t12,resistant
gtcacggcacccagtg_mcf.aa.t12,resistant
gtcacgggtatggttc_mcf.aa.t12,resistant
gtcacgggtgaaagag_mcf.aa.t12,resistant
gtcacggtcggtgtta_mcf.aa.t12,resistant
gtcacggtcgtggacc_mcf.aa.t12,resistant
gtcacggtctgcgacg_mcf.aa.t12,resistant
gtcatttagaccacga_mcf.aa.t12,resistant
gtcatttagatcccat_mcf.aa.t12,resistant
gtcatttaggagtacc_mcf.aa.t12,resistant
gtcatttcaacgatgg_mcf.aa.t12,resistant
gtcatttgtgcaggta_mcf.aa.t12,resistant
gtcattttcagtacgt_mcf.aa.t12,resistant
gtcattttcagttgac_mcf.aa.t12,resistant
gtcattttcggagcaa_mcf.aa.t12,resistant
gtcctcaagtggacgt_mcf.aa.t12,resistant
gtcctcaagtggtagc_mcf.aa.t12,resistant
gtcctcacaagaagag_mcf.aa.t12,resistant
gtcctcagtccaacta_mcf.aa.t12,resistant
gtcctcatcaaaccac_mcf.aa.t12,resistant
gtcctcatcaaagaca_mcf.aa.t12,resistant
gtcgggtcacccatgg_mcf.aa.t12,resistant
gtcgggtgtagagtgc_mcf.aa.t12,resistant
gtcgggtgtcgccatg_mcf.aa.t12,resistant
gtcgggttcggctacg_mcf.aa.t12,resistant
gtcgtaaagagtaatc_mcf.aa.t12,resistant
gtcgtaaaggcaatta_mcf.aa.t12,resistant
gtcgtaacatgacgga_mcf.aa.t12,resistant
gtcgtaagtcatatgc_mcf.aa.t12,resistant
gtcgtaagtcgcttct_mcf.aa.t12,resistant
gtcgtaatcagcatgt_mcf.aa.t12,resistant
gtcttcgaggatggaa_mcf.aa.t12,resistant
gtcttcgcaccatgta_mcf.aa.t12,resistant
gtcttcgcatacagct_mcf.aa.t12,resistant
gtcttcggtgcctggt_mcf.aa.t12,resistant
gtcttcggttaagatg_mcf.aa.t12,resistant
gtgaaggagctcccag_mcf.aa.t12,resistant
gtgaaggaggcacatg_mcf.aa.t12,resistant
gtgaaggcacaacgtt_mcf.aa.t12,resistant
gtgaaggcattgcggc_mcf.aa.t12,resistant
gtgaaggcatttcact_mcf.aa.t12,resistant
gtgaagggtacagcag_mcf.aa.t12,resistant
gtgaagggtatctgca_mcf.aa.t12,resistant
gtgaagggtggcccta_mcf.aa.t12,resistant
gtgaagggttagtggg_mcf.aa.t12,resistant
gtgaaggtcaccaggc_mcf.aa.t12,resistant
gtgaaggtccgcataa_mcf.aa.t12,resistant
gtgaaggtcgtcacgg_mcf.aa.t12,resistant
gtgcagcagaagaagc_mcf.aa.t12,resistant
gtgcagcaggtcggat_mcf.aa.t12,resistant
gtgcagccagattgct_mcf.aa.t12,resistant
gtgcagcgtagctgcc_mcf.aa.t12,resistant
gtgcagcgttagggtg_mcf.aa.t12,resistant
gtgcagctcagcttag_mcf.aa.t12,resistant
gtgcagctcccgactt_mcf.aa.t12,resistant
gtgcagctctctaagg_mcf.aa.t12,resistant
gtgcataagcgcctca_mcf.aa.t12,resistant
gtgcataagctgaacg_mcf.aa.t12,resistant
gtgcataagttgagat_mcf.aa.t12,resistant
gtgcatagtgcttctc_mcf.aa.t12,resistant
gtgcatatcagctggc_mcf.aa.t12,resistant
gtgcggtagaacaatc_mcf.aa.t12,resistant
gtgcggtcacatgact_mcf.aa.t12,resistant
gtgcggtcattcctcg_mcf.aa.t12,resistant
gtgcggtgtgtgcctg_mcf.aa.t12,resistant
gtgcggttccggcaca_mcf.aa.t12,resistant
gtgcttccactcgacg_mcf.aa.t12,resistant
gtgcttccatgcccga_mcf.aa.t12,resistant
gtgcttcgtgtcctct_mcf.aa.t12,resistant
gtgggtcagatagcat_mcf.aa.t12,resistant
gtgggtcagctggaac_mcf.aa.t12,resistant
gtgggtcagggaaaca_mcf.aa.t12,resistant
gtgggtccagtgacag_mcf.aa.t12,resistant
gtgggtctctgctgtc_mcf.aa.t12,resistant
gtgggtctctgtacga_mcf.aa.t12,resistant
gtgggtctcttaccgc_mcf.aa.t12,resistant
gtgtgcgcaggtcgtc_mcf.aa.t12,resistant
gtgtgcgcatatggtc_mcf.aa.t12,resistant
gtgtgcgcatcaccct_mcf.aa.t12,resistant
gtgtgcggtaccggct_mcf.aa.t12,resistant
gtgtgcggtccgacgt_mcf.aa.t12,resistant
gtgtgcggtgagtgac_mcf.aa.t12,resistant
gtgtgcggtttgactg_mcf.aa.t12,resistant
gtgtgcgtcataaccg_mcf.aa.t12,resistant
gtgtgcgtctctgaga_mcf.aa.t12,resistant
gtgtgcgtctgcagta_mcf.aa.t12,resistant
gtgtgcgtctggtgta_mcf.aa.t12,resistant
gtgttagagggctctc_mcf.aa.t12,resistant
gtgttagcaagggtca_mcf.aa.t12,resistant
gtgttagcactgtcgg_mcf.aa.t12,resistant
gtgttaggtcatccct_mcf.aa.t12,resistant
gtgttaggtgatgtct_mcf.aa.t12,resistant
gtgttaggttcgtctc_mcf.aa.t12,resistant
gtgttagtccacgtgg_mcf.aa.t12,resistant
gttaagcagtaaccct_mcf.aa.t12,resistant
gttaagcagtcatcca_mcf.aa.t12,resistant
gttaagccaccttgtc_mcf.aa.t12,resistant
gttaagcgtagctaaa_mcf.aa.t12,resistant
gttaagctcaccttat_mcf.aa.t12,resistant
gttaagctctcttatg_mcf.aa.t12,resistant
gttaagctctggcgac_mcf.aa.t12,resistant
gttacagagagttggc_mcf.aa.t12,resistant
gttacagagcaatctc_mcf.aa.t12,resistant
gttacagaggaatcgc_mcf.aa.t12,resistant
gttacagagttcgcat_mcf.aa.t12,resistant
gttacagcaaacccat_mcf.aa.t12,resistant
gttacagcaggattgg_mcf.aa.t12,resistant
gttacaggtcttctcg_mcf.aa.t12,resistant
gttacaggttcgctaa_mcf.aa.t12,resistant
gttacagtcggaaata_mcf.aa.t12,resistant
gttacagtcgtaggag_mcf.aa.t12,resistant
gttcattcacagattc_mcf.aa.t12,resistant
gttcattcagctgctg_mcf.aa.t12,resistant
gttcattgtaagagga_mcf.aa.t12,resistant
gttcattgtataatgg_mcf.aa.t12,resistant
gttcatttcacaaacc_mcf.aa.t12,resistant
gttcatttcactgggc_mcf.aa.t12,resistant
gttcatttccgcataa_mcf.aa.t12,resistant
gttcatttcgatgagg_mcf.aa.t12,resistant
gttcatttctacctgc_mcf.aa.t12,resistant
gttcgggagctgaaat_mcf.aa.t12,resistant
gttcgggagtccggtc_mcf.aa.t12,resistant
gttcgggcacatgtgt_mcf.aa.t12,resistant
gttcgggcattcctgc_mcf.aa.t12,resistant
gttcggggtagtacct_mcf.aa.t12,resistant
gttcgggtcaggccca_mcf.aa.t12,resistant
gttcgggtccagtagt_mcf.aa.t12,resistant
gttcgggtcgttgaca_mcf.aa.t12,resistant
gttcgggtctttacgt_mcf.aa.t12,resistant
gttctcgagagctata_mcf.aa.t12,resistant
gttctcgagtaccgga_mcf.aa.t12,resistant
gttctcgagtgtacct_mcf.aa.t12,resistant
gttctcgagttatcgc_mcf.aa.t12,resistant
gttctcgcacgactcg_mcf.aa.t12,resistant
gttctcggtagagtgc_mcf.aa.t12,resistant
gtttctaagatgttag_mcf.aa.t12,resistant
gtttctaagccatcgc_mcf.aa.t12,resistant
gtttctaagcctatgt_mcf.aa.t12,resistant
gtttctaagtcgagtg_mcf.aa.t12,resistant
gtttctacatataccg_mcf.aa.t12,resistant
gtttctacatcgattg_mcf.aa.t12,resistant
gtttctagtccgagtc_mcf.aa.t12,resistant
taaaccgagatcccat_mcf.aa.t12,resistant
taaaccgaggcattgg_mcf.aa.t12,resistant
taaaccgagtgcgatg_mcf.aa.t12,resistant
taaaccgcagatcgga_mcf.aa.t12,resistant
taaaccgcagtgagtg_mcf.aa.t12,resistant
taaaccggtaagggaa_mcf.aa.t12,resistant
taaaccggtacctaca_mcf.aa.t12,resistant
taaaccggtagcgtag_mcf.aa.t12,resistant
taaaccggtcgagttt_mcf.aa.t12,resistant
taaaccggtcgggtct_mcf.aa.t12,resistant
taaaccggtgaccaag_mcf.aa.t12,resistant
taaaccggttcacctc_mcf.aa.t12,resistant
taaaccggttcacggc_mcf.aa.t12,resistant
taagagaagacaagcc_mcf.aa.t12,resistant
taagagaagtgaagtt_mcf.aa.t12,resistant
taagagacacttacga_mcf.aa.t12,resistant
taagagacatcacaac_mcf.aa.t12,resistant
taagagacatcccact_mcf.aa.t12,resistant
taagagagtcccgaca_mcf.aa.t12,resistant
taagagagtctaaacc_mcf.aa.t12,resistant
taagcgtaggcgtaca_mcf.aa.t12,resistant
taagcgtgtggtgtag_mcf.aa.t12,resistant
taagcgttcatcgatg_mcf.aa.t12,resistant
taagtgcaggtgcttt_mcf.aa.t12,resistant
taagtgcagtacatga_mcf.aa.t12,resistant
taagtgcgtggtttca_mcf.aa.t12,resistant
taagtgcgttctgttt_mcf.aa.t12,resistant
taagtgctcataaagg_mcf.aa.t12,resistant
taagtgctcggacaag_mcf.aa.t12,resistant
tacacgagtagcgtga_mcf.aa.t12,resistant
tacacgatcatctgtt_mcf.aa.t12,resistant
tacagtgagtagccga_mcf.aa.t12,resistant
tacagtgcatgtcctc_mcf.aa.t12,resistant
tacagtgcattgtgca_mcf.aa.t12,resistant
tacagtggtacaccgc_mcf.aa.t12,resistant
tacagtggttaccgat_mcf.aa.t12,resistant
tacagtggttggaccc_mcf.aa.t12,resistant
tacagtgtcaatctct_mcf.aa.t12,resistant
tacagtgtcgtccagg_mcf.aa.t12,resistant
tacctatagaatctcc_mcf.aa.t12,resistant
tacctatagggaaaca_mcf.aa.t12,resistant
tacctatgtacgcacc_mcf.aa.t12,resistant
taccttaagctaccgc_mcf.aa.t12,resistant
taccttaaggccgaat_mcf.aa.t12,resistant
taccttacacacagag_mcf.aa.t12,resistant
taccttatcgctagcg_mcf.aa.t12,resistant
tacggataggcaaaga_mcf.aa.t12,resistant
tacggataggtgtggt_mcf.aa.t12,resistant
tacggatgtcgggtct_mcf.aa.t12,resistant
tacgggcagagactta_mcf.aa.t12,resistant
tacgggcagtacgata_mcf.aa.t12,resistant
tacgggccaccacgtg_mcf.aa.t12,resistant
tacgggcgtgcaggta_mcf.aa.t12,resistant
tacgggctcacttact_mcf.aa.t12,resistant
tacggtaagatagtca_mcf.aa.t12,resistant
tacggtaagctaccta_mcf.aa.t12,resistant
tacggtaagtcgccgt_mcf.aa.t12,resistant
tacggtacaagaagag_mcf.aa.t12,resistant
tacggtacacatccgg_mcf.aa.t12,resistant
tacggtacagggtatg_mcf.aa.t12,resistant
tacggtacataaaggt_mcf.aa.t12,resistant
tacggtagtgcaacga_mcf.aa.t12,resistant
tacggtagttatgtgc_mcf.aa.t12,resistant
tacggtatcaaaccgt_mcf.aa.t12,resistant
tacggtatctacctgc_mcf.aa.t12,resistant
tacggtatcttatctg_mcf.aa.t12,resistant
tacggtatcttgtact_mcf.aa.t12,resistant
tactcatgtgcggtaa_mcf.aa.t12,resistant
tactcatgtgtatggg_mcf.aa.t12,resistant
tactcattcgcgatcg_mcf.aa.t12,resistant
tactcgcagtgaagag_mcf.aa.t12,resistant
tactcgccatgtcctc_mcf.aa.t12,resistant
tacttacagactcgga_mcf.aa.t12,resistant
tacttaccacggttta_mcf.aa.t12,resistant
tacttaccaggtgcct_mcf.aa.t12,resistant
tacttacgtctgatca_mcf.aa.t12,resistant
tacttacgttcgtgat_mcf.aa.t12,resistant
tacttacgttggtaaa_mcf.aa.t12,resistant
tacttactccgttgtc_mcf.aa.t12,resistant
tacttgtaggccctca_mcf.aa.t12,resistant
tacttgtcagggtatg_mcf.aa.t12,resistant
tacttgtgttacggag_mcf.aa.t12,resistant
tacttgttcctcatta_mcf.aa.t12,resistant
tagaccaagatcccgc_mcf.aa.t12,resistant
tagaccacacatccgg_mcf.aa.t12,resistant
tagaccacacctcgga_mcf.aa.t12,resistant
tagaccacagcctttc_mcf.aa.t12,resistant
tagaccacattcactt_mcf.aa.t12,resistant
tagaccagtagcgatg_mcf.aa.t12,resistant
tagaccatcgttacag_mcf.aa.t12,resistant
tagagctagtgaagtt_mcf.aa.t12,resistant
tagagctcagctgctg_mcf.aa.t12,resistant
tagccggcatacagct_mcf.aa.t12,resistant
tagccgggtaccgctg_mcf.aa.t12,resistant
taggcatagagcttct_mcf.aa.t12,resistant
taggcatcacagattc_mcf.aa.t12,resistant
taggcatgtcgactgc_mcf.aa.t12,resistant
tagtggtagccagtag_mcf.aa.t12,resistant
tagtggtcagctgtgc_mcf.aa.t12,resistant
tagtggtgtcgcatat_mcf.aa.t12,resistant
tagtggtgtgctagcc_mcf.aa.t12,resistant
tagtggttctgaggga_mcf.aa.t12,resistant
tagtggttcttgtttg_mcf.aa.t12,resistant
tagttggagatcgggt_mcf.aa.t12,resistant
tagttggcacgtaagg_mcf.aa.t12,resistant
tagttggcagtaagat_mcf.aa.t12,resistant
tagttggtccatgaac_mcf.aa.t12,resistant
tatcaggagcgacgta_mcf.aa.t12,resistant
tatcagggtcttgcgg_mcf.aa.t12,resistant
tatcagggttcacctc_mcf.aa.t12,resistant
tatcaggtcactcctg_mcf.aa.t12,resistant
tatcaggtccaaagtc_mcf.aa.t12,resistant
tatctcaagaccacga_mcf.aa.t12,resistant
tatctcagtcgaacag_mcf.aa.t12,resistant
tatgcccagacccacc_mcf.aa.t12,resistant
tatgcccagtggagtc_mcf.aa.t12,resistant
tatgccccacttaagc_mcf.aa.t12,resistant
tatgcccgtaagtgta_mcf.aa.t12,resistant
tatgcccgttcagtac_mcf.aa.t12,resistant
tattacccaccctatc_mcf.aa.t12,resistant
tattaccgtaccggct_mcf.aa.t12,resistant
tattaccgtacttgac_mcf.aa.t12,resistant
tattaccgtggtccgt_mcf.aa.t12,resistant
tattaccgtgtcaatc_mcf.aa.t12,resistant
tattaccgtttgttgg_mcf.aa.t12,resistant
tattacctcacatgca_mcf.aa.t12,resistant
tattacctcataaccg_mcf.aa.t12,resistant
tcaacgaagcgatccc_mcf.aa.t12,resistant
tcaacgagtgtgcctg_mcf.aa.t12,resistant
tcaacgagtttgttgg_mcf.aa.t12,resistant
tcaacgatcaatctct_mcf.aa.t12,resistant
tcaacgatcaggttca_mcf.aa.t12,resistant
tcaacgatcgccgtga_mcf.aa.t12,resistant
tcaatctcacgctttc_mcf.aa.t12,resistant
tcacaagagcggatca_mcf.aa.t12,resistant
tcacaagagctgccca_mcf.aa.t12,resistant
tcacaagaggtagctg_mcf.aa.t12,resistant
tcacaagcaaacgcga_mcf.aa.t12,resistant
tcacaagcagcatact_mcf.aa.t12,resistant
tcacaagcatccaaca_mcf.aa.t12,resistant
tcacaagcattctcat_mcf.aa.t12,resistant
tcacaagtcgatagaa_mcf.aa.t12,resistant
tcacaagtcggctacg_mcf.aa.t12,resistant
tcacaagtctgagtgt_mcf.aa.t12,resistant
tcacgaaagtcaagcg_mcf.aa.t12,resistant
tcacgaacaactgcgc_mcf.aa.t12,resistant
tcacgaacagctcgac_mcf.aa.t12,resistant
tcacgaagtaagcacg_mcf.aa.t12,resistant
tcacgaagtaagtgta_mcf.aa.t12,resistant
tcacgaatcgatagaa_mcf.aa.t12,resistant
tcagatgagcaacggt_mcf.aa.t12,resistant
tcagatgagccggtaa_mcf.aa.t12,resistant
tcagatgagtttcctt_mcf.aa.t12,resistant
tcagatggtaagagga_mcf.aa.t12,resistant
tcagatggtcttctcg_mcf.aa.t12,resistant
tcagatggtgtctgat_mcf.aa.t12,resistant
tcagatgtccacgttc_mcf.aa.t12,resistant
tcagatgtcggtgtta_mcf.aa.t12,resistant
tcagcaaagacttgaa_mcf.aa.t12,resistant
tcagcaaagatgcctt_mcf.aa.t12,resistant
tcagcaacaatgaaac_mcf.aa.t12,resistant
tcagcaacacttaacg_mcf.aa.t12,resistant
tcagcaacagcatact_mcf.aa.t12,resistant
tcagcaagtaaaggag_mcf.aa.t12,resistant
tcagcaatccagtagt_mcf.aa.t12,resistant
tcagcaatcgccagca_mcf.aa.t12,resistant
tcagctcagccttgat_mcf.aa.t12,resistant
tcagctcaggagttta_mcf.aa.t12,resistant
tcagctcagtatgaca_mcf.aa.t12,resistant
tcagctcagtggagtc_mcf.aa.t12,resistant
tcagctccaacgatct_mcf.aa.t12,resistant
tcagctccaatgtaag_mcf.aa.t12,resistant
tcagctccaccatgta_mcf.aa.t12,resistant
tcagctctcatcattc_mcf.aa.t12,resistant
tcagctctctaagcca_mcf.aa.t12,resistant
tcagctctctggagcc_mcf.aa.t12,resistant
tcaggataggagcgag_mcf.aa.t12,resistant
tcaggatcacggctac_mcf.aa.t12,resistant
tcaggatcagtttacg_mcf.aa.t12,resistant
tcaggattcacaatgc_mcf.aa.t12,resistant
tcaggtaaggctagca_mcf.aa.t12,resistant
tcaggtaagttgagta_mcf.aa.t12,resistant
tcaggtacagcttaac_mcf.aa.t12,resistant
tcaggtagtacatcca_mcf.aa.t12,resistant
tcaggtagtccagtta_mcf.aa.t12,resistant
tcaggtagtgctcttc_mcf.aa.t12,resistant
tcaggtatcagcgatt_mcf.aa.t12,resistant
tcattacgtccagtta_mcf.aa.t12,resistant
tcattacgtctggtcg_mcf.aa.t12,resistant
tcattacgttcgggct_mcf.aa.t12,resistant
tcatttgagtgactct_mcf.aa.t12,resistant
tcatttgcatgtctcc_mcf.aa.t12,resistant
tcatttggtaaatgac_mcf.aa.t12,resistant
tcatttggtctaggtt_mcf.aa.t12,resistant
tcatttgtctcgtatt_mcf.aa.t12,resistant
tccacacagagctata_mcf.aa.t12,resistant
tccacacagtatcgaa_mcf.aa.t12,resistant
tccacaccaacacgcc_mcf.aa.t12,resistant
tccacaccatcacaac_mcf.aa.t12,resistant
tccacactcgtgggaa_mcf.aa.t12,resistant
tccacactctgaggga_mcf.aa.t12,resistant
tcccgatagaccacga_mcf.aa.t12,resistant
tcccgataggtagcca_mcf.aa.t12,resistant
tcccgatagtagccga_mcf.aa.t12,resistant
tcccgatagtgtttgc_mcf.aa.t12,resistant
tcccgatcaccgatat_mcf.aa.t12,resistant
tcccgatgtagcgctc_mcf.aa.t12,resistant
tcccgatgtgataaac_mcf.aa.t12,resistant
tcccgatgtgtgaccc_mcf.aa.t12,resistant
tcgaggcagagcccaa_mcf.aa.t12,resistant
tcgaggcagcgattct_mcf.aa.t12,resistant
tcgaggcagctaacaa_mcf.aa.t12,resistant
tcgaggccataagaca_mcf.aa.t12,resistant
tcgaggcgtatatgga_mcf.aa.t12,resistant
tcgaggctcacagtac_mcf.aa.t12,resistant
tcgcgagagtggtagc_mcf.aa.t12,resistant
tcgcgagcagctcgac_mcf.aa.t12,resistant
tcgcgaggtgagggtt_mcf.aa.t12,resistant
tcgcgttcacactgcg_mcf.aa.t12,resistant
tcgcgttcaccgctag_mcf.aa.t12,resistant
tcgcgttgtcgagatg_mcf.aa.t12,resistant
tcgcgttgtcgcatcg_mcf.aa.t12,resistant
tcgcgttgttcgtgat_mcf.aa.t12,resistant
tcgcgttgttgcgcac_mcf.aa.t12,resistant
tcgcgtttcaggcaag_mcf.aa.t12,resistant
tcgcgtttccttgacc_mcf.aa.t12,resistant
tcgggacagacaaagg_mcf.aa.t12,resistant
tcgggacaggccatag_mcf.aa.t12,resistant
tcgggacgtttgcatg_mcf.aa.t12,resistant
tcgggactcaacacac_mcf.aa.t12,resistant
tcgggactctaagcca_mcf.aa.t12,resistant
tcggtaagtactcaac_mcf.aa.t12,resistant
tcggtaagtctgcaat_mcf.aa.t12,resistant
tcggtaagtgtgcctg_mcf.aa.t12,resistant
tcggtaatccaaacac_mcf.aa.t12,resistant
tcggtaatctttacgt_mcf.aa.t12,resistant
tcgtaccaggagttta_mcf.aa.t12,resistant
tcgtaccagggcacta_mcf.aa.t12,resistant
tcgtacccaggtttca_mcf.aa.t12,resistant
tcgtaccgtattcgtg_mcf.aa.t12,resistant
tcgtaccgtcgccatg_mcf.aa.t12,resistant
tcgtaccgtgtgaccc_mcf.aa.t12,resistant
tcgtaccgttcagact_mcf.aa.t12,resistant
tcgtacctcctctagc_mcf.aa.t12,resistant
tcgtacctctgtcaag_mcf.aa.t12,resistant
tcgtagaagagtgaga_mcf.aa.t12,resistant
tcgtagacatgcgcac_mcf.aa.t12,resistant
tcgtagagtcacacgc_mcf.aa.t12,resistant
tcgtagatcaacacca_mcf.aa.t12,resistant
tctattgagcagatcg_mcf.aa.t12,resistant
tctattgagtttgcgt_mcf.aa.t12,resistant
tctcataagacttgaa_mcf.aa.t12,resistant
tctcataagtgaacat_mcf.aa.t12,resistant
tctcatacatcagtac_mcf.aa.t12,resistant
tctcatagtcttctcg_mcf.aa.t12,resistant
tctcatatcactattc_mcf.aa.t12,resistant
tctcatatcgcgccaa_mcf.aa.t12,resistant
tctcatatctgaaaga_mcf.aa.t12,resistant
tctctaaagcagatcg_mcf.aa.t12,resistant
tctctaaagtacgttc_mcf.aa.t12,resistant
tctgagaagtacgccc_mcf.aa.t12,resistant
tctgagaagtgaacgc_mcf.aa.t12,resistant
tctgagacagcttcgg_mcf.aa.t12,resistant
tctgagacaggcgata_mcf.aa.t12,resistant
tctgagacattggtac_mcf.aa.t12,resistant
tctgagagttacagaa_mcf.aa.t12,resistant
tctgagagtttgacac_mcf.aa.t12,resistant
tctgagatccaaatgc_mcf.aa.t12,resistant
tctgagatccgcatct_mcf.aa.t12,resistant
tctggaaagcgtaata_mcf.aa.t12,resistant
tctggaacaggaccct_mcf.aa.t12,resistant
tctggaacaggacgta_mcf.aa.t12,resistant
tctggaagtaaagtca_mcf.aa.t12,resistant
tctggaatcaacgaaa_mcf.aa.t12,resistant
tctggaatcatgcaac_mcf.aa.t12,resistant
tctggaatccatgctc_mcf.aa.t12,resistant
tctggaatccttggtc_mcf.aa.t12,resistant
tcttcggagtacgtaa_mcf.aa.t12,resistant
tcttcggcacatccaa_mcf.aa.t12,resistant
tcttcggcagcgaaca_mcf.aa.t12,resistant
tcttcggtcagtttgg_mcf.aa.t12,resistant
tcttcggtccaaactg_mcf.aa.t12,resistant
tcttcggtcggaaata_mcf.aa.t12,resistant
tcttcggtctttacac_mcf.aa.t12,resistant
tctttccagatgtggc_mcf.aa.t12,resistant
tctttccagtggtagc_mcf.aa.t12,resistant
tctttcccacgaaagc_mcf.aa.t12,resistant
tctttccgtaccatca_mcf.aa.t12,resistant
tctttccgtcgttgta_mcf.aa.t12,resistant
tctttcctctcgatga_mcf.aa.t12,resistant
tgaaagagtgatgtgg_mcf.aa.t12,resistant
tgaaagagttcccttg_mcf.aa.t12,resistant
tgacaacagccagaac_mcf.aa.t12,resistant
tgacaacagttgagta_mcf.aa.t12,resistant
tgacaaccaggacgta_mcf.aa.t12,resistant
tgacggcagagtgacc_mcf.aa.t12,resistant
tgacggcaggcgacat_mcf.aa.t12,resistant
tgacggcgtaacgttc_mcf.aa.t12,resistant
tgacggcgtccgctga_mcf.aa.t12,resistant
tgacggctcgttacga_mcf.aa.t12,resistant
tgacggctcttgcaag_mcf.aa.t12,resistant
tgactagcagctccga_mcf.aa.t12,resistant
tgactagcagtaacgg_mcf.aa.t12,resistant
tgactagcatctcgct_mcf.aa.t12,resistant
tgactaggtaagtggc_mcf.aa.t12,resistant
tgactaggtgtgaaat_mcf.aa.t12,resistant
tgactttagagcctag_mcf.aa.t12,resistant
tgactttagccggtaa_mcf.aa.t12,resistant
tgactttagctcaact_mcf.aa.t12,resistant
tgactttcagttcatg_mcf.aa.t12,resistant
tgactttgtcgaacag_mcf.aa.t12,resistant
tgactttgttccaaca_mcf.aa.t12,resistant
tgactttgttgtcttt_mcf.aa.t12,resistant
tgagaggagagcttct_mcf.aa.t12,resistant
tgagagggtcaaagat_mcf.aa.t12,resistant
tgagagggtcggcact_mcf.aa.t12,resistant
tgagaggtctcaaacg_mcf.aa.t12,resistant
tgagcataggatggtc_mcf.aa.t12,resistant
tgagcatagtctcaac_mcf.aa.t12,resistant
tgagcatcacaagtaa_mcf.aa.t12,resistant
tgagcatcacgaagca_mcf.aa.t12,resistant
tgagcatcagacactt_mcf.aa.t12,resistant
tgagcatgtaccatca_mcf.aa.t12,resistant
tgagcatgttacgtca_mcf.aa.t12,resistant
tgagccggtgtttggt_mcf.aa.t12,resistant
tgagccggttgtggcc_mcf.aa.t12,resistant
tgagggacaattgctg_mcf.aa.t12,resistant
tgagggacaggacgta_mcf.aa.t12,resistant
tgagggacataagaca_mcf.aa.t12,resistant
tgagggacatgggaca_mcf.aa.t12,resistant
tgagggagtcgaatct_mcf.aa.t12,resistant
tgagggatctgtcaag_mcf.aa.t12,resistant
tgagggatctttaggg_mcf.aa.t12,resistant
tgatttcagagtcggt_mcf.aa.t12,resistant
tgatttccaatgttgc_mcf.aa.t12,resistant
tgatttcgtgaaggct_mcf.aa.t12,resistant
tgatttctcacaacgt_mcf.aa.t12,resistant
tgatttctccaatggt_mcf.aa.t12,resistant
tgatttctccttgcca_mcf.aa.t12,resistant
tgatttctctacgagt_mcf.aa.t12,resistant
tgcacctagactcgga_mcf.aa.t12,resistant
tgcacctagtcgtact_mcf.aa.t12,resistant
tgcacctgtcatgcat_mcf.aa.t12,resistant
tgcacctgttaccagt_mcf.aa.t12,resistant
tgcaccttccacgcag_mcf.aa.t12,resistant
tgcaccttcgcaggct_mcf.aa.t12,resistant
tgcaccttcggaggta_mcf.aa.t12,resistant
tgccaaatcaacactg_mcf.aa.t12,resistant
tgccaaatcaccacct_mcf.aa.t12,resistant
tgcccatcaccagatt_mcf.aa.t12,resistant
tgcccatcagccacca_mcf.aa.t12,resistant
tgcccatgtaccgctg_mcf.aa.t12,resistant
tgcccatgtgtgtgcc_mcf.aa.t12,resistant
tgcccattccaagtac_mcf.aa.t12,resistant
tgcccattccgaatgt_mcf.aa.t12,resistant
tgcccattctaactct_mcf.aa.t12,resistant
tgccctaagtctcggc_mcf.aa.t12,resistant
tgccctacaccttgtc_mcf.aa.t12,resistant
tgccctacaggacgta_mcf.aa.t12,resistant
tgccctatcataaccg_mcf.aa.t12,resistant
tgccctatcgtctgct_mcf.aa.t12,resistant
tgcgcaggtctcgttc_mcf.aa.t12,resistant
tgcgcaggtgaaggct_mcf.aa.t12,resistant
tgcgcagtcctcatta_mcf.aa.t12,resistant
tgcgcagtctaccaga_mcf.aa.t12,resistant
tgcgggtaggcgctct_mcf.aa.t12,resistant
tgcgggtcagataatg_mcf.aa.t12,resistant
tgcgggtcagctgcac_mcf.aa.t12,resistant
tgcgtggagcccaacc_mcf.aa.t12,resistant
tgcgtggagttgtaga_mcf.aa.t12,resistant
tgcgtggcagcagttt_mcf.aa.t12,resistant
tgcgtggcatgcgcac_mcf.aa.t12,resistant
tgcgtgggtcggatcc_mcf.aa.t12,resistant
tgcgtgggtgaccaag_mcf.aa.t12,resistant
tgctacccaaacaaca_mcf.aa.t12,resistant
tgctacccacgcgaaa_mcf.aa.t12,resistant
tgctacccattgtgca_mcf.aa.t12,resistant
tgctaccgtccgaaga_mcf.aa.t12,resistant
tgctgctcaaccgcca_mcf.aa.t12,resistant
tgctgctcagacgtag_mcf.aa.t12,resistant
tgctgctcatccttgc_mcf.aa.t12,resistant
tgctgctgtcgaaagc_mcf.aa.t12,resistant
tgctgcttctacgagt_mcf.aa.t12,resistant
tggacgcagacctttg_mcf.aa.t12,resistant
tggacgcaggctctta_mcf.aa.t12,resistant
tggacgcgtaaatacg_mcf.aa.t12,resistant
tggacgcgtagaggaa_mcf.aa.t12,resistant
tggacgcgttaaagtg_mcf.aa.t12,resistant
tggacgctcacgcata_mcf.aa.t12,resistant
tggacgctcctgcagg_mcf.aa.t12,resistant
tggacgctcgaccagc_mcf.aa.t12,resistant
tggacgctcgatccct_mcf.aa.t12,resistant
tggccagagaatgttg_mcf.aa.t12,resistant
tggccagagactgggt_mcf.aa.t12,resistant
tggccagagagtaccg_mcf.aa.t12,resistant
tggccagcacggtaga_mcf.aa.t12,resistant
tggccaggtagaaagg_mcf.aa.t12,resistant
tggccagtccgcgcaa_mcf.aa.t12,resistant
tggccagtcgacagcc_mcf.aa.t12,resistant
tggccagtcgccgtga_mcf.aa.t12,resistant
tggcgcaagataggag_mcf.aa.t12,resistant
tggcgcaagatcccat_mcf.aa.t12,resistant
tggcgcaagccaggat_mcf.aa.t12,resistant
tggcgcacaacgatgg_mcf.aa.t12,resistant
tggcgcacagtcgtgc_mcf.aa.t12,resistant
tggcgcacatatgctg_mcf.aa.t12,resistant
tggcgcagtgcagtag_mcf.aa.t12,resistant
tggcgcatcaacactg_mcf.aa.t12,resistant
tggcgcatcgcttgtc_mcf.aa.t12,resistant
tggcgcatctttcctc_mcf.aa.t12,resistant
tggctggagcgtgaac_mcf.aa.t12,resistant
tggctggagtgaacgc_mcf.aa.t12,resistant
tggctggcagccacca_mcf.aa.t12,resistant
tggctgggtaccatca_mcf.aa.t12,resistant
tggctgggtctaggtt_mcf.aa.t12,resistant
tggctgggtgcctgca_mcf.aa.t12,resistant
tgggaaggttccggca_mcf.aa.t12,resistant
tgggaagtcaaggctt_mcf.aa.t12,resistant
tgggaagtcccaggtg_mcf.aa.t12,resistant
tgggcgtagatgtcgg_mcf.aa.t12,resistant
tgggcgtagcccagct_mcf.aa.t12,resistant
tgggcgtcaaattgcc_mcf.aa.t12,resistant
tgggcgtcacagactt_mcf.aa.t12,resistant
tgggcgtgtttgacac_mcf.aa.t12,resistant
tgggcgttcaggtaaa_mcf.aa.t12,resistant
tgggcgttcatcgatg_mcf.aa.t12,resistant
tgggcgttcgaatgct_mcf.aa.t12,resistant
tggttagaggctcaga_mcf.aa.t12,resistant
tggttagcacgaaagc_mcf.aa.t12,resistant
tggttaggtcttctcg_mcf.aa.t12,resistant
tggttaggtgataagt_mcf.aa.t12,resistant
tggttccagggtctcc_mcf.aa.t12,resistant
tggttcccatcccact_mcf.aa.t12,resistant
tggttccgtagaggaa_mcf.aa.t12,resistant
tggttccgtaggagtc_mcf.aa.t12,resistant
tggttccgtcacccag_mcf.aa.t12,resistant
tggttccgtcatgccg_mcf.aa.t12,resistant
tggttccgtgcatcta_mcf.aa.t12,resistant
tggttcctcgcttgtc_mcf.aa.t12,resistant
tgtattcagacctagg_mcf.aa.t12,resistant
tgtattcaggactggt_mcf.aa.t12,resistant
tgtattccaagctgag_mcf.aa.t12,resistant
tgtattcgttcgtctc_mcf.aa.t12,resistant
tgtattctccacgttc_mcf.aa.t12,resistant
tgtattctctaacggt_mcf.aa.t12,resistant
tgtattctctcgatga_mcf.aa.t12,resistant
tgtcccaagctgcgaa_mcf.aa.t12,resistant
tgtcccaagtctcaac_mcf.aa.t12,resistant
tgtcccagtccgaacc_mcf.aa.t12,resistant
tgtcccagtgcagaca_mcf.aa.t12,resistant
tgtcccatcttaacct_mcf.aa.t12,resistant
tgtcccatcttaccgc_mcf.aa.t12,resistant
tgtggtacacagattc_mcf.aa.t12,resistant
tgtggtacacttggat_mcf.aa.t12,resistant
tgtggtagtgtgcctg_mcf.aa.t12,resistant
tgtggtagtgtttggt_mcf.aa.t12,resistant
tgtggtatcttgaggt_mcf.aa.t12,resistant
tgtgtttagacactaa_mcf.aa.t12,resistant
tgtgtttcaatgaatg_mcf.aa.t12,resistant
tgtgtttgtagcgctc_mcf.aa.t12,resistant
tgtgtttgtcaagcga_mcf.aa.t12,resistant
tgtgttttcaactctt_mcf.aa.t12,resistant
tgtgttttccgcggta_mcf.aa.t12,resistant
tgtgttttctcaactt_mcf.aa.t12,resistant
ttaactcagggcttga_mcf.aa.t12,resistant
ttaactccagtgggat_mcf.aa.t12,resistant
ttaactcgtgtttggt_mcf.aa.t12,resistant
ttaactcgttaccgat_mcf.aa.t12,resistant
ttaactcgttccactc_mcf.aa.t12,resistant
ttaggacagatcgggt_mcf.aa.t12,resistant
ttaggacagcctcgtg_mcf.aa.t12,resistant
ttaggacagggtcgat_mcf.aa.t12,resistant
ttaggaccaacgatct_mcf.aa.t12,resistant
ttaggacgttagaaca_mcf.aa.t12,resistant
ttaggacgttctggta_mcf.aa.t12,resistant
ttaggacgttggaggt_mcf.aa.t12,resistant
ttaggcaagcgcctca_mcf.aa.t12,resistant
ttaggcaagtctcaac_mcf.aa.t12,resistant
ttaggcacaacttgac_mcf.aa.t12,resistant
ttaggcacagtcttcc_mcf.aa.t12,resistant
ttaggcagtaaacaca_mcf.aa.t12,resistant
ttaggcatcaatctct_mcf.aa.t12,resistant
ttagttcagacacgac_mcf.aa.t12,resistant
ttagttcagaccacga_mcf.aa.t12,resistant
ttagttcagctgtcta_mcf.aa.t12,resistant
ttagttcgtccagtgc_mcf.aa.t12,resistant
ttagttctcattatcc_mcf.aa.t12,resistant
ttagttctccgagcca_mcf.aa.t12,resistant
ttatgctagctgcgaa_mcf.aa.t12,resistant
ttatgctaggtgcttt_mcf.aa.t12,resistant
ttatgctgtattcgtg_mcf.aa.t12,resistant
ttatgcttcgccaaat_mcf.aa.t12,resistant
ttcccagagtacgtaa_mcf.aa.t12,resistant
ttcccagagtggagtc_mcf.aa.t12,resistant
ttcgaagtccaagtac_mcf.aa.t12,resistant
ttcgaagtcgggagta_mcf.aa.t12,resistant
ttcgaagtcttccttc_mcf.aa.t12,resistant
ttcggtcagcgtgagt_mcf.aa.t12,resistant
ttcggtcagtacgacg_mcf.aa.t12,resistant
ttcggtccacggcgtt_mcf.aa.t12,resistant
ttcggtccagcagttt_mcf.aa.t12,resistant
ttctacaagaattccc_mcf.aa.t12,resistant
ttctacaagcaatctc_mcf.aa.t12,resistant
ttctacaagctccttc_mcf.aa.t12,resistant
ttctacaagttcgcat_mcf.aa.t12,resistant
ttctacagtcacaagg_mcf.aa.t12,resistant
ttctacagttcgaatc_mcf.aa.t12,resistant
ttctcaaagaatgttg_mcf.aa.t12,resistant
ttctcaaagtcctcct_mcf.aa.t12,resistant
ttctcaagtgtggttt_mcf.aa.t12,resistant
ttctcaagttatcacg_mcf.aa.t12,resistant
ttctcaagtttagctg_mcf.aa.t12,resistant
ttctcaatccagtatg_mcf.aa.t12,resistant
ttctcctcaagtctac_mcf.aa.t12,resistant
ttctcctgtcatcggc_mcf.aa.t12,resistant
ttctcctgtcccttgt_mcf.aa.t12,resistant
ttcttagagcgtaata_mcf.aa.t12,resistant
ttcttagaggaattac_mcf.aa.t12,resistant
ttcttagagggcttga_mcf.aa.t12,resistant
ttcttagcaagaaagg_mcf.aa.t12,resistant
ttcttaggtactcaac_mcf.aa.t12,resistant
ttcttaggtatatgag_mcf.aa.t12,resistant
ttcttagtcatctgcc_mcf.aa.t12,resistant
ttgaacgagccttgat_mcf.aa.t12,resistant
ttgaacgcaagcccac_mcf.aa.t12,resistant
ttgaacgcagattgct_mcf.aa.t12,resistant
ttgaacgcatgcccga_mcf.aa.t12,resistant
ttgaacggtaaaggag_mcf.aa.t12,resistant
ttgaacggtaacgacg_mcf.aa.t12,resistant
ttgaacggtcttctcg_mcf.aa.t12,resistant
ttgaacgtcagtttgg_mcf.aa.t12,resistant
ttgaacgtctctgctg_mcf.aa.t12,resistant
ttgacttagcagcctc_mcf.aa.t12,resistant
ttgacttagcgaaggg_mcf.aa.t12,resistant
ttgacttagtgggcta_mcf.aa.t12,resistant
ttgacttcacctatcc_mcf.aa.t12,resistant
ttgccgtagcgcttat_mcf.aa.t12,resistant
ttgccgtaggcgacat_mcf.aa.t12,resistant
ttgccgtgtaacgacg_mcf.aa.t12,resistant
ttgccgtgtcaatacc_mcf.aa.t12,resistant
ttgccgtgttcggcac_mcf.aa.t12,resistant
ttgccgttcagcacat_mcf.aa.t12,resistant
ttgccgttcccaagta_mcf.aa.t12,resistant
ttgcgtcagaggttat_mcf.aa.t12,resistant
ttgcgtccaaaggtgc_mcf.aa.t12,resistant
ttgcgtccaagggtca_mcf.aa.t12,resistant
ttgcgtccagatgagc_mcf.aa.t12,resistant
ttgcgtcgtactctcc_mcf.aa.t12,resistant
ttgcgtcgtcgcatat_mcf.aa.t12,resistant
ttgcgtctcacttact_mcf.aa.t12,resistant
ttggaacagatcctgt_mcf.aa.t12,resistant
ttggaacgtgtgcgtc_mcf.aa.t12,resistant
ttggaacgttgcgcac_mcf.aa.t12,resistant
ttggaactctgcttgc_mcf.aa.t12,resistant
ttggcaaagcgattct_mcf.aa.t12,resistant
ttggcaaaggcgctct_mcf.aa.t12,resistant
ttggcaacaccaccag_mcf.aa.t12,resistant
ttggcaacacttacga_mcf.aa.t12,resistant
ttggcaagtgttaaga_mcf.aa.t12,resistant
ttggcaagttgaggtg_mcf.aa.t12,resistant
ttggcaatcaccctca_mcf.aa.t12,resistant
ttggcaatcatgtctt_mcf.aa.t12,resistant
ttggcaatcgcaaact_mcf.aa.t12,resistant
ttggcaatctctaagg_mcf.aa.t12,resistant
ttgtaggagagtacat_mcf.aa.t12,resistant
ttgtaggagatctgct_mcf.aa.t12,resistant
ttgtaggcatgcccga_mcf.aa.t12,resistant
ttgtagggtagcctat_mcf.aa.t12,resistant
tttactgcaccagatt_mcf.aa.t12,resistant
tttactgcaccatgta_mcf.aa.t12,resistant
tttactgcagccacca_mcf.aa.t12,resistant
tttactggtacatgtc_mcf.aa.t12,resistant
tttactggtgggtatg_mcf.aa.t12,resistant
tttactgtctcaagtg_mcf.aa.t12,resistant
tttatgcaggcattgg_mcf.aa.t12,resistant
tttatgccacgcgaaa_mcf.aa.t12,resistant
tttatgccatcggacc_mcf.aa.t12,resistant
tttatgcgtacgctgc_mcf.aa.t12,resistant
tttatgcgtgactact_mcf.aa.t12,resistant
tttatgctcacttact_mcf.aa.t12,resistant
tttatgctctagagtc_mcf.aa.t12,resistant
tttatgctctccggtt_mcf.aa.t12,resistant
tttcctccatacgccg_mcf.aa.t12,resistant
tttcctcgtcatatcg_mcf.aa.t12,resistant
tttcctcgtcctcttg_mcf.aa.t12,resistant
tttcctcgtctttcat_mcf.aa.t12,resistant
tttcctcgtgtttgtg_mcf.aa.t12,resistant
tttgcgcagggtctcc_mcf.aa.t12,resistant
tttgcgccatgttgac_mcf.aa.t12,resistant
tttgcgccattacctt_mcf.aa.t12,resistant
tttgcgcgtgtcaatc_mcf.aa.t12,resistant
tttgcgcgttccggca_mcf.aa.t12,resistant
tttgcgctcaggtaaa_mcf.aa.t12,resistant
tttgcgctcatgcaac_mcf.aa.t12,resistant
tttgcgctccaaatgc_mcf.aa.t12,resistant
tttggttagaaaccta_mcf.aa.t12,resistant
tttggttcatctcgct_mcf.aa.t12,resistant
tttggttgttatcggt_mcf.aa.t12,resistant
tttggtttcaagatcc_mcf.aa.t12,resistant
tttggtttcatgtctt_mcf.aa.t12,resistant
tttgtcaaggtgatat_mcf.aa.t12,resistant
tttgtcacagacgcct_mcf.aa.t12,resistant
tttgtcagtcaacatc_mcf.aa.t12,resistant
tttgtcagtggtaacg_mcf.aa.t12,resistant
tttgtcagttaccagt_mcf.aa.t12,resistant
tttgtcatcctatgtt_mcf.aa.t12,resistant
tttgtcatcggcggtt_mcf.aa.t12,resistant
