cell,label
aaacccaaggacggag_t320.a.r1,resistant
aaacccagtatacggg_c.r1,sensitive
aaacccatcaccacaa_t320.a.r1,resistant
aaacgaaagttccagt_c.r1,sensitive
aaacgaagtccactct_c.r1,sensitive
aaacgaatcacatacg_c.r1,sensitive
aaacgaatcattcgga_c.r1,sensitive
aaacgctagtaagagg_t320.a.r1,resistant
aaacgctcagcagtag_t320.a.r1,resistant
aaacgctcagtattcg_t320.a.r1,resistant
aaacgctgttagtcgt_c.r1,sensitive
aaagaacagttctctt_c.r1,sensitive
aaagaaccaacaacaa_t320.a.r1,resistant
aaagaacgttccgcag_t320.a.r1,resistant
aaagaacgttcttgcc_c.r1,sensitive
aaagaactcgtgtggc_t320.a.r1,resistant
aaaggattcagagtgg_c.r1,sensitive
aaagggccagtttcga_t320.a.r1,resistant
aaagggccatgggaac_t320.a.r1,resistant
aaagggctcgccgtga_c.r1,sensitive
aaagggctctcctgtg_c.r1,sensitive
aaaggtaaggagcaaa_c.r1,sensitive
aaaggtagtgcatgtt_c.r1,sensitive
aaaggtatcctagctc_c.r1,sensitive
aaagtccagtagctct_t320.a.r1,resistant
aaagtccagttccatg_t320.a.r1,resistant
aaagtcccacaatctg_c.r1,sensitive
aaagtcccaggacatg_c.r1,sensitive
aaagtccgtgagacca_c.r1,sensitive
aaagtccgtgtggtcc_c.r1,sensitive
aaagtgaagaagaacg_t320.a.r1,resistant
aaagtgacactacaca_t320.a.r1,resistant
aaagtgacatcctaag_t320.a.r1,resistant
aaagtgagtatatgga_t320.a.r1,resistant
aaagtgagttgaagta_t320.a.r1,resistant
aaagtgatccacacct_t320.a.r1,resistant
aaagtgatcgacgtcg_c.r1,sensitive
aaatggaagttgtaag_t320.a.r1,resistant
aaatggacacgctata_c.r1,sensitive
aaatggacagaggcta_c.r1,sensitive
aaatggacagtgcctg_t320.a.r1,resistant
aaatggagtctacaac_t320.a.r1,resistant
aaatggagtgctcttc_c.r1,sensitive
aaatggatcagtgttg_c.r1,sensitive
aaatggatctattcgt_c.r1,sensitive
aacaaagagtcgaaat_c.r1,sensitive
aacaaagcatgacccg_t320.a.r1,resistant
aacaaagcatgcagga_c.r1,sensitive
aacaaaggtctgatac_c.r1,sensitive
aacaaaggtcttgagt_t320.a.r1,resistant
aacaaaggtgccgaaa_c.r1,sensitive
aacaaaggtgtgaccc_c.r1,sensitive
aacaaagtcttcccga_t320.a.r1,resistant
aacaaccagcgatcga_c.r1,sensitive
aacaacccacaaacgg_c.r1,sensitive
aacaacccagaagtgc_c.r1,sensitive
aacaaccgtgtggaca_t320.a.r1,resistant
aacaagaagtgattcc_t320.a.r1,resistant
aacaagagtaggaggg_t320.a.r1,resistant
aacaagagtatctcga_t320.a.r1,resistant
aacaagagttgagagc_t320.a.r1,resistant
aacacacagaaactgt_c.r1,sensitive
aacacacaggcaccaa_c.r1,sensitive
aacacacagtggaaag_t320.a.r1,resistant
aacacaccagcgtacc_c.r1,sensitive
aacacaccatcctatt_t320.a.r1,resistant
aacacactcactcgaa_c.r1,sensitive
aacacactcattactc_c.r1,sensitive
aacagggagataggga_t320.a.r1,resistant
aacagggagcctgacc_c.r1,sensitive
aacagggaggtccctg_c.r1,sensitive
aacagggagtgaatac_c.r1,sensitive
aacagggcatcggtta_t320.a.r1,resistant
aacagggtcgctacaa_c.r1,sensitive
aaccaacaggtcctgc_t320.a.r1,resistant
aaccaacgtagcgctc_c.r1,sensitive
aaccaacgttaaaccc_c.r1,sensitive
aaccacaaggcttccg_t320.a.r1,resistant
aaccacaaggctttca_t320.a.r1,resistant
aaccacacaaacgagc_c.r1,sensitive
aaccacacatagcact_t320.a.r1,resistant
aaccacagtagtgcga_c.r1,sensitive
aaccacagttcaaacc_t320.a.r1,resistant
aaccacatcacctacc_t320.a.r1,resistant
aaccacatcctaccac_c.r1,sensitive
aaccatgaggtaatca_c.r1,sensitive
aaccatgcaaatgatg_c.r1,sensitive
aaccatgcaggattct_c.r1,sensitive
aaccatgcagtcccga_c.r1,sensitive
aaccatggttaagaca_t320.a.r1,resistant
aacccaaagacctttg_c.r1,sensitive
aacccaaagttgcatc_c.r1,sensitive
aacccaatcttagcag_c.r1,sensitive
aacctgagtgtgtgga_c.r1,sensitive
aacctgagttccgttc_t320.a.r1,resistant
aacctgatcgagcacc_t320.a.r1,resistant
aacctgatctccaatt_c.r1,sensitive
aacctttagagccgta_t320.a.r1,resistant
aacctttgtactgccg_t320.a.r1,resistant
aaccttttcctggtct_c.r1,sensitive
aaccttttctagccaa_t320.a.r1,resistant
aacgaaaagatcctac_c.r1,sensitive
aacgaaacaactgatc_c.r1,sensitive
aacgaaacagccatta_c.r1,sensitive
aacgggacacagtgtt_c.r1,sensitive
aacgggacagcagaca_t320.a.r1,resistant
aacgggacagcggata_t320.a.r1,resistant
aacgggagtggccact_c.r1,sensitive
aacgggagttgccaat_t320.a.r1,resistant
aacgtcaagagcaacc_c.r1,sensitive
aacgtcaaggaatcgc_c.r1,sensitive
aacgtcagttgcttga_t320.a.r1,resistant
aacttctagaggcgtt_c.r1,sensitive
aacttctcagaagtgc_c.r1,sensitive
aacttctgtattcctt_t320.a.r1,resistant
aacttctgtcgagttt_c.r1,sensitive
aagaacagtcgttggc_t320.a.r1,resistant
aagaacagtttacacg_t320.a.r1,resistant
aagaacatcagacatc_c.r1,sensitive
aagaacatcctgccat_c.r1,sensitive
aagaacatcgctagcg_c.r1,sensitive
aagaacatctgacagt_c.r1,sensitive
aagacaacacgccagt_c.r1,sensitive
aagacaacagtaacct_t320.a.r1,resistant
aagacaagtatgggac_c.r1,sensitive
aagacaagtatggttc_c.r1,sensitive
aagacaagtcagtcgc_c.r1,sensitive
aagacaagtggtttac_t320.a.r1,resistant
aagacaagtttatgcg_c.r1,sensitive
aagacaatccatacag_t320.a.r1,resistant
aagacaatcgtgttcc_t320.a.r1,resistant
aagactcagatgaatc_t320.a.r1,resistant
aagactcagcgttcat_t320.a.r1,resistant
aagactccaaccgctg_c.r1,sensitive
aagactccaattgaga_t320.a.r1,resistant
aagactcgttctccac_c.r1,sensitive
aagactctcttacgtt_c.r1,sensitive
aagatagagacgactg_c.r1,sensitive
aagatagagagccgat_c.r1,sensitive
aagatagagcggatca_c.r1,sensitive
aagatagaggctccca_t320.a.r1,resistant
aagatagcattcgggc_t320.a.r1,resistant
aagataggttcgaagg_c.r1,sensitive
aagatagtctgcgata_t320.a.r1,resistant
aagcatccagaggttg_c.r1,sensitive
aagcatctcaggaaat_t320.a.r1,resistant
aagcatctcggcactg_c.r1,sensitive
aagcatctctatactc_c.r1,sensitive
aagccatagctttgtg_c.r1,sensitive
aagccatgtactcgta_c.r1,sensitive
aagccatgtcaaccat_c.r1,sensitive
aagcgagagaagtcta_t320.a.r1,resistant
aagcgagagtgccaga_t320.a.r1,resistant
aagcgagcacgtctct_t320.a.r1,resistant
aagcgaggtacgctat_c.r1,sensitive
aagcgttcaggttcgc_t320.a.r1,resistant
aagcgttcattcaggt_t320.a.r1,resistant
aaggaatagtactcgt_t320.a.r1,resistant
aaggaatcatatgcgt_c.r1,sensitive
aaggaatgtaagttag_c.r1,sensitive
aaggaattcactgtcc_c.r1,sensitive
aaggaattccgggact_c.r1,sensitive
aaggtaaagcgaatgc_t320.a.r1,resistant
aaggtaaagggttagc_t320.a.r1,resistant
aaggtaacatccaaca_c.r1,sensitive
aagtaccagagtcgac_c.r1,sensitive
aagtaccagcactcgc_t320.a.r1,resistant
aagtaccaggaacgaa_c.r1,sensitive
aagtaccagtagtcaa_t320.a.r1,resistant
aagtaccgtatggagc_c.r1,sensitive
aagtaccgttggaccc_t320.a.r1,resistant
aagtacctcagtccgg_c.r1,sensitive
aagtacctccacgggt_c.r1,sensitive
aagtacctcgtagcta_c.r1,sensitive
aagtcgtcagtagtgg_c.r1,sensitive
aagtcgtgtgccgtac_c.r1,sensitive
aagtcgttctttgcgc_t320.a.r1,resistant
aagtgaaagcattgtc_c.r1,sensitive
aagtgaacaaatcgtc_c.r1,sensitive
aagtgaagtcgtattg_t320.a.r1,resistant
aagtgaatcgacgtcg_t320.a.r1,resistant
aagtgaatctccaaga_t320.a.r1,resistant
aagttcgcaagatcct_t320.a.r1,resistant
aagttcgcactggcca_c.r1,sensitive
aagttcggtttagtcg_c.r1,sensitive
aagttcgtcctggctt_t320.a.r1,resistant
aagttcgtcggtctgg_c.r1,sensitive
aagttcgtctgaggcc_c.r1,sensitive
aatagagaggattaca_c.r1,sensitive
aatagagcagaattcc_t320.a.r1,resistant
aatagagcatgtggcc_t320.a.r1,resistant
aatagagcattgacac_c.r1,sensitive
aatcacgagcgttcat_t320.a.r1,resistant
aatcacggtcgagcaa_c.r1,sensitive
aatcacggtgagacca_t320.a.r1,resistant
aatcgacaggagtatt_t320.a.r1,resistant
aatcgaccacacctgg_c.r1,sensitive
aatcgaccagaaaccg_t320.a.r1,resistant
aatcgaccagggatac_t320.a.r1,resistant
aatcgacgtctaggtt_t320.a.r1,resistant
aatcgtgagagtcagc_t320.a.r1,resistant
aatcgtgcaagcacag_c.r1,sensitive
aatcgtgcactggatt_c.r1,sensitive
aatcgtggtggcagat_c.r1,sensitive
aatgaagcaacgacag_c.r1,sensitive
aatgaagcacaaggtg_c.r1,sensitive
aatgaagcattctgtt_c.r1,sensitive
aatgaaggttcgagcc_t320.a.r1,resistant
aatgaagtctccgcat_t320.a.r1,resistant
aatgaccagacatcct_c.r1,sensitive
aatgaccaggcgacat_t320.a.r1,resistant
aatgaccagggaggtg_c.r1,sensitive
aatgaccagtatcctg_c.r1,sensitive
aatgacccacagacga_c.r1,sensitive
aatgacccatcgctgg_c.r1,sensitive
aatgacctccacaagt_t320.a.r1,resistant
aatgacctccgatagt_c.r1,sensitive
aatgacctcgattccc_c.r1,sensitive
aatgccaagccagaca_t320.a.r1,resistant
aatgccacagcacaga_c.r1,sensitive
aatgccagtaacagta_c.r1,sensitive
aatgccagtgagatcg_c.r1,sensitive
aatgccatcccgaaat_c.r1,sensitive
aatgccatcctcacgt_c.r1,sensitive
aatgccatcgaccacg_c.r1,sensitive
aatgccatctagttct_c.r1,sensitive
aatgccatctcccaac_c.r1,sensitive
aatggaaaggtttgaa_t320.a.r1,resistant
aatggaagtagcgtag_t320.a.r1,resistant
aatggaagtgcattac_c.r1,sensitive
aatggaagttctcaga_t320.a.r1,resistant
aatggaatcgacgacc_c.r1,sensitive
aatggctagcctatca_c.r1,sensitive
aatggctcatggagac_t320.a.r1,resistant
aatggctgtgcaatgg_t320.a.r1,resistant
aattcctagcacacag_t320.a.r1,resistant
aattcctaggtaacta_t320.a.r1,resistant
aattcctagttctacg_c.r1,sensitive
aattcctcaaaggcgt_t320.a.r1,resistant
aattcctcacaaatag_c.r1,sensitive
aattcctcatgacgtt_c.r1,sensitive
aattcctgtcataaag_t320.a.r1,resistant
aattccttcgacatca_t320.a.r1,resistant
aattccttcgacctaa_t320.a.r1,resistant
aatttcccatggctgc_c.r1,sensitive
acaaagaagaatcgta_c.r1,sensitive
acaaagaagcttaaga_c.r1,sensitive
acaaagagtgcttcaa_c.r1,sensitive
acaaccaagaggactc_c.r1,sensitive
acaaccacacatgaaa_c.r1,sensitive
acaaccatctcgggac_c.r1,sensitive
acaagctagcagccct_c.r1,sensitive
acaagctaggatgtta_c.r1,sensitive
acaagctcagttggtt_t320.a.r1,resistant
acaagctgtcacgacc_t320.a.r1,resistant
acaagctgttaagcaa_t320.a.r1,resistant
acacagtagattgcgg_c.r1,sensitive
acacagtagcctccag_c.r1,sensitive
acacagtagcgtatgg_t320.a.r1,resistant
acacagtcacacctgg_c.r1,sensitive
acacagtcattcacag_t320.a.r1,resistant
acacagtgtccacagc_c.r1,sensitive
acacagtgtgaatgta_c.r1,sensitive
acacagtgtgcttcaa_t320.a.r1,resistant
acaccaaaggtgccaa_t320.a.r1,resistant
acaccaaagtttgctg_t320.a.r1,resistant
acaccaagtggtacag_c.r1,sensitive
acacgcgagagattca_t320.a.r1,resistant
acacgcgagaggctgt_c.r1,sensitive
acacgcgagtagtgcg_c.r1,sensitive
acacgcgagtatgaac_t320.a.r1,resistant
acacgcgcaatgaaac_c.r1,sensitive
acacgcgcacaaatga_t320.a.r1,resistant
acacgcggtacgagtg_c.r1,sensitive
acacgcgtcccatacc_t320.a.r1,resistant
acacgcgtcccgttca_t320.a.r1,resistant
acacgcgtcgcaattg_t320.a.r1,resistant
acacgcgtctctagga_t320.a.r1,resistant
acactgacaaccacat_c.r1,sensitive
acactgacaattctct_c.r1,sensitive
acactgacatgccgac_c.r1,sensitive
acagaaacaagatgta_c.r1,sensitive
acagaaagtcgttcaa_c.r1,sensitive
acagaaagtggacagt_t320.a.r1,resistant
acagaaatccgagtgc_t320.a.r1,resistant
acagccggtcaggtag_t320.a.r1,resistant
acagccggtgcacaag_t320.a.r1,resistant
acagccgtcagaccgc_t320.a.r1,resistant
acagccgtccatcaga_c.r1,sensitive
acagccgtctaagcca_t320.a.r1,resistant
acagggaagacttaag_t320.a.r1,resistant
acagggaagaggtcgt_t320.a.r1,resistant
acagggagtccagaag_c.r1,sensitive
acagggagtcgaagca_c.r1,sensitive
acagggagtcgaattc_t320.a.r1,resistant
acagggagtgcccttt_c.r1,sensitive
acatcccagacatgcg_c.r1,sensitive
acatccccagcagatg_c.r1,sensitive
acatccccaggaagtc_t320.a.r1,resistant
acatccctcaatctct_c.r1,sensitive
acatcgaagtgcaaat_c.r1,sensitive
acatcgagtgatggca_c.r1,sensitive
acatcgatctcaccca_c.r1,sensitive
acatgcaagaagggat_t320.a.r1,resistant
acatgcaagttgcgcc_c.r1,sensitive
acatgcagtacgggat_t320.a.r1,resistant
acatgcagtatacctg_t320.a.r1,resistant
acatgcagtccggatc_t320.a.r1,resistant
acatgcagtgatcgtt_c.r1,sensitive
acatttcagatgcagc_c.r1,sensitive
acatttcaggaagaac_t320.a.r1,resistant
acatttcgtactgccg_t320.a.r1,resistant
acatttcgtagcgagt_c.r1,sensitive
acatttcgttcaccgg_c.r1,sensitive
acatttctcctcaggg_t320.a.r1,resistant
acatttctcgcactct_t320.a.r1,resistant
acatttctcgtctcac_c.r1,sensitive
acatttctctgggcac_t320.a.r1,resistant
accaaaccaatcgcat_c.r1,sensitive
accaaaccactcaagt_c.r1,sensitive
accaaaccatacacca_c.r1,sensitive
accaaaccattgctga_c.r1,sensitive
accaaactctgcgtct_t320.a.r1,resistant
accaacagtactccct_t320.a.r1,resistant
accaacatcctgggtg_t320.a.r1,resistant
accaacatcgtccttg_c.r1,sensitive
accacaacaggtcaag_c.r1,sensitive
accacaagtgagttgg_t320.a.r1,resistant
accacaagtttgaacc_c.r1,sensitive
accacaatccaaccaa_t320.a.r1,resistant
accatttcacaagcag_c.r1,sensitive
accatttcagtagtgg_t320.a.r1,resistant
accatttcatgggcaa_c.r1,sensitive
accatttgtaatgctc_t320.a.r1,resistant
accatttgtacgcgtc_c.r1,sensitive
accattttcggcatat_c.r1,sensitive
accattttctagacca_t320.a.r1,resistant
acccaaacataacggg_t320.a.r1,resistant
acccaaacatgtttgg_c.r1,sensitive
acccaaagtaacggtg_c.r1,sensitive
acccaaagtatggaat_c.r1,sensitive
acccaaagtccttaag_t320.a.r1,resistant
acccaaagtttagaga_c.r1,sensitive
acccaaatcatgcggc_c.r1,sensitive
acccaaatcgagttgt_c.r1,sensitive
accctcaaggattaca_t320.a.r1,resistant
accctcagtacgactt_t320.a.r1,resistant
accctcatcaccttgc_c.r1,sensitive
accctcatccgtaatg_t320.a.r1,resistant
acccttgagacttaag_c.r1,sensitive
acccttgcaacggcct_t320.a.r1,resistant
accgttctcgtcgggt_t320.a.r1,resistant
acctaccgtcggtaag_t320.a.r1,resistant
acctaccgtgcaagac_t320.a.r1,resistant
acctacctcactgggc_c.r1,sensitive
acctgaaaggcgttag_t320.a.r1,resistant
acctgaagtctgcgca_t320.a.r1,resistant
acctgaatcaccatcc_t320.a.r1,resistant
acctgaatcggtaagg_c.r1,sensitive
acctgtcaggaattac_c.r1,sensitive
acctgtccaatgagcg_t320.a.r1,resistant
acctgtccaggcatga_c.r1,sensitive
acctgtcgtagctgtt_t320.a.r1,resistant
acctgtctcgagatgg_c.r1,sensitive
acctgtctctgcagcg_c.r1,sensitive
acgatcaagcatcagg_c.r1,sensitive
acgatcaagccacaag_c.r1,sensitive
acgatcaaggtgccaa_c.r1,sensitive
acgatcacagctcctt_t320.a.r1,resistant
acgatcagtctctcca_c.r1,sensitive
acgatcatctagtcag_t320.a.r1,resistant
acgatgtaggtagacc_c.r1,sensitive
acgatgtcaggaagtc_t320.a.r1,resistant
acgatgttcactcgaa_c.r1,sensitive
acgcacgagatccaaa_c.r1,sensitive
acgcacgagatgcgac_t320.a.r1,resistant
acgcacgaggtcgtag_c.r1,sensitive
acgcacgagttatgga_c.r1,sensitive
acgcacgtcgactcct_t320.a.r1,resistant
acggaagagacatcct_t320.a.r1,resistant
acggaagagtcggcaa_c.r1,sensitive
acggaaggtaacacgg_t320.a.r1,resistant
acgggtccactaacca_c.r1,sensitive
acgggtccagtagaat_c.r1,sensitive
acgggtcgtatacctg_c.r1,sensitive
acgggtctcagaccta_c.r1,sensitive
acgggtctccagttcc_c.r1,sensitive
acgggtctcttcgctg_c.r1,sensitive
acggtcgagcactaaa_c.r1,sensitive
acggtcgcaacgatct_c.r1,sensitive
acggtcggtaaggcca_c.r1,sensitive
acggtcggtggcaaca_c.r1,sensitive
acggtcgtcgtcgggt_t320.a.r1,resistant
acggttagtaatgtga_c.r1,sensitive
acggttatcgttgttt_t320.a.r1,resistant
acgtaacagctggcct_c.r1,sensitive
acgtaacagtgcaaat_t320.a.r1,resistant
acgtaaccaggaatat_c.r1,sensitive
acgtaacgtatcttct_c.r1,sensitive
acgtacaagtcgaaat_c.r1,sensitive
acgtacaagttggacg_t320.a.r1,resistant
acgtacagtagcttac_c.r1,sensitive
acgtacagtatcctcc_c.r1,sensitive
acgtacagttctccca_c.r1,sensitive
acgtacatcacgggaa_c.r1,sensitive
acgtacatctcgcgtt_t320.a.r1,resistant
acgtagtaggtcataa_c.r1,sensitive
acgtagtagtggatat_t320.a.r1,resistant
acgtagtagtttcagc_t320.a.r1,resistant
acgtagtcatgggaac_t320.a.r1,resistant
acgtagtgttgccaat_t320.a.r1,resistant
acgtagttcgcctagg_c.r1,sensitive
acgtagttcgtaactg_c.r1,sensitive
acgtcctaggaagtcc_t320.a.r1,resistant
acgtcctaggccttgc_c.r1,sensitive
acgtccttcctacaag_c.r1,sensitive
acgttcccagcgttta_c.r1,sensitive
acgttcccagtgcctg_c.r1,sensitive
acgttccgtatcaggg_c.r1,sensitive
acgttcctcggcttgg_t320.a.r1,resistant
acgttcctctcgctca_c.r1,sensitive
acgttcctctcggtaa_c.r1,sensitive
actacgaagattcgct_c.r1,sensitive
actacgaaggtaagtt_t320.a.r1,resistant
actacgacattgacca_t320.a.r1,resistant
actacgagtaaggaga_c.r1,sensitive
actacgagtacgcgtc_t320.a.r1,resistant
actacgagtgcggtaa_t320.a.r1,resistant
actacgatctgtgtga_t320.a.r1,resistant
actatctagcgcttcg_t320.a.r1,resistant
actatctaggatatac_t320.a.r1,resistant
actatggcactttagg_t320.a.r1,resistant
actatgggtgacctgc_c.r1,sensitive
actatggtcgaagtgg_t320.a.r1,resistant
actattcagcgacatg_c.r1,sensitive
actattccagacggat_c.r1,sensitive
actattcgtaggtcag_t320.a.r1,resistant
actattcgttatccag_c.r1,sensitive
actattctcagtgcgc_t320.a.r1,resistant
actcccaagagggcga_t320.a.r1,resistant
actcccaagatggcgt_c.r1,sensitive
actcccaagcactcgc_c.r1,sensitive
actcccaagtgcccgt_t320.a.r1,resistant
actcccacaagactgg_c.r1,sensitive
actctcgtcccataag_c.r1,sensitive
actctcgtcgttccca_t320.a.r1,resistant
actgatgaggttccgc_t320.a.r1,resistant
actgatggtatcacca_c.r1,sensitive
actgatgtctacctta_t320.a.r1,resistant
actgcaaagtcagagc_t320.a.r1,resistant
actgcaacaacctaac_t320.a.r1,resistant
actgcaacactaggtt_t320.a.r1,resistant
actgcaagtactccct_t320.a.r1,resistant
actgcaagttacggag_c.r1,sensitive
actgtccaggtgcagt_t320.a.r1,resistant
actgtccagtggcctc_c.r1,sensitive
actgtcccaagcggat_c.r1,sensitive
actgtcccaaggcctc_t320.a.r1,resistant
actgtccgtttggaaa_c.r1,sensitive
actgtgaagacggatc_t320.a.r1,resistant
actgtgaagaggctgt_t320.a.r1,resistant
actgtgacactggcca_c.r1,sensitive
acttaggagggcgaag_t320.a.r1,resistant
acttaggagtatcctg_t320.a.r1,resistant
acttaggcaacgtatc_t320.a.r1,resistant
acttaggcaagaaatc_c.r1,sensitive
acttaggcacggtaga_t320.a.r1,resistant
acttaggcatgaagcg_t320.a.r1,resistant
acttaggcattaaagg_t320.a.r1,resistant
acttagggtatgctac_t320.a.r1,resistant
acttatcagcgaactg_t320.a.r1,resistant
acttatccaaatggat_t320.a.r1,resistant
acttatccactacggc_c.r1,sensitive
acttatcgtcaggcaa_c.r1,sensitive
acttatctcggactgc_c.r1,sensitive
acttccgcaacgaggt_t320.a.r1,resistant
acttccgcagtggctc_c.r1,sensitive
acttccgtcgatccct_t320.a.r1,resistant
acttcgcaggtgggtt_t320.a.r1,resistant
acttcgccaatctctt_c.r1,sensitive
acttcgcgtatcgaaa_c.r1,sensitive
acttcgcgtcacagag_t320.a.r1,resistant
acttcgcgtctcacaa_t320.a.r1,resistant
acttcgctcccaggac_c.r1,sensitive
actttcaagacgatat_t320.a.r1,resistant
actttcatcgtctaag_t320.a.r1,resistant
actttgtagacgccaa_t320.a.r1,resistant
actttgtagtcagagc_t320.a.r1,resistant
actttgtcaacctatg_c.r1,sensitive
actttgtcatgtgccg_c.r1,sensitive
actttgttcacctacc_t320.a.r1,resistant
actttgttcatctgtt_t320.a.r1,resistant
actttgttccatgatg_t320.a.r1,resistant
agaaatgcaagtcgtt_c.r1,sensitive
agaacaacaaacgtgg_c.r1,sensitive
agaacaacacgggtaa_t320.a.r1,resistant
agaacaacagggagag_c.r1,sensitive
agaacaagtcgtaatc_c.r1,sensitive
agaacaagtgtatcca_t320.a.r1,resistant
agaacaagttgactgt_t320.a.r1,resistant
agaacaatcatcagtg_c.r1,sensitive
agaacctagatgttcc_c.r1,sensitive
agaacctagcacctgc_c.r1,sensitive
agaacctaggatcacg_c.r1,sensitive
agaacctgtgtacagg_c.r1,sensitive
agaagcgcagccgttg_t320.a.r1,resistant
agaagcgcattctccg_c.r1,sensitive
agaagcggtgcaatgg_t320.a.r1,resistant
agaagcggttcttgtt_c.r1,sensitive
agaagcggttgttgtg_c.r1,sensitive
agaagcgtcctaacag_c.r1,sensitive
agaagcgtcggctgac_t320.a.r1,resistant
agaagtaagggtcaca_t320.a.r1,resistant
agaagtaagtggaatt_c.r1,sensitive
agaagtacaccgtgac_c.r1,sensitive
agaagtacagactcta_t320.a.r1,resistant
agaagtagtacgctta_t320.a.r1,resistant
agaagtagtcactctc_c.r1,sensitive
agaagtatctaacacg_c.r1,sensitive
agaagtatctctcttc_c.r1,sensitive
agacaaaagcatgcag_c.r1,sensitive
agacaaacaataaggt_c.r1,sensitive
agacaaagtattgacc_c.r1,sensitive
agacactagaatcgcg_t320.a.r1,resistant
agacactagcataggc_t320.a.r1,resistant
agacactagcatgcga_c.r1,sensitive
agacactcaatagtcc_c.r1,sensitive
agacactgtagacacg_t320.a.r1,resistant
agacactgtccgacgt_c.r1,sensitive
agacaggaggatttcc_c.r1,sensitive
agacaggcacgggtaa_c.r1,sensitive
agacaggcagtcgcac_c.r1,sensitive
agacaggcatcgctaa_c.r1,sensitive
agacaggcatggctat_t320.a.r1,resistant
agacagggtctgcata_t320.a.r1,resistant
agacaggtccatttac_c.r1,sensitive
agaccatcaagctact_t320.a.r1,resistant
agaccatcatcaccaa_c.r1,sensitive
agaccatgtctgtagt_c.r1,sensitive
agaccatgtgcatact_c.r1,sensitive
agaccattcaagcccg_c.r1,sensitive
agaccattcgcgctga_c.r1,sensitive
agacccgagattgaca_t320.a.r1,resistant
agacccgaggcatcag_t320.a.r1,resistant
agacccgagtgagcca_t320.a.r1,resistant
agacccgcaggactag_t320.a.r1,resistant
agacccgcaggagact_t320.a.r1,resistant
agacccgtcgcagtgc_c.r1,sensitive
agactcaagacgagct_c.r1,sensitive
agactcaaggatatgt_c.r1,sensitive
agactcaagttcactg_t320.a.r1,resistant
agagaatcactacaca_c.r1,sensitive
agagaatgtagatgta_c.r1,sensitive
agagaatgtcagcgtc_t320.a.r1,resistant
agagaatgtctacagt_t320.a.r1,resistant
agagaatgtgcctttc_c.r1,sensitive
agagagccacaaagta_c.r1,sensitive
agagagccagtgtgcc_t320.a.r1,resistant
agagagccatatctct_t320.a.r1,resistant
agagagcgtttcgatg_t320.a.r1,resistant
agagcaggtaggtagc_t320.a.r1,resistant
agagcagtcaaaggat_t320.a.r1,resistant
agagcagtcgcactct_t320.a.r1,resistant
agagcccagcatcccg_t320.a.r1,resistant
agagcccagtaattgg_c.r1,sensitive
agagcccgtagctcgc_c.r1,sensitive
agagcccgtgctcgtg_c.r1,sensitive
agagccctccattcgc_t320.a.r1,resistant
agatagagtatcagct_t320.a.r1,resistant
agatagagtgccgtac_t320.a.r1,resistant
agatagatcgcctttg_c.r1,sensitive
agatccaagggcctct_t320.a.r1,resistant
agatccagtcgtcagc_t320.a.r1,resistant
agatccagttcagcta_c.r1,sensitive
agatcgtaggcaggtt_t320.a.r1,resistant
agatcgtcactgagtt_t320.a.r1,resistant
agatcgtgtcttccgt_c.r1,sensitive
agatcgtgtgcggctt_c.r1,sensitive
agatcgtgttccgcga_c.r1,sensitive
agatgaacaagagtta_c.r1,sensitive
agatgaagtaaggtcg_t320.a.r1,resistant
agatgaagtatcatgc_c.r1,sensitive
agatgctcaaccgatt_c.r1,sensitive
agatgctgtcaccgca_t320.a.r1,resistant
agcatcaagatcccgc_c.r1,sensitive
agcatcaagtaacctc_c.r1,sensitive
agcatcacagacaaat_t320.a.r1,resistant
agcatcacagttccaa_c.r1,sensitive
agcatcagtcggtgaa_t320.a.r1,resistant
agcatcatcaaagaca_c.r1,sensitive
agcatcatctactcat_c.r1,sensitive
agccaatcataactcg_c.r1,sensitive
agccaatgtgtatacc_t320.a.r1,resistant
agccaattctcactcg_c.r1,sensitive
agccacgagaccctta_c.r1,sensitive
agccacgcaaagacgc_t320.a.r1,resistant
agccacgcactaacgt_t320.a.r1,resistant
agccacgcagagtctt_c.r1,sensitive
agccacgcattcttca_c.r1,sensitive
agccacggtaggctcc_t320.a.r1,resistant
agccacggttgaggac_c.r1,sensitive
agccacgtcatgagtc_t320.a.r1,resistant
agccacgtccacaagt_t320.a.r1,resistant
agccacgtcggccaac_t320.a.r1,resistant
agccacgtctggtggc_t320.a.r1,resistant
agccagcagtgaacat_t320.a.r1,resistant
agccagccattcttca_c.r1,sensitive
agccagcgtgcaatgg_c.r1,sensitive
agccagctccacacct_c.r1,sensitive
agccagctccagcaat_c.r1,sensitive
agccagctcggcccaa_t320.a.r1,resistant
agcgattagcaggcta_t320.a.r1,resistant
agcgattcaatagtcc_t320.a.r1,resistant
agcgattcacgcgtgt_c.r1,sensitive
agcgccacaccctagg_t320.a.r1,resistant
agcgccagtacagcga_t320.a.r1,resistant
agcgctgagagtcagc_c.r1,sensitive
agcgctgagtactgtc_c.r1,sensitive
agcgctgcatgagtaa_c.r1,sensitive
agcgctggtcgcagtc_t320.a.r1,resistant
agcgctggtcgtcata_c.r1,sensitive
agcgctggtgtcttag_t320.a.r1,resistant
agcgctgtcgttcgct_c.r1,sensitive
agcgtatagttagtag_c.r1,sensitive
agcgtatcataggagc_t320.a.r1,resistant
agcgtatcatcggatt_c.r1,sensitive
agcgtatgttgcaagg_c.r1,sensitive
agcgtattcagaacct_t320.a.r1,resistant
agcgtattccctcaac_c.r1,sensitive
agcgtcgcaggacttt_t320.a.r1,resistant
agcgtcgcatcctatt_c.r1,sensitive
agcgtcgcatgcggtc_t320.a.r1,resistant
agctacaagggtatat_t320.a.r1,resistant
agctacacagacaata_t320.a.r1,resistant
agctacacagatcact_t320.a.r1,resistant
agctacatcgttgttt_c.r1,sensitive
agctacatctgggcac_t320.a.r1,resistant
agctacatcttaggac_c.r1,sensitive
agctacatctttacac_t320.a.r1,resistant
agctcaacagctctgg_c.r1,sensitive
agctcaagtacaagta_c.r1,sensitive
agctcaatcatggatc_c.r1,sensitive
agctcaatcgctgacg_t320.a.r1,resistant
agcttcccaaaggaga_c.r1,sensitive
agcttccgtcatgact_t320.a.r1,resistant
aggaaatagcagccct_c.r1,sensitive
aggaaatagtatggcg_c.r1,sensitive
aggaaatcagtcaact_t320.a.r1,resistant
aggaaattcagtgttg_t320.a.r1,resistant
aggaaattcgatccaa_c.r1,sensitive
aggaataagagcagaa_c.r1,sensitive
aggaatagtgacagca_t320.a.r1,resistant
aggaatagttcgaact_t320.a.r1,resistant
aggaatatcactacga_c.r1,sensitive
aggaatatcgctattt_c.r1,sensitive
aggaatatcggctctt_c.r1,sensitive
aggacgaagttgccta_t320.a.r1,resistant
aggacgacagcccagt_c.r1,sensitive
aggacgagtcggattt_c.r1,sensitive
aggacgagtcgtaatc_c.r1,sensitive
aggacgatcatgggag_t320.a.r1,resistant
aggacgatcattacct_c.r1,sensitive
aggacttagatcactc_t320.a.r1,resistant
aggacttagcgagtca_c.r1,sensitive
aggacttcaaatacag_c.r1,sensitive
aggacttcaaatcgtc_t320.a.r1,resistant
aggacttcacttgggc_t320.a.r1,resistant
aggactttccgtaatg_t320.a.r1,resistant
aggactttcgtccatc_t320.a.r1,resistant
aggaggtagcgggtta_t320.a.r1,resistant
aggaggtagctagaat_c.r1,sensitive
aggataaaggcgcttc_c.r1,sensitive
aggataacaagaatgt_t320.a.r1,resistant
aggataacacggccat_c.r1,sensitive
aggataatccgtggca_t320.a.r1,resistant
aggatctagatgttcc_c.r1,sensitive
aggatctcactgcttc_t320.a.r1,resistant
aggatctgtagactgg_c.r1,sensitive
aggatctgttatcttc_c.r1,sensitive
aggcattagtagcata_t320.a.r1,resistant
aggcattcagtgggta_t320.a.r1,resistant
aggcatttcaacacca_c.r1,sensitive
aggcatttcgaccacg_t320.a.r1,resistant
aggccacagttagtag_c.r1,sensitive
aggccaccatattcgg_c.r1,sensitive
aggccacgtacattgc_c.r1,sensitive
aggccacgtagatcgg_t320.a.r1,resistant
aggccacgtcctacgg_t320.a.r1,resistant
aggccacgtgcatcta_t320.a.r1,resistant
aggccacgttcagcta_t320.a.r1,resistant
aggccactctgattct_t320.a.r1,resistant
aggctgcgtactgact_c.r1,sensitive
aggctgctcacttgtt_t320.a.r1,resistant
agggagtagatgaatc_t320.a.r1,resistant
agggagtcaaagctaa_t320.a.r1,resistant
agggagtcaacagata_c.r1,sensitive
agggagtgtacaatag_t320.a.r1,resistant
agggagtgtttggaaa_c.r1,sensitive
agggagttcgtcctca_t320.a.r1,resistant
agggagttctactgag_t320.a.r1,resistant
agggcctgtctacgat_c.r1,sensitive
agggctcagcaggtca_c.r1,sensitive
agggctccaaagggct_t320.a.r1,resistant
agggctccacggccat_c.r1,sensitive
agggctccagcagatg_c.r1,sensitive
agggctcgtctaatcg_c.r1,sensitive
agggtccagggtcttt_c.r1,sensitive
agggtcctcaagtcgt_c.r1,sensitive
agggtgaagatacatg_c.r1,sensitive
agggtgaagatgaagg_t320.a.r1,resistant
agggtgaagggtggga_c.r1,sensitive
agggtgacaggattct_t320.a.r1,resistant
agggtgagtcttagtg_c.r1,sensitive
agggtgatctgcgagc_c.r1,sensitive
agggtttagactcatc_t320.a.r1,resistant
agggtttagtttgctg_c.r1,sensitive
agggtttcaatagtcc_c.r1,sensitive
agggtttcatatagcc_t320.a.r1,resistant
agggtttcatccgaat_c.r1,sensitive
agggtttcatctttca_t320.a.r1,resistant
agggtttcatgactac_t320.a.r1,resistant
agggtttcattcaggt_t320.a.r1,resistant
agggttttctacactt_c.r1,sensitive
aggtaggagcctgaga_c.r1,sensitive
aggtaggaggtggttg_c.r1,sensitive
aggtagggttacgatc_t320.a.r1,resistant
aggtaggtcttgcaga_c.r1,sensitive
aggtcatcaacgtatc_t320.a.r1,resistant
aggtcatcaccctcta_t320.a.r1,resistant
aggtcattctatccat_c.r1,sensitive
aggtctaaggtacaat_t320.a.r1,resistant
aggtctacaatacaga_t320.a.r1,resistant
aggtctacatctcgtc_c.r1,sensitive
aggtctagtagcgctc_c.r1,sensitive
aggtctatcaggtgtt_t320.a.r1,resistant
aggtctatcttggaac_c.r1,sensitive
aggtgttgtatagggc_c.r1,sensitive
aggtgttgtctcctgt_t320.a.r1,resistant
aggtgttgtgagtttc_t320.a.r1,resistant
aggtgtttcgtgcgac_t320.a.r1,resistant
aggtgtttctaacggt_c.r1,sensitive
aggtgtttctatactc_c.r1,sensitive
aggttacagacgagct_c.r1,sensitive
aggttaccaatagggc_c.r1,sensitive
aggttaccactaacgt_c.r1,sensitive
aggttacgtactccct_t320.a.r1,resistant
aggttacgtagaatgt_c.r1,sensitive
aggttacgtccctgtt_c.r1,sensitive
aggttactccatgatg_c.r1,sensitive
aggttactccgacagc_t320.a.r1,resistant
aggttgtagcgtgaac_t320.a.r1,resistant
aggttgtagggctgat_t320.a.r1,resistant
aggttgtcaagtcatc_t320.a.r1,resistant
aggttgtcaggaagtc_t320.a.r1,resistant
aggttgtcagttgcgc_t320.a.r1,resistant
aggttgtgtgcctgca_c.r1,sensitive
aggttgtgttgggaca_t320.a.r1,resistant
aggttgttcatttcgt_c.r1,sensitive
aggttgttcgagaaat_t320.a.r1,resistant
agtaaccagctgacag_c.r1,sensitive
agtaaccaggagtatt_c.r1,sensitive
agtaacccagggagag_t320.a.r1,resistant
agtaaccgtcagcgtc_c.r1,sensitive
agtaacctcacaatgc_t320.a.r1,resistant
agtaacctccgtgacg_c.r1,sensitive
agtaacctcgctgacg_c.r1,sensitive
agtaacctcttacgga_c.r1,sensitive
agtaccacatgggtcc_c.r1,sensitive
agtaccagtaacatcc_c.r1,sensitive
agtactgagcataggc_t320.a.r1,resistant
agtactgagtcgctat_t320.a.r1,resistant
agtactgcaccgctag_t320.a.r1,resistant
agtactggtaacatga_t320.a.r1,resistant
agtactggtcagtcgc_c.r1,sensitive
agtagcttccgtcaaa_c.r1,sensitive
agtagcttcggataaa_t320.a.r1,resistant
agtagtccattaggct_t320.a.r1,resistant
agtcaacaggttccgc_c.r1,sensitive
agtcaactcgagcctg_c.r1,sensitive
agtcacaagatgctgg_t320.a.r1,resistant
agtcacagtacagaat_t320.a.r1,resistant
agtcacatcgttatct_t320.a.r1,resistant
agtcacatctatttcg_t320.a.r1,resistant
agtcatgagaggtcgt_c.r1,sensitive
agtcatgcagacaccc_c.r1,sensitive
agtcatggtacgaaat_c.r1,sensitive
agtcatggtgagttgg_c.r1,sensitive
agtcatggttgtccct_t320.a.r1,resistant
agtcatgtcggaccac_t320.a.r1,resistant
agtctccgtgggagag_c.r1,sensitive
agtgactgtcaaatcc_c.r1,sensitive
agtgactgtccacttc_c.r1,sensitive
agtgactgtgaactaa_c.r1,sensitive
agtgactgtggcttat_c.r1,sensitive
agtgacttcactggta_c.r1,sensitive
agtgatcgtctacagt_t320.a.r1,resistant
agtgatcgtctcgggt_t320.a.r1,resistant
agtgatctcaccgacg_c.r1,sensitive
agtgccgagagtgtta_c.r1,sensitive
agtgccgcagcttcgg_t320.a.r1,resistant
agtgccggtactggga_c.r1,sensitive
agtgccggtagccaga_c.r1,sensitive
agtgccggtctaacgt_t320.a.r1,resistant
agtgccggttcacgat_c.r1,sensitive
agtgccgtcacaccgg_c.r1,sensitive
agtgccgtcagacccg_t320.a.r1,resistant
agtgttgagtccctaa_c.r1,sensitive
agtgttgagttggctt_t320.a.r1,resistant
agtgttgcaaattagg_c.r1,sensitive
agtgttgcacacggtc_c.r1,sensitive
agtgttgcagatttcg_t320.a.r1,resistant
agtgttggtacccagc_c.r1,sensitive
agtgttggtggtctat_t320.a.r1,resistant
agttagcagggagttc_c.r1,sensitive
agttagccacccaagc_c.r1,sensitive
agttagccagctgtta_t320.a.r1,resistant
agttagccaggatctt_c.r1,sensitive
agttagcgtgcagatg_t320.a.r1,resistant
agttcccagagtcttc_c.r1,sensitive
agttcccagccactcg_t320.a.r1,resistant
agttcccgtttgttct_c.r1,sensitive
agttccctctgtaacg_c.r1,sensitive
agttcgacacggctac_c.r1,sensitive
agttcgacaggtatgg_c.r1,sensitive
agttcgacattcatct_t320.a.r1,resistant
agttcgagtggcgctt_c.r1,sensitive
agttcgatccacctgt_c.r1,sensitive
agttcgatctacctta_t320.a.r1,resistant
ataccgacagaagtta_t320.a.r1,resistant
ataccgagtaacaggc_c.r1,sensitive
ataccgagtatgatcc_t320.a.r1,resistant
ataccgagtcgagcaa_c.r1,sensitive
ataccgagtgcgtgct_c.r1,sensitive
ataccttagaagcgct_t320.a.r1,resistant
ataccttcacagtatc_t320.a.r1,resistant
ataccttgtaacaagt_c.r1,sensitive
ataccttgtgatagta_c.r1,sensitive
atacctttctggacta_t320.a.r1,resistant
atacttcagcctcacg_t320.a.r1,resistant
atacttcagcgactga_t320.a.r1,resistant
atacttccacgtatac_c.r1,sensitive
atacttccatagatcc_c.r1,sensitive
atacttcgttaagggc_t320.a.r1,resistant
atacttctcggagtag_c.r1,sensitive
atagaccagcgtgcct_t320.a.r1,resistant
atagaccagtcgccca_c.r1,sensitive
atagaccgtatgggac_c.r1,sensitive
atagagaagaagtccg_c.r1,sensitive
atagagaagcaccgaa_t320.a.r1,resistant
atagagacatcgttcc_c.r1,sensitive
atagagagttctaacg_c.r1,sensitive
atagagatcatttcgt_t320.a.r1,resistant
atagagatcgtgtgat_c.r1,sensitive
ataggctaggaacatt_c.r1,sensitive
ataggctagtccgcgt_c.r1,sensitive
ataggctcaatcgccg_t320.a.r1,resistant
atatcctgtcccggta_c.r1,sensitive
atatccttcgccaata_t320.a.r1,resistant
atatccttctccatat_c.r1,sensitive
atcacagagcgatgac_c.r1,sensitive
atcacagaggctaacg_t320.a.r1,resistant
atcacaggtacaaaca_c.r1,sensitive
atcacaggtcagtccg_c.r1,sensitive
atcacaggtctacgta_c.r1,sensitive
atcacagtcattgcga_c.r1,sensitive
atcacgacactggcca_c.r1,sensitive
atcacgagtaagtagt_c.r1,sensitive
atcacgatctactgag_c.r1,sensitive
atcacgatctctgacc_t320.a.r1,resistant
atcacttagataggga_t320.a.r1,resistant
atcacttcaagtatag_t320.a.r1,resistant
atcacttcagaccaag_t320.a.r1,resistant
atcacttcatcgatac_c.r1,sensitive
atcacttgtcactcgg_t320.a.r1,resistant
atcactttcatctgtt_t320.a.r1,resistant
atcactttctgtcgct_t320.a.r1,resistant
atcaggtcagcacgaa_c.r1,sensitive
atcaggtcagctacta_c.r1,sensitive
atcaggtcatcgctgg_c.r1,sensitive
atcaggttcgcgtgac_c.r1,sensitive
atcattcagtgagtta_c.r1,sensitive
atcattctcctttagt_c.r1,sensitive
atcattctcggaaggt_t320.a.r1,resistant
atccaccagagagtga_t320.a.r1,resistant
atccaccagcggacat_c.r1,sensitive
atccacctcgtagagg_c.r1,sensitive
atccattaggtgatat_c.r1,sensitive
atccattcaaagacta_c.r1,sensitive
atccattcactacagt_c.r1,sensitive
atccattcatactgtg_t320.a.r1,resistant
atccattgtcgcaacc_c.r1,sensitive
atccatttcgacgatt_c.r1,sensitive
atccatttcgcctatc_t320.a.r1,resistant
atccctgagcctgtgc_c.r1,sensitive
atccctgagtagcata_c.r1,sensitive
atccctgcacccaata_c.r1,sensitive
atccctgcatcgtcct_t320.a.r1,resistant
atccctggtacgcgtc_t320.a.r1,resistant
atccctgtcaagtcgt_c.r1,sensitive
atccctgtccgtgtaa_t320.a.r1,resistant
atccgtccacttgaca_c.r1,sensitive
atccgtccagtcagtt_t320.a.r1,resistant
atccgtctcgcgtcga_t320.a.r1,resistant
atccgtctctcgcagg_t320.a.r1,resistant
atcctatagctgtgcc_c.r1,sensitive
atcctatagggcagga_t320.a.r1,resistant
atcctatcaattgtgc_c.r1,sensitive
atcctatgtgaaagtt_c.r1,sensitive
atcctattctcccaac_t320.a.r1,resistant
atcgatgaggagaatg_t320.a.r1,resistant
atcgatgcatcctatt_c.r1,sensitive
atcgatggtgtggtcc_t320.a.r1,resistant
atcgcctagctagccc_t320.a.r1,resistant
atcggatagaccataa_c.r1,sensitive
atcggatcactaacgt_c.r1,sensitive
atcggatgtcatcaca_t320.a.r1,resistant
atcggatgtgtcttag_c.r1,sensitive
atcggattcacgatca_t320.a.r1,resistant
atcggattccacttcg_t320.a.r1,resistant
atcggattctctctaa_c.r1,sensitive
atcggcgagaactgat_t320.a.r1,resistant
atcggcgcacagagca_t320.a.r1,resistant
atcggcggtagctgcc_t320.a.r1,resistant
atcgtagaggttcact_c.r1,sensitive
atcgtagtccgagatt_t320.a.r1,resistant
atcgtagtctcattgt_t320.a.r1,resistant
atcgtccagacgacgt_c.r1,sensitive
atcgtcccactatcga_c.r1,sensitive
atcgtcccagcggttc_c.r1,sensitive
atcgtccgtctgtagt_t320.a.r1,resistant
atcgtccgtttcactt_t320.a.r1,resistant
atcgtcctcctctcga_c.r1,sensitive
atcgtcctcgagagac_c.r1,sensitive
atcgtgaagcgagtac_t320.a.r1,resistant
atcgtgacaatgtcac_c.r1,sensitive
atcgtgacaggaatat_c.r1,sensitive
atcgtgagtgactcta_t320.a.r1,resistant
atcgtgatcgtagcta_t320.a.r1,resistant
atctctaagttcatgc_c.r1,sensitive
atctctacatccaatg_t320.a.r1,resistant
atctctatcccgtgtt_c.r1,sensitive
atctctatctttgcta_c.r1,sensitive
atcttcacacccaacg_c.r1,sensitive
atcttcacactcagat_c.r1,sensitive
atcttcagtattgcca_c.r1,sensitive
atcttcagtcataaag_c.r1,sensitive
atgaaagcaaagcacg_t320.a.r1,resistant
atgaaagcaagtgacg_c.r1,sensitive
atgaaagcaccgtgac_c.r1,sensitive
atgaaagcagcgtgaa_t320.a.r1,resistant
atgaaagcagtcttcc_c.r1,sensitive
atgaaagcatgagaat_t320.a.r1,resistant
atgaaaggtctaactg_c.r1,sensitive
atgaaagtcaggacga_c.r1,sensitive
atgaaagtcgaacgga_c.r1,sensitive
atgaaagtcgcgtagc_t320.a.r1,resistant
atgaccaagctcggct_t320.a.r1,resistant
atgaccaagctctatg_c.r1,sensitive
atgaccaaggcaccaa_c.r1,sensitive
atgaccacagcgagta_t320.a.r1,resistant
atgaccagtatcgtgt_c.r1,sensitive
atgaccagtgcatgag_t320.a.r1,resistant
atgaccagtttacctt_t320.a.r1,resistant
atgagggcagaagtgc_c.r1,sensitive
atgagggcattcatct_c.r1,sensitive
atgagggcattcgatg_c.r1,sensitive
atgagtcagcgatgca_t320.a.r1,resistant
atgagtccacgcgtca_t320.a.r1,resistant
atgagtcgtaactaag_c.r1,sensitive
atgagtcgtatcttct_c.r1,sensitive
atgagtcgttagagta_c.r1,sensitive
atgagtcgttgctcaa_c.r1,sensitive
atgagtctcttacact_c.r1,sensitive
atgagtctctttggag_c.r1,sensitive
atgatcgagtgggaaa_t320.a.r1,resistant
atgatcggtgacgcct_t320.a.r1,resistant
atgatcgtcacattgg_c.r1,sensitive
atgatcgtcatcgtag_c.r1,sensitive
atgcatgcatgcgtgc_t320.a.r1,resistant
atgcatggtgtccggt_c.r1,sensitive
atgcatgtcgaccata_c.r1,sensitive
atgcctccataccagt_c.r1,sensitive
atgcctcgtcgtgcca_c.r1,sensitive
atgcctctctctcaat_t320.a.r1,resistant
atgcctctctgaggtt_c.r1,sensitive
atgcgatagtgcaccc_c.r1,sensitive
atgcgatcaagaaact_t320.a.r1,resistant
atgcgatgtgcccagt_c.r1,sensitive
atgcgattcaaccgat_c.r1,sensitive
atgcgattcctgttat_t320.a.r1,resistant
atggaggagtagcaat_t320.a.r1,resistant
atggaggcaacaaagt_c.r1,sensitive
atggaggcataagcgg_t320.a.r1,resistant
atggagggtagcgagt_c.r1,sensitive
atggagggttcctaag_t320.a.r1,resistant
atggaggtcgccataa_t320.a.r1,resistant
atggaggtcgccgaac_c.r1,sensitive
atggatccatagtcac_c.r1,sensitive
atggatcgtgatcatc_t320.a.r1,resistant
atggatctcaactttc_c.r1,sensitive
atggatctcatttgct_t320.a.r1,resistant
atgggagagctggctc_c.r1,sensitive
atgggagagtcccagc_c.r1,sensitive
atgggagcagagttct_t320.a.r1,resistant
atgggagcatgtaacc_c.r1,sensitive
atgggaggtagagacc_t320.a.r1,resistant
atgggaggtccacttc_t320.a.r1,resistant
atgggaggtggctctg_t320.a.r1,resistant
atgggagtcaaccttt_t320.a.r1,resistant
atgggagtcactctta_t320.a.r1,resistant
atgggttagagtgtta_c.r1,sensitive
atgggttaggtagcac_t320.a.r1,resistant
atgggttaggtgatcg_t320.a.r1,resistant
atgggttcatacgcat_t320.a.r1,resistant
atgggtttcggagatg_c.r1,sensitive
atggttgcaagctcta_c.r1,sensitive
atggttgcagaacttc_t320.a.r1,resistant
atggttggtacaacgg_c.r1,sensitive
atggttgtctctcaat_c.r1,sensitive
atgtcccagatcgacg_c.r1,sensitive
atgtccccaccgtcga_t320.a.r1,resistant
atgtccctcggacaag_c.r1,sensitive
atgtcttaggctgtag_c.r1,sensitive
atgtcttagtaagact_t320.a.r1,resistant
atgtcttcagtttcga_t320.a.r1,resistant
atgtcttgtattgacc_c.r1,sensitive
atgtcttgttccaaac_t320.a.r1,resistant
attacctagctacgtt_t320.a.r1,resistant
attacctgtgacctgc_c.r1,sensitive
attacctgtgagtcag_t320.a.r1,resistant
attactcagtcagagc_c.r1,sensitive
attactccaaccgtat_c.r1,sensitive
attactccacccaagc_t320.a.r1,resistant
attactctcgtgctct_c.r1,sensitive
attatccagcgatcga_c.r1,sensitive
attatccagggactgt_c.r1,sensitive
attatccgtcaggcaa_c.r1,sensitive
attatccgtgtcttcc_t320.a.r1,resistant
attatcctccagcctt_t320.a.r1,resistant
attatcctctgcttta_t320.a.r1,resistant
attcactagaagagca_t320.a.r1,resistant
attcactagctgcctg_t320.a.r1,resistant
attcactagttgctgt_t320.a.r1,resistant
attcactcagctacta_t320.a.r1,resistant
attcactcagctatac_c.r1,sensitive
attcactcattgaaga_t320.a.r1,resistant
attcactgttaccttt_c.r1,sensitive
attcacttccgcgagt_t320.a.r1,resistant
attcaggagatcctac_c.r1,sensitive
attcaggaggaaagac_c.r1,sensitive
attcaggcaaaccatc_c.r1,sensitive
attcagggtagagatt_c.r1,sensitive
attcagggtgaatatg_c.r1,sensitive
attcaggtcattgccc_t320.a.r1,resistant
attcatccacaatgct_t320.a.r1,resistant
attcatccacatgact_t320.a.r1,resistant
attcatcgtagcgtag_t320.a.r1,resistant
attcatcgtagctgcc_c.r1,sensitive
attccatagtttgtcg_c.r1,sensitive
attccatgtgtcacat_t320.a.r1,resistant
attccattcaaatagg_t320.a.r1,resistant
attccattccagcctt_t320.a.r1,resistant
attccattcgacctaa_c.r1,sensitive
attccattcgatgcta_t320.a.r1,resistant
attcccgagtggttct_t320.a.r1,resistant
attcccgcactcccta_c.r1,sensitive
attcccggtcggtaag_c.r1,sensitive
attcccggtttccaag_c.r1,sensitive
attcccgtccgcaacg_t320.a.r1,resistant
attcctaaggtctact_t320.a.r1,resistant
attcctaagtgttcca_t320.a.r1,resistant
attcctagtccgtacg_c.r1,sensitive
attcgttaggaggcag_t320.a.r1,resistant
attcgttcaaattgcc_t320.a.r1,resistant
attcgtttcaggcgaa_c.r1,sensitive
attcgtttcatatggc_c.r1,sensitive
attcgtttccgatgta_t320.a.r1,resistant
attcgtttcgtgcgac_t320.a.r1,resistant
attcgtttctagtgac_t320.a.r1,resistant
attctacagaagagca_c.r1,sensitive
attctaccaactcgat_c.r1,sensitive
attctaccagacaata_c.r1,sensitive
attcttgcaacgccca_c.r1,sensitive
attcttgcaagagaga_t320.a.r1,resistant
attcttgcaccctagg_c.r1,sensitive
attcttggtaggaaag_c.r1,sensitive
attcttgtcaatctct_t320.a.r1,resistant
attcttgtcctagagt_c.r1,sensitive
attcttgtctgcttat_t320.a.r1,resistant
attgggtagtatgtag_c.r1,sensitive
attgggtcaaggcaac_t320.a.r1,resistant
attgggtcagggtctc_c.r1,sensitive
attgggtcatgacgag_c.r1,sensitive
attgggtgtccggact_c.r1,sensitive
attgggttctcatttg_t320.a.r1,resistant
attgttcagatgattg_t320.a.r1,resistant
attgttccagagtaat_t320.a.r1,resistant
attgttccagagttgg_t320.a.r1,resistant
attgttccagttgcgc_c.r1,sensitive
attgttctccacgtgg_c.r1,sensitive
atttacccaatcgaaa_c.r1,sensitive
atttaccgtcttacag_t320.a.r1,resistant
atttaccgttctcgtc_t320.a.r1,resistant
atttacctctagacca_t320.a.r1,resistant
atttcacagcgaccct_t320.a.r1,resistant
atttcacaggacgcta_c.r1,sensitive
atttcaccaatatccg_t320.a.r1,resistant
atttcacgtacctaac_t320.a.r1,resistant
atttcacgtgaggcat_t320.a.r1,resistant
atttcacgtgtggtcc_c.r1,sensitive
atttcactcaaccgat_c.r1,sensitive
atttcactccagtgcg_t320.a.r1,resistant
atttcactcctatgga_c.r1,sensitive
atttctgagagcatcg_t320.a.r1,resistant
atttctgcaaacacgg_c.r1,sensitive
atttctggtacccacg_t320.a.r1,resistant
caaagaacaaagctct_c.r1,sensitive
caaagaacaagcaata_c.r1,sensitive
caaagaacagaacttc_t320.a.r1,resistant
caaagaacatccttcg_t320.a.r1,resistant
caaagaagtacagaat_c.r1,sensitive
caaagaagtcactagt_t320.a.r1,resistant
caaagaagtggatcag_t320.a.r1,resistant
caaagaagtgttagct_t320.a.r1,resistant
caaagaatcaccctca_t320.a.r1,resistant
caaagaatcaccttat_c.r1,sensitive
caaagaatctgtcgtc_c.r1,sensitive
caacaacagcctgaag_c.r1,sensitive
caacaacagcctttga_t320.a.r1,resistant
caacaaccagagccct_c.r1,sensitive
caacagtagaggcgga_c.r1,sensitive
caacagtaggtatctc_c.r1,sensitive
caacagtaggtctgga_t320.a.r1,resistant
caaccaacacaagccc_c.r1,sensitive
caaccaacacattctt_c.r1,sensitive
caaccaacagacacag_c.r1,sensitive
caaccaacagctatac_c.r1,sensitive
caaccaatcatcgcaa_c.r1,sensitive
caaccaatcattcatc_c.r1,sensitive
caaccaatcgttcgct_c.r1,sensitive
caaccaatcgttgcct_t320.a.r1,resistant
caacctcagagggcga_c.r1,sensitive
caacctccatgccgac_t320.a.r1,resistant
caacctcgtaggaaag_t320.a.r1,resistant
caacctcgtgacaggt_t320.a.r1,resistant
caacctctcattcatc_t320.a.r1,resistant
caacctctccattgcc_c.r1,sensitive
caacgatagaagatct_t320.a.r1,resistant
caacgatagcgtatgg_c.r1,sensitive
caacgatcaattctct_c.r1,sensitive
caacgatgtagtaagt_t320.a.r1,resistant
caacgatgtcttacag_c.r1,sensitive
caacgatgtttgggag_c.r1,sensitive
caacgattctccgagg_c.r1,sensitive
caacggcagccgatcc_t320.a.r1,resistant
caacggcagtagaatc_c.r1,sensitive
caacggccagctcctt_t320.a.r1,resistant
caacggctcgcacggt_t320.a.r1,resistant
caagactaggccttgc_t320.a.r1,resistant
caagactcaacgggta_c.r1,sensitive
caagactgtatccttt_t320.a.r1,resistant
caagactgtctcgggt_c.r1,sensitive
caagaggcatggaacg_c.r1,sensitive
caagaggtctgcgggt_c.r1,sensitive
caagctaagcctgaag_t320.a.r1,resistant
caagctacaacgcatt_t320.a.r1,resistant
caagctacacgtgaga_t320.a.r1,resistant
caagctatccctatta_c.r1,sensitive
caagctatcttcgacc_t320.a.r1,resistant
caagggaagagtaccg_c.r1,sensitive
caagggagtcgcagtc_c.r1,sensitive
caagggagtgactcta_t320.a.r1,resistant
caagggagtgcatact_t320.a.r1,resistant
caagggagtttagtcg_t320.a.r1,resistant
caagggatctactgag_c.r1,sensitive
caagggatctcccatg_c.r1,sensitive
caagggatctctcttc_c.r1,sensitive
caatcgaaggtaacta_c.r1,sensitive
caatcgagtatcaaga_t320.a.r1,resistant
caatcgagttgcatgt_t320.a.r1,resistant
caatcgatcaagaaac_c.r1,sensitive
caatcgatcctgctac_c.r1,sensitive
caatgacagaaggtag_c.r1,sensitive
caatgacagctagata_c.r1,sensitive
caatgacaggtcacag_t320.a.r1,resistant
caatttcgtcatacca_c.r1,sensitive
caatttcgtgcacaag_t320.a.r1,resistant
caatttctccaaccgg_c.r1,sensitive
caatttctctcatttg_c.r1,sensitive
caatttctcttcccag_t320.a.r1,resistant
cacaacaagtcactac_t320.a.r1,resistant
cacaacatcatggccg_c.r1,sensitive
cacacaacacgtagtt_t320.a.r1,resistant
cacacaagtcgccaca_c.r1,sensitive
cacagatagccattca_t320.a.r1,resistant
cacagatagcttgtgt_c.r1,sensitive
cacagataggctggat_c.r1,sensitive
cacagatagtagtcct_c.r1,sensitive
cacagatcacatgaaa_c.r1,sensitive
cacagatgtaacacct_t320.a.r1,resistant
cacagatgtagaatgt_c.r1,sensitive
cacagatgtgacatct_c.r1,sensitive
cacaggcagcggtagt_t320.a.r1,resistant
cacaggccaaccagag_t320.a.r1,resistant
cacaggccacagtccg_t320.a.r1,resistant
cacaggccataatgag_c.r1,sensitive
cacatgagtcagacga_c.r1,sensitive
caccaaaaggtctttg_c.r1,sensitive
caccaaaaggtgagaa_t320.a.r1,resistant
caccaaacaagcgcaa_c.r1,sensitive
caccaaatcatagcac_c.r1,sensitive
caccgttagaggttta_t320.a.r1,resistant
caccgtttctctaagg_c.r1,sensitive
cacgaatagatcgacg_c.r1,sensitive
cacgaatgtatatgga_c.r1,sensitive
cacgaatgtcgtcata_c.r1,sensitive
cacgaatgttatgtcg_c.r1,sensitive
cacgggtagtaaacac_t320.a.r1,resistant
cacgggtcatcatgac_t320.a.r1,resistant
cacgggtgtatgaagt_c.r1,sensitive
cacgggtgtgttcatg_c.r1,sensitive
cacgggttcagctctc_t320.a.r1,resistant
cacgtggagaacaagg_c.r1,sensitive
cacgtggcaccaattg_c.r1,sensitive
cacgtggtcactttgt_t320.a.r1,resistant
cacgtggtcctcacca_t320.a.r1,resistant
cacgtggtcctgttgc_c.r1,sensitive
cacgttcagctgtgcc_t320.a.r1,resistant
cacgttccatgtttgg_c.r1,sensitive
cacgttcgtttgacac_t320.a.r1,resistant
cactaagagcgacttt_c.r1,sensitive
cactaagcatcgctgg_c.r1,sensitive
cactaaggttaaacag_c.r1,sensitive
cactgaaagagttgcg_c.r1,sensitive
cactgaaagtggtcag_c.r1,sensitive
cactgaagtgttacac_t320.a.r1,resistant
cactgggaggacactg_t320.a.r1,resistant
cactgggcatgactac_c.r1,sensitive
cactggggtactgttg_t320.a.r1,resistant
cactgtcagaaagtct_t320.a.r1,resistant
cactgtccactagagg_t320.a.r1,resistant
cactgtccagggagag_c.r1,sensitive
cactgtcgtccttgtc_c.r1,sensitive
cactgtctctcaaagc_c.r1,sensitive
cacttcgagccagtag_c.r1,sensitive
cacttcgcaaattgga_t320.a.r1,resistant
cacttcgcaaggatgc_c.r1,sensitive
cacttcggtgggtcaa_c.r1,sensitive
cagagccagcgactag_t320.a.r1,resistant
cagagccagcttgtgt_t320.a.r1,resistant
cagagccagtgcaggt_c.r1,sensitive
cagagccagttgggac_c.r1,sensitive
cagagcccacagctta_c.r1,sensitive
cagagccgtcctgaat_c.r1,sensitive
cagagcctcacatcag_t320.a.r1,resistant
cagatacagattagca_t320.a.r1,resistant
cagatacagtaggcca_c.r1,sensitive
cagataccaacgattc_t320.a.r1,resistant
cagatacgtacagtct_c.r1,sensitive
cagatacgttcaggtt_t320.a.r1,resistant
cagatactccagtgcg_c.r1,sensitive
cagatactcgaagaat_c.r1,sensitive
cagatcaaggagagta_t320.a.r1,resistant
cagatcacagtagagc_t320.a.r1,resistant
cagatcagtctcaagt_t320.a.r1,resistant
cagatcagtgtatcca_t320.a.r1,resistant
cagattgagggtcaac_c.r1,sensitive
cagattggtatgcgtt_c.r1,sensitive
cagattggtattcctt_c.r1,sensitive
cagattggttagcgga_c.r1,sensitive
cagcaataggtgcgat_t320.a.r1,resistant
cagcaatgtacaacgg_c.r1,sensitive
cagcaatgtagagtta_c.r1,sensitive
cagcaatgtgtcattg_c.r1,sensitive
cagcacgcaaaggatt_c.r1,sensitive
cagcacgcaccagctg_t320.a.r1,resistant
cagcacgcactctcgt_c.r1,sensitive
cagcacggtgtgtcgc_c.r1,sensitive
cagcagcagctccacg_t320.a.r1,resistant
cagcagccatccttgc_c.r1,sensitive
cagcagccatctcaag_c.r1,sensitive
cagcagcgtacaaagt_c.r1,sensitive
cagcagcgtggacctc_c.r1,sensitive
cagcagctcagagcag_c.r1,sensitive
cagccagcagagttct_t320.a.r1,resistant
cagccaggtacacgtt_c.r1,sensitive
cagccaggtagccctg_c.r1,sensitive
cagccaggtcccggta_c.r1,sensitive
cagccaggtggcttgc_t320.a.r1,resistant
cagccaggttgcatca_c.r1,sensitive
cagccagtcgccagtg_t320.a.r1,resistant
cagcgtgagtagggtc_c.r1,sensitive
cagcgtgagtcactca_c.r1,sensitive
cagcgtggttggaccc_c.r1,sensitive
cagcgtgtcgttccca_t320.a.r1,resistant
caggccaagtgttcca_c.r1,sensitive
caggccacaagagtat_t320.a.r1,resistant
caggccacacggtgct_c.r1,sensitive
caggccagtagcacga_t320.a.r1,resistant
caggccagtattggct_t320.a.r1,resistant
cagggctagactacgg_c.r1,sensitive
cagggctagtgccgaa_t320.a.r1,resistant
cagggctcagagaaag_t320.a.r1,resistant
cagggctgtcactctc_c.r1,sensitive
cagggctgtgcggctt_t320.a.r1,resistant
cagggctgttgcaagg_t320.a.r1,resistant
caggtatcaaaggaga_c.r1,sensitive
caggtatcaagctgtt_c.r1,sensitive
caggtatcacatacgt_c.r1,sensitive
caggtatgtacaaagt_c.r1,sensitive
caggtattccacacaa_c.r1,sensitive
cagtgcggtgcgctca_c.r1,sensitive
cagtgcggtttctatc_c.r1,sensitive
cagttagaggaggcag_c.r1,sensitive
cagttagcaacagata_c.r1,sensitive
cagttaggtaggcaac_t320.a.r1,resistant
cagttaggtccatagt_c.r1,sensitive
cagttagtcagtcagt_t320.a.r1,resistant
cagttagtcatgtcag_t320.a.r1,resistant
cagttagtccacgggt_c.r1,sensitive
cagttagtctgagaaa_c.r1,sensitive
cagttcccaaggcctc_t320.a.r1,resistant
cagttcctcgtaacca_c.r1,sensitive
cataagcagaagcgaa_t320.a.r1,resistant
cataagccatccgata_c.r1,sensitive
cataagcgtttcagac_t320.a.r1,resistant
cataagctcgaacgcc_t320.a.r1,resistant
cataagctcggtcacg_t320.a.r1,resistant
catacagcaggtagtg_c.r1,sensitive
catacaggtagcgagt_c.r1,sensitive
catacaggtatacaga_c.r1,sensitive
catacaggtcgagatg_c.r1,sensitive
catacaggtgtccacg_t320.a.r1,resistant
catacagtcgcgtgca_t320.a.r1,resistant
catacccagacgactg_c.r1,sensitive
catacccgtcactcgg_t320.a.r1,resistant
cataccctccggttct_t320.a.r1,resistant
cataccctcgcggtac_t320.a.r1,resistant
catacttagagcagct_c.r1,sensitive
catacttgttaccttt_t320.a.r1,resistant
catacttgttcgtgcg_t320.a.r1,resistant
catagacagggagaat_c.r1,sensitive
catagaccagcgttta_t320.a.r1,resistant
catagaccatgataga_c.r1,sensitive
catagacgttgaggac_c.r1,sensitive
catcaagaggtcgtga_c.r1,sensitive
catcaagcacatactg_c.r1,sensitive
catcaagcacgtcgtg_c.r1,sensitive
catcaaggtactgagg_t320.a.r1,resistant
catcaaggttgccgca_c.r1,sensitive
catccacagaccacga_c.r1,sensitive
catccacagatacatg_c.r1,sensitive
catccacagctcatac_c.r1,sensitive
catccacagctcgtgc_t320.a.r1,resistant
catccacgtgtgtgtt_t320.a.r1,resistant
catcccaagctagttc_t320.a.r1,resistant
catcccacacgcaaag_c.r1,sensitive
catcccagttgaatcc_c.r1,sensitive
catccgtagattgagt_c.r1,sensitive
catccgtagccggaat_c.r1,sensitive
catccgtagcttagtc_c.r1,sensitive
catccgtcaaaccact_t320.a.r1,resistant
catccgtgttgcatgt_c.r1,sensitive
catccgttccactgaa_c.r1,sensitive
catccgttccgcctat_t320.a.r1,resistant
catccgttctggccag_c.r1,sensitive
catcgctcatggcacc_c.r1,sensitive
catcgctgtaatgatg_t320.a.r1,resistant
catcgctgtcgtcagc_t320.a.r1,resistant
catcgctgttatggtc_t320.a.r1,resistant
catcgcttcaagtctg_c.r1,sensitive
catcgcttctaggccg_t320.a.r1,resistant
catcgggagacagtcg_c.r1,sensitive
catcgggcagtgtatc_c.r1,sensitive
catcggggtacatacc_c.r1,sensitive
catcggggtggtttgt_t320.a.r1,resistant
catcgggtccctcgta_c.r1,sensitive
catcgtcagacggatc_t320.a.r1,resistant
catcgtcagcctctct_t320.a.r1,resistant
catcgtcaggatacgc_c.r1,sensitive
catcgtctctctgcca_c.r1,sensitive
catgagtagactgggt_t320.a.r1,resistant
catgagtagagcagct_c.r1,sensitive
catgagtaggtagacc_t320.a.r1,resistant
catgagttcatgccct_t320.a.r1,resistant
catgcaaagcaccaga_t320.a.r1,resistant
catgcaaagcagcctc_c.r1,sensitive
catgcaaagccaaggt_c.r1,sensitive
catgcaagtatctcga_c.r1,sensitive
catgcaagttacccaa_c.r1,sensitive
catgcaagttaggagc_t320.a.r1,resistant
catgcaatcctcaggg_c.r1,sensitive
catgcaatcggagtga_c.r1,sensitive
catgcctagtcccggt_t320.a.r1,resistant
catgcctagtctagct_c.r1,sensitive
catgcctcacaaagta_t320.a.r1,resistant
catgcctcagagggtt_t320.a.r1,resistant
catgccttcttcacat_c.r1,sensitive
catgcggagggtaatt_c.r1,sensitive
catgcggcaaagctct_t320.a.r1,resistant
catgcggtccgctgtt_c.r1,sensitive
catgctcagcctattg_c.r1,sensitive
catgctccaggaggag_c.r1,sensitive
catgctctccgacata_c.r1,sensitive
catgctctccgtaggc_c.r1,sensitive
catggatcattgaggg_c.r1,sensitive
catggattcttcccag_c.r1,sensitive
catggtacaagtggtg_c.r1,sensitive
catggtagtcacagag_c.r1,sensitive
catggtagtcatccgg_c.r1,sensitive
catggtagttacagct_c.r1,sensitive
catggtatcaccgctt_c.r1,sensitive
catggtatcactactt_t320.a.r1,resistant
catggtatcactccgt_t320.a.r1,resistant
catggtatcggtgaag_t320.a.r1,resistant
cattcatagagttgta_c.r1,sensitive
cattcatagcaacagc_t320.a.r1,resistant
cattcatcacgtgaga_t320.a.r1,resistant
cattcattcacgatac_t320.a.r1,resistant
cattcattccacacct_c.r1,sensitive
cattcattctagcctc_c.r1,sensitive
cattcattcttcccga_t320.a.r1,resistant
cattccgaggacttct_t320.a.r1,resistant
cattccgcacgattca_t320.a.r1,resistant
cattccggtccgtttc_c.r1,sensitive
cattccgtccatagac_c.r1,sensitive
cattccgtccgagctg_c.r1,sensitive
cattccgtcgtcacct_t320.a.r1,resistant
cattctaaggacccaa_t320.a.r1,resistant
cattctaaggattaca_c.r1,sensitive
cattctaagtaacctc_c.r1,sensitive
cattctacaaagctct_t320.a.r1,resistant
cattctacaaccgatt_c.r1,sensitive
cattctacaactccaa_t320.a.r1,resistant
cattctacagcagtcc_t320.a.r1,resistant
cattctagtaggacca_t320.a.r1,resistant
cattctatcaagcttg_t320.a.r1,resistant
cattgagagacatgcg_c.r1,sensitive
cattgagagagtaact_c.r1,sensitive
cattgagaggctgtag_c.r1,sensitive
cattgagcaacggcct_c.r1,sensitive
cattgagcacactggc_c.r1,sensitive
cattgagcattgactg_t320.a.r1,resistant
cattgaggtggcaaca_c.r1,sensitive
cattgccagagagtga_c.r1,sensitive
cattgccagggtcttt_t320.a.r1,resistant
cattgcccacgtcgtg_c.r1,sensitive
cattgcccactacttt_t320.a.r1,resistant
cattgccgtgtaacgg_t320.a.r1,resistant
cattgttagccattca_t320.a.r1,resistant
cattgttagtccctaa_t320.a.r1,resistant
cattgttgtattctct_t320.a.r1,resistant
cattgttgttgtgtac_c.r1,sensitive
catttcaaggtattga_t320.a.r1,resistant
catttcacagctggtc_t320.a.r1,resistant
catttcacattgaggg_t320.a.r1,resistant
catttcagtatcatgc_t320.a.r1,resistant
catttcagttatgtgc_c.r1,sensitive
catttcatcccagcga_t320.a.r1,resistant
ccaagcgagggagttc_t320.a.r1,resistant
ccaagcgcatcttagg_t320.a.r1,resistant
ccaagcgtcggaatgg_c.r1,sensitive
ccaatgaagaacaagg_t320.a.r1,resistant
ccaatgacaagaggct_c.r1,sensitive
ccaatgacatgacccg_t320.a.r1,resistant
ccaatgagtcgaattc_t320.a.r1,resistant
ccaatgagtcgatttg_c.r1,sensitive
ccaatgagtggaacca_c.r1,sensitive
ccaatgatcgaaacaa_c.r1,sensitive
ccaatttagcaaatgt_c.r1,sensitive
ccaatttagcttcgta_t320.a.r1,resistant
ccaatttagggtatat_t320.a.r1,resistant
ccaatttaggttggtg_c.r1,sensitive
ccaatttagtgcaaat_t320.a.r1,resistant
ccaatttcacacggtc_t320.a.r1,resistant
ccaatttcagaagtta_c.r1,sensitive
ccaatttcaggaatat_c.r1,sensitive
ccaatttcaggtttac_t320.a.r1,resistant
ccacaaaagtaagcat_c.r1,sensitive
ccacaaaagtgagcca_c.r1,sensitive
ccacaaaagttagtga_c.r1,sensitive
ccacaaacaattctct_t320.a.r1,resistant
ccacaaacacagcatt_c.r1,sensitive
ccacaaagtccttaag_c.r1,sensitive
ccacaaagtgcaagac_c.r1,sensitive
ccacaaagttatccag_t320.a.r1,resistant
ccacactagatacagt_c.r1,sensitive
ccacactagcaaccag_t320.a.r1,resistant
ccacactagttggacg_c.r1,sensitive
ccacactgtaccggaa_t320.a.r1,resistant
ccacactgtgaagctg_c.r1,sensitive
ccaccatagggcaagg_t320.a.r1,resistant
ccaccatcacattgtg_t320.a.r1,resistant
ccaccattcatctatc_c.r1,sensitive
ccaccattccagcctt_t320.a.r1,resistant
ccaccattcgtcaaac_c.r1,sensitive
ccacgagagcactttg_c.r1,sensitive
ccacgagagggccctt_c.r1,sensitive
ccacgagaggtcactt_t320.a.r1,resistant
ccacgaggtgtcttga_t320.a.r1,resistant
ccacgagtcacgggct_t320.a.r1,resistant
ccacgagtctcgttta_t320.a.r1,resistant
ccacgagtctctgaga_c.r1,sensitive
ccacgttagattagtg_t320.a.r1,resistant
ccacgttagttagaac_c.r1,sensitive
ccacgttcacaacgcc_t320.a.r1,resistant
ccacgttcacatagct_t320.a.r1,resistant
ccacgtttcactccgt_c.r1,sensitive
ccacttgagacgcatg_c.r1,sensitive
ccacttggtacggcaa_c.r1,sensitive
ccacttgtccttatgt_t320.a.r1,resistant
ccataagagctactgt_c.r1,sensitive
ccataagcaatcagct_c.r1,sensitive
ccataagcagctgtgc_t320.a.r1,resistant
ccataagcaggaatcg_t320.a.r1,resistant
ccataagtcgactcct_t320.a.r1,resistant
ccatcacagcgctgaa_t320.a.r1,resistant
ccatcacagcgtctcg_c.r1,sensitive
ccatcacagtcgctat_t320.a.r1,resistant
ccatcacgtcactcgg_t320.a.r1,resistant
ccatcacgtcgcatta_c.r1,sensitive
ccatcacgtggctaga_t320.a.r1,resistant
ccatcactcaggtgtt_c.r1,sensitive
cccaactagacacacg_c.r1,sensitive
cccaactaggttgagc_c.r1,sensitive
cccattgcaagctcta_t320.a.r1,resistant
cccattgcacggtctg_t320.a.r1,resistant
cccattgcagtagttc_t320.a.r1,resistant
cccattgtctcttcaa_t320.a.r1,resistant
cccgaaggttcttcat_c.r1,sensitive
cccgaagtcggctgac_t320.a.r1,resistant
cccggaaagggcttcc_c.r1,sensitive
cccggaaagttgggac_t320.a.r1,resistant
cccggaacacatatcg_c.r1,sensitive
cccggaacataaccca_t320.a.r1,resistant
cccggaacatagctgt_t320.a.r1,resistant
cccggaagtataggat_c.r1,sensitive
ccctcaaagagtccga_c.r1,sensitive
ccctcaaaggttgttc_c.r1,sensitive
ccctcaacatgcgtgc_t320.a.r1,resistant
ccctcaagtattggct_t320.a.r1,resistant
ccctcaagttggctat_c.r1,sensitive
ccctctccactagagg_t320.a.r1,resistant
ccctctctcactcgaa_c.r1,sensitive
ccctctctcggactgc_t320.a.r1,resistant
ccctgatcacgcgcta_t320.a.r1,resistant
ccctgatcagtggctc_c.r1,sensitive
ccctgatgttgagtct_t320.a.r1,resistant
ccctgattcctcacca_c.r1,sensitive
cccttagcaataaccc_c.r1,sensitive
cccttagcacccttgt_t320.a.r1,resistant
cccttagcagctgaga_t320.a.r1,resistant
cccttagcagtagata_t320.a.r1,resistant
ccgaacgagattgtga_t320.a.r1,resistant
ccgaacgcaggacatg_t320.a.r1,resistant
ccgatctaggaacatt_c.r1,sensitive
ccgatctcaagtggca_t320.a.r1,resistant
ccgatctcatggctgc_c.r1,sensitive
ccgatctgtagactgg_c.r1,sensitive
ccgatcttcagacatc_c.r1,sensitive
ccgatggtcaccctgt_t320.a.r1,resistant
ccgcaagagctatctg_c.r1,sensitive
ccgcaagaggtgcatg_t320.a.r1,resistant
ccgcaaggtacccgac_c.r1,sensitive
ccgcaagtcagattgc_t320.a.r1,resistant
ccggacaagcgcacaa_t320.a.r1,resistant
ccggacacaacagata_c.r1,sensitive
ccggacagtcttggta_t320.a.r1,resistant
ccggacagtgtccacg_c.r1,sensitive
ccggacatcatctcta_t320.a.r1,resistant
ccggacatcgttagtg_t320.a.r1,resistant
ccgggtaaggtaagtt_t320.a.r1,resistant
ccgggtacattgtacg_t320.a.r1,resistant
ccgggtatcaaacgaa_t320.a.r1,resistant
ccgggtatccgacata_t320.a.r1,resistant
ccggtagcagccatta_c.r1,sensitive
ccggtagcagttggtt_t320.a.r1,resistant
ccggtaggtccggtgt_c.r1,sensitive
ccggtagtctctctaa_c.r1,sensitive
ccggtgaaggtatctc_t320.a.r1,resistant
ccggtgacacgtcgtg_t320.a.r1,resistant
ccggtgagttcctacc_c.r1,sensitive
ccggtgatcctccaca_t320.a.r1,resistant
ccgtaggcaaatcaga_c.r1,sensitive
ccgtaggcaaatgaac_t320.a.r1,resistant
ccgtagggtatttcct_t320.a.r1,resistant
ccgtagggtgcagtga_t320.a.r1,resistant
ccgtagggttgagtct_c.r1,sensitive
ccgtaggtcttcggtc_c.r1,sensitive
ccgtgagcagactgcc_c.r1,sensitive
ccgtgagcatagctgt_c.r1,sensitive
ccgtgaggtccactct_c.r1,sensitive
ccgtgagtcgccgagt_t320.a.r1,resistant
ccgttcaaggacactg_t320.a.r1,resistant
ccgttcaagtagctct_c.r1,sensitive
ccgttcacactgattg_t320.a.r1,resistant
ccgttcagtacacgtt_c.r1,sensitive
ccgttcatccacaagt_c.r1,sensitive
ccgttcatccacacct_t320.a.r1,resistant
cctaacccaccctgag_c.r1,sensitive
cctaaccgtggatgac_t320.a.r1,resistant
cctaaccgtgtgtcgc_c.r1,sensitive
cctaacctccgtagta_c.r1,sensitive
cctaagaagtggaatt_t320.a.r1,resistant
cctaagatcaaacgtc_c.r1,sensitive
cctaagatccctggtt_t320.a.r1,resistant
cctacgtcagctaccg_c.r1,sensitive
cctacgttccattgga_t320.a.r1,resistant
cctacgttccttgacc_c.r1,sensitive
cctatcgcaccagcgt_t320.a.r1,resistant
cctatcgcactgttcc_t320.a.r1,resistant
cctatcgcagaatgta_t320.a.r1,resistant
cctatcggtgcccaca_t320.a.r1,resistant
cctatcgtccagcaat_t320.a.r1,resistant
cctcaacagctttctt_c.r1,sensitive
cctcaaccagtattcg_t320.a.r1,resistant
cctcaacgtccaagag_c.r1,sensitive
cctcaactcatgaaag_t320.a.r1,resistant
cctcaactctcctgca_c.r1,sensitive
cctcacacaacggctc_t320.a.r1,resistant
cctcacacaagagctg_t320.a.r1,resistant
cctcacacacattcga_t320.a.r1,resistant
cctcacagtatagctc_c.r1,sensitive
cctcacagtgtgatgg_c.r1,sensitive
cctcacagttatccag_t320.a.r1,resistant
cctcacatcgataacc_c.r1,sensitive
cctcagtcaaacaggc_c.r1,sensitive
cctcagtcacccaata_c.r1,sensitive
cctcagtcatgggtcc_c.r1,sensitive
cctcatgcacatgact_t320.a.r1,resistant
cctcatggtattgcca_c.r1,sensitive
cctcatggtgcaataa_c.r1,sensitive
cctcatgtcggcatta_t320.a.r1,resistant
cctccaacagatcatc_c.r1,sensitive
cctccaagtgttcgta_c.r1,sensitive
cctccaatcatcgaca_c.r1,sensitive
cctcctcagcctgacc_t320.a.r1,resistant
cctcctcgtaccggct_t320.a.r1,resistant
cctcctcgttctccac_c.r1,sensitive
cctcctctcgtctacc_c.r1,sensitive
cctctagagtcatggg_c.r1,sensitive
cctctaggtcaggcaa_c.r1,sensitive
cctctccagtcagcga_t320.a.r1,resistant
cctctcccacacggtc_c.r1,sensitive
cctctcccaccctgag_c.r1,sensitive
cctctcccatagctgt_c.r1,sensitive
cctctccgtcgcatcg_c.r1,sensitive
cctgcatcaagctcta_c.r1,sensitive
cctgcatcagacaaat_t320.a.r1,resistant
cctgcattcgacctaa_c.r1,sensitive
cctgcattcggcccaa_t320.a.r1,resistant
cctgttgagcagtacg_c.r1,sensitive
cctgttgcaacgattc_t320.a.r1,resistant
cctgttgcaaggcctc_c.r1,sensitive
cctgttgcacttgagt_c.r1,sensitive
cctgttgcatcccgtt_c.r1,sensitive
cctgttggttcttcat_c.r1,sensitive
cctgttggttgcttga_t320.a.r1,resistant
cctgttgtcgcgctga_c.r1,sensitive
ccttcagaggtcgtcc_c.r1,sensitive
ccttcagagtcaacaa_t320.a.r1,resistant
ccttcagagtcggcaa_t320.a.r1,resistant
ccttcagcaagtacct_t320.a.r1,resistant
ccttcagcaataccca_t320.a.r1,resistant
ccttcagcaggtgtga_t320.a.r1,resistant
ccttcagcagttccaa_t320.a.r1,resistant
ccttcaggtacgtagg_c.r1,sensitive
ccttcaggtaggctcc_c.r1,sensitive
ccttcagtctcaccca_c.r1,sensitive
ccttcagtctcacgaa_c.r1,sensitive
ccttgtgagaatctag_c.r1,sensitive
ccttgtgagatgccga_c.r1,sensitive
ccttgtgagcctgtcg_c.r1,sensitive
ccttgtgaggcgtcct_c.r1,sensitive
ccttgtgaggtattga_c.r1,sensitive
ccttgtggtcatgact_c.r1,sensitive
ccttgtgtcttcacat_t320.a.r1,resistant
cctttggagcattgtc_t320.a.r1,resistant
cctttggcaaagacta_t320.a.r1,resistant
cctttggtcgcttaag_c.r1,sensitive
cgaaggagtccctgtt_c.r1,sensitive
cgaaggagtcctggtg_c.r1,sensitive
cgaagttagatagtgt_c.r1,sensitive
cgaagttagtctgcat_t320.a.r1,resistant
cgaagttcacggcgtt_c.r1,sensitive
cgaagttcacggtaga_c.r1,sensitive
cgaagttcacgtcgtg_c.r1,sensitive
cgaagttcattctccg_c.r1,sensitive
cgaagttgtccacgca_t320.a.r1,resistant
cgaagttgtcgcacgt_c.r1,sensitive
cgaagtttccattgga_t320.a.r1,resistant
cgaagtttccgtggca_c.r1,sensitive
cgaattgagaagctcg_t320.a.r1,resistant
cgaattgcagtcaact_t320.a.r1,resistant
cgaattggtacgacag_c.r1,sensitive
cgaattggtgagatta_c.r1,sensitive
cgacagcaggtcactt_t320.a.r1,resistant
cgacagcagtgacacg_t320.a.r1,resistant
cgacagcagtggttgg_c.r1,sensitive
cgacagccactctaga_c.r1,sensitive
cgacagccagagaatt_c.r1,sensitive
cgacagcgtagcgatg_t320.a.r1,resistant
cgacagcgtcaacgcc_c.r1,sensitive
cgacagcgtgagtcag_t320.a.r1,resistant
cgacagcgttcaaacc_t320.a.r1,resistant
cgacagcgttctccca_t320.a.r1,resistant
cgacagctcttgagca_t320.a.r1,resistant
cgagaagcaataggat_c.r1,sensitive
cgagaagcattgcctc_c.r1,sensitive
cgagaagtcttccacg_c.r1,sensitive
cgaggaaagttggacg_c.r1,sensitive
cgaggaagtgcatttg_t320.a.r1,resistant
cgaggaagtgttacac_c.r1,sensitive
cgaggctcaggtggat_t320.a.r1,resistant
cgaggctgtgccgtac_t320.a.r1,resistant
cgaggcttctcgtcgt_t320.a.r1,resistant
cgagtgcagcggtagt_t320.a.r1,resistant
cgagtgccagtttggt_t320.a.r1,resistant
cgagtgcgtgatactc_c.r1,sensitive
cgagttaagccgatag_t320.a.r1,resistant
cgagttaagtcgtcta_c.r1,sensitive
cgagttacaagtccat_t320.a.r1,resistant
cgagttacagaatgta_t320.a.r1,resistant
cgagttatcacgggaa_c.r1,sensitive
cgagttatcggaatgg_t320.a.r1,resistant
cgatcggagggatctg_t320.a.r1,resistant
cgatcgggtgggcttc_c.r1,sensitive
cgatcgggttaggccc_c.r1,sensitive
cgatcggtccaacaca_t320.a.r1,resistant
cgatcggtcggcatcg_t320.a.r1,resistant
cgatgcgagcatcccg_t320.a.r1,resistant
cgatgcgcacgcttaa_c.r1,sensitive
cgatgcgtcagtccgg_t320.a.r1,resistant
cgatgcgtccatactt_t320.a.r1,resistant
cgatgcgtcggcatat_c.r1,sensitive
cgatggcagaaactca_c.r1,sensitive
cgatggcagggtacgt_c.r1,sensitive
cgatggcagttgctca_t320.a.r1,resistant
cgatggccaacagagc_c.r1,sensitive
cgatggccagcgtacc_c.r1,sensitive
cgatggccatcagcat_c.r1,sensitive
cgatggcgtagcgatg_c.r1,sensitive
cgcaggtagccgttgc_t320.a.r1,resistant
cgcaggtcactacagt_t320.a.r1,resistant
cgcaggttcaacacca_c.r1,sensitive
cgcaggttcactcacc_c.r1,sensitive
cgcaggttcatggtac_t320.a.r1,resistant
cgcaggttcctctctt_c.r1,sensitive
cgcataacatagatga_c.r1,sensitive
cgcataagtccactct_t320.a.r1,resistant
cgcataatctgcctgt_c.r1,sensitive
cgcatggagagttgcg_t320.a.r1,resistant
cgcatggagcgagtac_c.r1,sensitive
cgcatggaggcccgtt_t320.a.r1,resistant
cgcatggcagaccaga_c.r1,sensitive
cgcatggcagcgcttg_t320.a.r1,resistant
cgcatgggttggatct_c.r1,sensitive
cgccagaagaacgtgc_t320.a.r1,resistant
cgccagaagacagcgt_c.r1,sensitive
cgccagaagttccagt_c.r1,sensitive
cgccagacaacgcatt_t320.a.r1,resistant
cgccagagtactggga_c.r1,sensitive
cgccattgtccagcgt_c.r1,sensitive
cgccattgtcctgtct_t320.a.r1,resistant
cgccatttcgactcct_t320.a.r1,resistant
cgcgtgaagagcctga_t320.a.r1,resistant
cgcgtgaagccgtcgt_t320.a.r1,resistant
cgcgtgacagactcta_t320.a.r1,resistant
cgcgtgacattcttca_t320.a.r1,resistant
cgcgtgagtctctcca_c.r1,sensitive
cggaacctcgtgcgac_t320.a.r1,resistant
cggaacctctttgcgc_t320.a.r1,resistant
cggaattcaaattgga_t320.a.r1,resistant
cggaattcagaccaga_c.r1,sensitive
cggaattgtacggttt_c.r1,sensitive
cggaatttcggttgta_t320.a.r1,resistant
cggacacgtacgtgtt_c.r1,sensitive
cggacactcgttaccc_c.r1,sensitive
cggagaagtgtgatgg_t320.a.r1,resistant
cggagaatcctagagt_c.r1,sensitive
cggcagtagtcgccca_c.r1,sensitive
cggcagtcaagccatt_t320.a.r1,resistant
cggcagtcaagtatag_t320.a.r1,resistant
cggcagtcaccgaatt_c.r1,sensitive
cggcagtcaggtttac_t320.a.r1,resistant
cggcagtgtatcacgt_c.r1,sensitive
cggcagtgtgtgatgg_t320.a.r1,resistant
cgggactcaaaccgga_t320.a.r1,resistant
cgggactgtcattccc_c.r1,sensitive
cgggacttcaggtaaa_c.r1,sensitive
cgggcatcattaaagg_t320.a.r1,resistant
cgggcatgtgcgacaa_t320.a.r1,resistant
cgggcattccgtggtg_c.r1,sensitive
cgggtcagtcgcatcg_t320.a.r1,resistant
cgggtcatcggtagag_c.r1,sensitive
cgggtcatcgttcaga_t320.a.r1,resistant
cgggtgtcacaaagcg_c.r1,sensitive
cgggtgtcagtcgaga_t320.a.r1,resistant
cgggtgtcatgatgct_c.r1,sensitive
cgggtgtgtactccct_t320.a.r1,resistant
cgggtgttcacttgtt_c.r1,sensitive
cggtcagagacgtccc_c.r1,sensitive
cggtcagagtctctga_c.r1,sensitive
cgtaagtagcatcagg_t320.a.r1,resistant
cgtaagtaggtaggct_c.r1,sensitive
cgtaagtgtctcaggc_c.r1,sensitive
cgtaagttccgtaggc_t320.a.r1,resistant
cgtaatggtggcatcc_c.r1,sensitive
cgtaatggttagagta_c.r1,sensitive
cgtagtaagagttgat_t320.a.r1,resistant
cgtagtaagtggcctc_c.r1,sensitive
cgtagtaagttatgga_c.r1,sensitive
cgtagtacaaccctaa_t320.a.r1,resistant
cgtagtacatgccggt_c.r1,sensitive
cgtagtagtgtccata_c.r1,sensitive
cgtcaaaagaattgtg_t320.a.r1,resistant
cgtcaaaaggcactag_t320.a.r1,resistant
cgtcaaaagtcttccc_t320.a.r1,resistant
cgtcaaacaacaagta_t320.a.r1,resistant
cgtcaaacaactgtgt_t320.a.r1,resistant
cgtccatagactacgg_c.r1,sensitive
cgtccatagtcgccca_t320.a.r1,resistant
cgtccatagtggcctc_t320.a.r1,resistant
cgtccatcaccactgg_c.r1,sensitive
cgtccatcatagatga_t320.a.r1,resistant
cgtgaatagaatgttg_c.r1,sensitive
cgtgataagaaacact_t320.a.r1,resistant
cgtgatacagggcttc_t320.a.r1,resistant
cgtgatacatggtgga_c.r1,sensitive
cgtgatagtcgtacta_c.r1,sensitive
cgtgatagttatccag_c.r1,sensitive
cgtgcttagatgcgac_c.r1,sensitive
cgtgcttcacccgtag_t320.a.r1,resistant
cgtgcttgtcgcatgc_t320.a.r1,resistant
cgtgcttgttcttcat_c.r1,sensitive
cgtgcttgttgtagct_c.r1,sensitive
cgtgctttcagctgta_t320.a.r1,resistant
cgtgtctagagccgta_c.r1,sensitive
cgtgtctaggtcactt_c.r1,sensitive
cgtgtctagttacggg_t320.a.r1,resistant
cgtgtcttcccgaata_c.r1,sensitive
cgttagacaaaggcgt_t320.a.r1,resistant
cgttagacatacgcat_c.r1,sensitive
cgttagatctaacacg_c.r1,sensitive
cgttctgagatggtat_t320.a.r1,resistant
cgttctgaggaagtag_c.r1,sensitive
cgttctgcaacgactt_c.r1,sensitive
cgttctgcacatacgt_c.r1,sensitive
cgttctggtgagacca_c.r1,sensitive
cgttctggtgtacgcc_c.r1,sensitive
cgttctgtccatcaga_t320.a.r1,resistant
cgttctgtctgtgctc_t320.a.r1,resistant
cgttgggagaagtgtt_c.r1,sensitive
cgttgggcatctcgtc_c.r1,sensitive
cgttggggtacagcga_c.r1,sensitive
cgttggggtgctctct_c.r1,sensitive
cgttgggtccacagcg_t320.a.r1,resistant
cgttgggtcctagagt_c.r1,sensitive
ctaacccagacccgct_c.r1,sensitive
ctaacccagtgcgaca_t320.a.r1,resistant
ctaaccccaggttccg_c.r1,sensitive
ctaacccgtacgtagg_c.r1,sensitive
ctaaccctcgttgcct_t320.a.r1,resistant
ctaagtgagaccagac_t320.a.r1,resistant
ctaagtgagcggtaac_c.r1,sensitive
ctaagtgaggcctgct_t320.a.r1,resistant
ctaagtgtctcatgcc_c.r1,sensitive
ctaagtgtctccgcat_c.r1,sensitive
ctacagaagagccatg_c.r1,sensitive
ctacagaagcggtatg_c.r1,sensitive
ctacagaaggagacct_t320.a.r1,resistant
ctacagagtagacaat_t320.a.r1,resistant
ctacagagtattgacc_c.r1,sensitive
ctacagagtgaatgat_t320.a.r1,resistant
ctacagagtgatggca_t320.a.r1,resistant
ctacagagtgctcttc_c.r1,sensitive
ctacattcacttggcg_c.r1,sensitive
ctacatttcgtgagag_c.r1,sensitive
ctacccaaggactaat_c.r1,sensitive
ctacccagttagtcgt_c.r1,sensitive
ctacccagttctctcg_c.r1,sensitive
ctacccatcactgctc_c.r1,sensitive
ctacccatctgtccgt_c.r1,sensitive
ctacctgagctaatga_t320.a.r1,resistant
ctacctgcaagaaatc_t320.a.r1,resistant
ctacctgcagatttcg_c.r1,sensitive
ctacctgtccacgtct_t320.a.r1,resistant
ctacctgtcccagtgg_c.r1,sensitive
ctacgggcaggctatt_c.r1,sensitive
ctacggggttaggctt_c.r1,sensitive
ctacgggtccgatgta_c.r1,sensitive
ctactatagcatcagg_t320.a.r1,resistant
ctactatagcgtatgg_c.r1,sensitive
ctactatagttgcgcc_t320.a.r1,resistant
ctactatgtcccacga_t320.a.r1,resistant
ctactatgtgctcttc_c.r1,sensitive
ctactatgtttgaacc_c.r1,sensitive
ctagacagtcacttcc_c.r1,sensitive
ctagacagtcgtggtc_t320.a.r1,resistant
ctagacatcggactgc_c.r1,sensitive
ctagacatctagcatg_t320.a.r1,resistant
ctagacatctcaaagc_c.r1,sensitive
ctaggtaagccatttg_t320.a.r1,resistant
ctaggtaagggacagg_t320.a.r1,resistant
ctaggtatccctgttg_c.r1,sensitive
ctataggagaggatcc_c.r1,sensitive
ctataggcacgtacta_c.r1,sensitive
ctataggcagttccaa_t320.a.r1,resistant
ctataggtcaggacag_t320.a.r1,resistant
ctatccgagattagca_c.r1,sensitive
ctatccgcatctgttt_c.r1,sensitive
ctatccggtaaccagg_t320.a.r1,resistant
ctatccggtcatggcc_t320.a.r1,resistant
ctatccggtcctcagg_t320.a.r1,resistant
ctatccgtccacgggt_c.r1,sensitive
ctatctaagactctac_c.r1,sensitive
ctatctaaggaaaggt_c.r1,sensitive
ctatctacaacgtaaa_c.r1,sensitive
ctatctagtcaccttc_t320.a.r1,resistant
ctatctagtccgaaag_c.r1,sensitive
ctatctagtcttgagt_t320.a.r1,resistant
ctatctagtgacagca_c.r1,sensitive
ctatctatcaagcccg_t320.a.r1,resistant
ctatctatcctcacgt_c.r1,sensitive
ctcaaccagacgccct_t320.a.r1,resistant
ctcaaccagactcgag_c.r1,sensitive
ctcaaccgtcctgttc_c.r1,sensitive
ctcaaccgtggtttac_c.r1,sensitive
ctcaaccgttaacaga_c.r1,sensitive
ctcaaccgttctccca_t320.a.r1,resistant
ctcaacctcacgacta_t320.a.r1,resistant
ctcaacctcttacgtt_t320.a.r1,resistant
ctcaagaagccatgcc_c.r1,sensitive
ctcaagacagtgggta_t320.a.r1,resistant
ctcaagatcgacgacc_t320.a.r1,resistant
ctcaagatcgcgatcg_c.r1,sensitive
ctcaagatcgtaacca_c.r1,sensitive
ctcaattagcgccatc_c.r1,sensitive
ctcaattcaagaaact_t320.a.r1,resistant
ctcaattcatctgcgg_c.r1,sensitive
ctcaattgtaggatat_c.r1,sensitive
ctcaattgtcttggta_c.r1,sensitive
ctcaatttccattcgc_t320.a.r1,resistant
ctcaatttccggtagc_t320.a.r1,resistant
ctcaatttctcgggac_c.r1,sensitive
ctcactgaggtagacc_t320.a.r1,resistant
ctcactgagttacggg_c.r1,sensitive
ctcactgcacacctgg_t320.a.r1,resistant
ctcactgcagtcagtt_c.r1,sensitive
ctcactggtcatcggc_c.r1,sensitive
ctcagaaagtcccagc_c.r1,sensitive
ctcagaagtacctatg_t320.a.r1,resistant
ctcagaagttgcaagg_c.r1,sensitive
ctcagaatctactcat_t320.a.r1,resistant
ctcagggcatcatctt_c.r1,sensitive
ctcagtcagcgacatg_c.r1,sensitive
ctcagtcaggtacata_t320.a.r1,resistant
ctcagtcagtactggg_t320.a.r1,resistant
ctcagtcagtagtctc_t320.a.r1,resistant
ctcagtcagtggatat_c.r1,sensitive
ctcagtcgtccggtgt_t320.a.r1,resistant
ctcagtcgtgtcttga_t320.a.r1,resistant
ctcagtctccaatccc_t320.a.r1,resistant
ctcagtctcccgatct_t320.a.r1,resistant
ctcagtctcgccagac_c.r1,sensitive
ctcatcgagatcacct_c.r1,sensitive
ctcatcgcagacaagc_t320.a.r1,resistant
ctcatcggtcataacc_t320.a.r1,resistant
ctcatgccattcaggt_t320.a.r1,resistant
ctcatgcgtacaatag_t320.a.r1,resistant
ctcatgcgtgccttct_c.r1,sensitive
ctcattaagcttctag_c.r1,sensitive
ctcattagtcgttatg_c.r1,sensitive
ctcattatccgcgatg_t320.a.r1,resistant
ctcattatcgatggag_c.r1,sensitive
ctccaacaggctgtag_t320.a.r1,resistant
ctccaaccagcccaca_c.r1,sensitive
ctccaaccatgagata_c.r1,sensitive
ctccaacgttagttcg_c.r1,sensitive
ctccaacgttcaaacc_t320.a.r1,resistant
ctccaacgttgcaact_c.r1,sensitive
ctccaacgtttaagga_c.r1,sensitive
ctccaactcccttggt_t320.a.r1,resistant
ctccaactccgatagt_t320.a.r1,resistant
ctccaactcgagataa_t320.a.r1,resistant
ctccacacacgccaca_t320.a.r1,resistant
ctccacacatggcacc_c.r1,sensitive
ctccacagtctctcac_t320.a.r1,resistant
ctccacagtttgatcg_c.r1,sensitive
ctccacatcaccctgt_t320.a.r1,resistant
ctccacatcagcttcc_c.r1,sensitive
ctccacatccctgttg_c.r1,sensitive
ctccacatccgtacgg_c.r1,sensitive
ctccacatcctctgca_t320.a.r1,resistant
ctccatgagacatcaa_t320.a.r1,resistant
ctccatggtacaaagt_c.r1,sensitive
ctccatggtgagtgac_c.r1,sensitive
ctccatgtccaagcta_c.r1,sensitive
ctcccaacaacgccca_t320.a.r1,resistant
ctcccaagtcacagag_c.r1,sensitive
ctcccaagtgcaacga_c.r1,sensitive
ctcccaagtggatcag_t320.a.r1,resistant
ctcccaagtggcttat_c.r1,sensitive
ctcccaatctcgtcac_c.r1,sensitive
ctccctcagtcgtcta_t320.a.r1,resistant
ctccctccaatacaga_t320.a.r1,resistant
ctccctccacgctata_t320.a.r1,resistant
ctccctcgtatcatgc_c.r1,sensitive
ctccctcgttacactg_t320.a.r1,resistant
ctccctctccgaagga_c.r1,sensitive
ctccgatagatcgacg_c.r1,sensitive
ctccgatagtggtggt_c.r1,sensitive
ctccgatcaccaaatc_c.r1,sensitive
ctccgatgtacgctta_c.r1,sensitive
ctccgatgtgtatacc_c.r1,sensitive
ctccgattcgttcatt_t320.a.r1,resistant
ctcctcccatctgcgg_t320.a.r1,resistant
ctcctcctccgagatt_c.r1,sensitive
ctcctttagcgaccct_c.r1,sensitive
ctcctttagtagatca_t320.a.r1,resistant
ctcctttagttgaagt_c.r1,sensitive
ctcctttcagatccat_c.r1,sensitive
ctcgaggagattcgct_t320.a.r1,resistant
ctcgagggtatttctc_c.r1,sensitive
ctcgagggttattcct_t320.a.r1,resistant
ctcgaggtcaccttgc_c.r1,sensitive
ctcgaggtctggacta_t320.a.r1,resistant
ctctcagaggctaacg_c.r1,sensitive
ctctcagtcgctccta_t320.a.r1,resistant
ctctcgacaatagagt_c.r1,sensitive
ctctcgatcgtggaag_t320.a.r1,resistant
ctctggtagaccagca_t320.a.r1,resistant
ctctggtagagtcagc_t320.a.r1,resistant
ctctggtaggcactcc_c.r1,sensitive
ctctggtgtgcagtga_c.r1,sensitive
ctctggttcagagcag_c.r1,sensitive
ctctggttccatccgt_t320.a.r1,resistant
ctctggttcgtgggaa_t320.a.r1,resistant
ctctggttctgctctg_t320.a.r1,resistant
ctgaatggtacaggtg_c.r1,sensitive
ctgaatggtgcctttc_t320.a.r1,resistant
ctgagcgagcactcgc_t320.a.r1,resistant
ctgagcgagctcttcc_t320.a.r1,resistant
ctgagcgcacacctgg_t320.a.r1,resistant
ctgagcgcagtcaact_t320.a.r1,resistant
ctgagcgcatcttagg_c.r1,sensitive
ctgagcggtacggatg_c.r1,sensitive
ctgagcggttccgcga_t320.a.r1,resistant
ctgaggcaggtggttg_t320.a.r1,resistant
ctgaggcgttcggacc_t320.a.r1,resistant
ctgatccagcacacag_c.r1,sensitive
ctgatccagtggaaag_c.r1,sensitive
ctgatccgtagctcgc_c.r1,sensitive
ctgatccgtagtccta_t320.a.r1,resistant
ctgatccgtgagtttc_t320.a.r1,resistant
ctgatcctctcttcaa_t320.a.r1,resistant
ctgcaggcaactgcta_t320.a.r1,resistant
ctgcagggttcggtat_t320.a.r1,resistant
ctgcatccaatgggtg_c.r1,sensitive
ctgcatccagctgtgc_c.r1,sensitive
ctgcatcgtttacacg_c.r1,sensitive
ctgcatctccatactt_c.r1,sensitive
ctgccatagcctgacc_c.r1,sensitive
ctgccatcactccttg_t320.a.r1,resistant
ctgccatcagaccgct_t320.a.r1,resistant
ctgcctaaggatcata_c.r1,sensitive
ctgcctacacaaatcc_c.r1,sensitive
ctgcctacacggctac_c.r1,sensitive
ctgcctagtagctcgc_t320.a.r1,resistant
ctgcctatccgagatt_t320.a.r1,resistant
ctgcgagagcatcttg_c.r1,sensitive
ctgcgagagtaagagg_t320.a.r1,resistant
ctgcgagagtaggaag_c.r1,sensitive
ctgctcacacttctcg_t320.a.r1,resistant
ctgctcagtcccggta_c.r1,sensitive
ctggacgcaatcacgt_t320.a.r1,resistant
ctggacgtcttggtga_t320.a.r1,resistant
ctggcagagtatctgc_c.r1,sensitive
ctggcagcaagtgcag_c.r1,sensitive
ctggcaggtgtcatca_t320.a.r1,resistant
ctggcaggttaacaga_c.r1,sensitive
ctggcagtcagtggga_c.r1,sensitive
ctggcagtcattggtg_c.r1,sensitive
ctggtctaggctagca_c.r1,sensitive
ctggtctagttctctt_t320.a.r1,resistant
ctggtctcatagtcgt_c.r1,sensitive
ctggtctcatgatgct_t320.a.r1,resistant
ctggtctgtctaatcg_c.r1,sensitive
ctgtaccagcacacag_c.r1,sensitive
ctgtacccatcggtta_t320.a.r1,resistant
ctgtacccattgcctc_c.r1,sensitive
ctgtaccgtgtgctta_t320.a.r1,resistant
ctgtacctcatgcagt_c.r1,sensitive
ctgtacctcggctggt_c.r1,sensitive
ctgtacctctagtgac_t320.a.r1,resistant
ctgtagaagctcacta_t320.a.r1,resistant
ctgtagacacgatagg_c.r1,sensitive
ctgtagagtgttcgat_t320.a.r1,resistant
ctgtattagccgttgc_c.r1,sensitive
ctgtattagctggtga_t320.a.r1,resistant
ctgtattcaagaatgt_c.r1,sensitive
ctgtattcagatccta_t320.a.r1,resistant
ctgtattgtgagtaat_c.r1,sensitive
ctgtatttcactagca_t320.a.r1,resistant
ctgtcgtcaaggcaac_t320.a.r1,resistant
ctgtcgtcacgttggc_c.r1,sensitive
ctgtcgttcaaaggat_c.r1,sensitive
ctgtcgttcgctacaa_t320.a.r1,resistant
ctgtgaacattgaggg_t320.a.r1,resistant
ctgtgaagttcttcat_t320.a.r1,resistant
ctgtgaatcgtgctct_t320.a.r1,resistant
ctgtgggaggaatgtt_t320.a.r1,resistant
ctgtgggtcatttgtc_c.r1,sensitive
cttaccgagaccctta_t320.a.r1,resistant
cttaccgcaaagaact_c.r1,sensitive
cttaccggttctcaga_t320.a.r1,resistant
cttaggaagttctctt_t320.a.r1,resistant
cttaggacattaggaa_c.r1,sensitive
cttaggatcggtaagg_t320.a.r1,resistant
cttcaatagctcttcc_t320.a.r1,resistant
cttcaataggaacatt_c.r1,sensitive
cttcaataggttccat_c.r1,sensitive
cttcaatagtatgcaa_c.r1,sensitive
cttcaatcaaccacgc_t320.a.r1,resistant
cttcaatcacattctt_t320.a.r1,resistant
cttcaatcaccaacat_c.r1,sensitive
cttcaatgtttccaag_c.r1,sensitive
cttccgaaggaatcgc_c.r1,sensitive
cttccgagtctatgac_t320.a.r1,resistant
cttccgatcaaagaca_t320.a.r1,resistant
cttccgatcttaaggc_c.r1,sensitive
cttccttagattagtg_t320.a.r1,resistant
cttccttaggctagca_t320.a.r1,resistant
cttccttcaggcattt_t320.a.r1,resistant
cttccttgtcggtacc_t320.a.r1,resistant
cttcctttcaaaggat_t320.a.r1,resistant
cttcctttcactgaac_t320.a.r1,resistant
cttcctttcatgcggc_t320.a.r1,resistant
cttcggtagtggcctc_t320.a.r1,resistant
cttcggtcaggcattt_t320.a.r1,resistant
cttcggtgtgcacgct_t320.a.r1,resistant
cttcggtgtgcctaat_t320.a.r1,resistant
cttcggttcagtgcgc_c.r1,sensitive
cttcggttcccgatct_t320.a.r1,resistant
cttcggttctcgacgg_c.r1,sensitive
cttctaaaggttcagg_t320.a.r1,resistant
cttctaagtgttaaag_t320.a.r1,resistant
cttctaatcctaacag_t320.a.r1,resistant
cttctaatcgacgacc_c.r1,sensitive
cttctctgtgaccgaa_t320.a.r1,resistant
cttctcttctcgtcac_t320.a.r1,resistant
cttgagaagatcgccc_c.r1,sensitive
cttgagacatgtcagt_t320.a.r1,resistant
cttgagagtacgtgtt_t320.a.r1,resistant
cttgagatcctgttat_t320.a.r1,resistant
cttgagatctctagga_c.r1,sensitive
cttgagatctgggtcg_c.r1,sensitive
cttgattcatcggatt_t320.a.r1,resistant
cttgattgtcgactta_c.r1,sensitive
cttgatttctggctgg_t320.a.r1,resistant
ctttcaacaatcgaaa_t320.a.r1,resistant
ctttcaagttgcttga_c.r1,sensitive
ctttcaatcttggatg_c.r1,sensitive
ctttcggagaatcgcg_t320.a.r1,resistant
ctttcggagcgaggag_c.r1,sensitive
ctttcggagttgctgt_c.r1,sensitive
ctttcggcactctgct_c.r1,sensitive
ctttcggtcgcaattg_c.r1,sensitive
gaaacctagaacgtgc_c.r1,sensitive
gaaacctagacgtccc_c.r1,sensitive
gaaacctcactagtac_c.r1,sensitive
gaaacctcagcgtaga_t320.a.r1,resistant
gaaaccttcctaccac_c.r1,sensitive
gaaatgaagactacct_t320.a.r1,resistant
gaaatgacatgggaac_t320.a.r1,resistant
gaaatgagttggagac_c.r1,sensitive
gaaatgatcaaggctt_c.r1,sensitive
gaacactagaagcctg_t320.a.r1,resistant
gaacactaggcttccg_t320.a.r1,resistant
gaacactagttcgcat_c.r1,sensitive
gaacactcataccaca_c.r1,sensitive
gaacactgtccaggtc_c.r1,sensitive
gaacgttagacttcac_t320.a.r1,resistant
gaacgttaggatgcgt_c.r1,sensitive
gaacgttcacgatagg_c.r1,sensitive
gaacgttcaggcgaat_t320.a.r1,resistant
gaacgttgtagggtac_c.r1,sensitive
gaacgtttcaccacaa_t320.a.r1,resistant
gaacgtttcccttccc_c.r1,sensitive
gaacgtttccgtaggc_t320.a.r1,resistant
gaactgtagcgatcga_c.r1,sensitive
gaactgtcaatggcag_t320.a.r1,resistant
gaactgtcaccgctag_c.r1,sensitive
gaactgttcagtgcgc_c.r1,sensitive
gaactgttctgcccta_c.r1,sensitive
gaagaatcaaactgct_c.r1,sensitive
gaagaatcaactggtt_c.r1,sensitive
gaagaatcaagatcct_t320.a.r1,resistant
gaagaattcctgctac_c.r1,sensitive
gaagaattctcaaccc_c.r1,sensitive
gaagcccgtagcgtcc_t320.a.r1,resistant
gaagcgacaagtatcc_t320.a.r1,resistant
gaagcgatctgtgcaa_t320.a.r1,resistant
gaaggacagggatcgt_c.r1,sensitive
gaaggaccacctatcc_t320.a.r1,resistant
gaaggaccatgcagga_t320.a.r1,resistant
gaaggactcctctttc_t320.a.r1,resistant
gaaggactctaggccg_c.r1,sensitive
gaagggtcaccctcta_c.r1,sensitive
gaagggtcagcgtaga_t320.a.r1,resistant
gaagggtgtagcgtcc_c.r1,sensitive
gaagggtgtctacgat_c.r1,sensitive
gaagggtgtgtaacgg_t320.a.r1,resistant
gaagggtgttcggtat_c.r1,sensitive
gaagggttctgagaaa_t320.a.r1,resistant
gaagtaacatgggaac_c.r1,sensitive
gaagtaagtcgactgc_c.r1,sensitive
gaagtaagtgcacaag_c.r1,sensitive
gaagtaagttgggatg_c.r1,sensitive
gaagtaatcattgcga_t320.a.r1,resistant
gaagtaatccggcaac_c.r1,sensitive
gaagtaatcgtccttg_t320.a.r1,resistant
gaatagacagctgtgc_t320.a.r1,resistant
gaatagacatcggatt_c.r1,sensitive
gaatagagttctccac_c.r1,sensitive
gaatagatcaacacgt_t320.a.r1,resistant
gaatagatccctcgta_t320.a.r1,resistant
gaatcacagatcccat_t320.a.r1,resistant
gaatcaccaattgaga_t320.a.r1,resistant
gaatcactcacacgat_c.r1,sensitive
gaatcgtaggtacctt_t320.a.r1,resistant
gaatcgtcagaggact_c.r1,sensitive
gaatcgtgtacactca_t320.a.r1,resistant
gaatcgtgtacttgtg_c.r1,sensitive
gacacgccaattagga_c.r1,sensitive
gacacgcgtactgagg_t320.a.r1,resistant
gacacgcgttggtagg_t320.a.r1,resistant
gacacgctcctcatat_t320.a.r1,resistant
gacagcctcggtcata_t320.a.r1,resistant
gacatcaagggtcaca_c.r1,sensitive
gacatcaagttagtga_c.r1,sensitive
gacatcaagttggctt_c.r1,sensitive
gacatcacaacagata_c.r1,sensitive
gacatcagtctgtgta_c.r1,sensitive
gacatcatcctctcga_c.r1,sensitive
gacatcatcgctctca_t320.a.r1,resistant
gacatcatctgctgaa_c.r1,sensitive
gaccaatagtataacg_t320.a.r1,resistant
gaccaatcattcatct_c.r1,sensitive
gaccaatgtcattccc_t320.a.r1,resistant
gaccaatgttcatctt_c.r1,sensitive
gaccaattcccaagcg_c.r1,sensitive
gacccagagtcgccca_c.r1,sensitive
gacccagcagtctctc_c.r1,sensitive
gacccagcatgagggt_c.r1,sensitive
gacccaggtaccagag_c.r1,sensitive
gacccaggtccgcagt_c.r1,sensitive
gacccagtcgatgcta_c.r1,sensitive
gacccagtcgctgtct_t320.a.r1,resistant
gacccagtctgaacgt_c.r1,sensitive
gacccttaggccgctt_t320.a.r1,resistant
gacccttagtgggaaa_t320.a.r1,resistant
gacccttcaccatatg_c.r1,sensitive
gacccttgtcttactt_t320.a.r1,resistant
gacccttgtgtgtccg_c.r1,sensitive
gaccctttccatatgg_c.r1,sensitive
gaccctttcttacgga_c.r1,sensitive
gaccttcgtcacgacc_c.r1,sensitive
gaccttcgtgaagcgt_t320.a.r1,resistant
gaccttcgtgatggca_c.r1,sensitive
gaccttcgtgtgagca_c.r1,sensitive
gacgctgcatgggaac_c.r1,sensitive
gacgctgtcctatttg_t320.a.r1,resistant
gacgttacaggtccca_c.r1,sensitive
gacgttacatgacact_c.r1,sensitive
gacgttacatgggaac_t320.a.r1,resistant
gacgttatcgatccaa_c.r1,sensitive
gactatgagcctgaga_c.r1,sensitive
gactatgcaagcccac_c.r1,sensitive
gactatgcaccctgag_t320.a.r1,resistant
gactatgcagaaatca_t320.a.r1,resistant
gactatgtcctaccgt_c.r1,sensitive
gactatgtctgcccta_c.r1,sensitive
gactcaaagcataggc_t320.a.r1,resistant
gactcaacaaccctaa_t320.a.r1,resistant
gactcaacactatccc_c.r1,sensitive
gactcaacagggttga_t320.a.r1,resistant
gactcaacagtcagcc_t320.a.r1,resistant
gactcaagtccgacgt_c.r1,sensitive
gactcaagtcctatag_t320.a.r1,resistant
gactcaagttcagcta_c.r1,sensitive
gactcaatcgtgttcc_t320.a.r1,resistant
gactctcagctaaaca_c.r1,sensitive
gactctccaacatacc_t320.a.r1,resistant
gactctccagacaata_c.r1,sensitive
gactctcgtagcgttt_c.r1,sensitive
gactctcgttctccac_c.r1,sensitive
gactctctcgcatagt_t320.a.r1,resistant
gactgatgtgccgttg_c.r1,sensitive
gactgattcggtaact_c.r1,sensitive
gactgattctacctta_t320.a.r1,resistant
gacttcccacgtcata_c.r1,sensitive
gacttcccaggcctgt_t320.a.r1,resistant
gagaaatcacagctgc_c.r1,sensitive
gagaaatgtaggatat_t320.a.r1,resistant
gagacccagcgagaaa_c.r1,sensitive
gagaccccactacagt_t320.a.r1,resistant
gagaccccactagtac_c.r1,sensitive
gagaccccatggaacg_c.r1,sensitive
gagaccccattgcttt_t320.a.r1,resistant
gagacccgtgagtcag_t320.a.r1,resistant
gagaccctcatctact_c.r1,sensitive
gagaccctcgtagtgt_c.r1,sensitive
gagaccctctttacac_c.r1,sensitive
gagacttaggccactc_t320.a.r1,resistant
gagacttaggttggtg_t320.a.r1,resistant
gagacttcaggacatg_c.r1,sensitive
gagacttcatagaaac_c.r1,sensitive
gagacttgtggcgtaa_c.r1,sensitive
gagacttgtttactgg_c.r1,sensitive
gagactttcattggtg_c.r1,sensitive
gagactttccacgaat_t320.a.r1,resistant
gagaggtagatgggct_c.r1,sensitive
gagaggtcacagtcgc_t320.a.r1,resistant
gagaggtgtgtcctaa_c.r1,sensitive
gagaggttcgctacgg_t320.a.r1,resistant
gagaggttcttctcaa_t320.a.r1,resistant
gagatggagtgagtta_t320.a.r1,resistant
gagatggcaaatccca_t320.a.r1,resistant
gagatggtccgtgggt_t320.a.r1,resistant
gagcctgagcagtaat_t320.a.r1,resistant
gagcctgagcggtagt_t320.a.r1,resistant
gagcctgaggttatag_c.r1,sensitive
gagcctgcacgtagag_t320.a.r1,resistant
gagcctggtggatcag_t320.a.r1,resistant
gagcctggttaacaga_c.r1,sensitive
gagctgcagtcgccca_c.r1,sensitive
gagctgctccatctcg_c.r1,sensitive
gaggcaaaggctaaat_t320.a.r1,resistant
gaggcaaagtcgaata_c.r1,sensitive
gaggcaatcgctctca_c.r1,sensitive
gaggcaatcgttgcct_c.r1,sensitive
gaggcctagaaactgt_c.r1,sensitive
gaggcctaggcactag_c.r1,sensitive
gaggccttcttagttc_c.r1,sensitive
gagggatagacgtccc_c.r1,sensitive
gagggatagccgattt_t320.a.r1,resistant
gagggatcaatctctt_t320.a.r1,resistant
gagggatcaggttccg_c.r1,sensitive
gagggatgtaacgata_c.r1,sensitive
gagggatgtcatctag_t320.a.r1,resistant
gagggatgttgccgac_t320.a.r1,resistant
gagggattcgttagtg_c.r1,sensitive
gagtcatgtaagaccg_t320.a.r1,resistant
gagtcattctctatac_c.r1,sensitive
gagtctaagtcataga_t320.a.r1,resistant
gagtctacatcgagcc_t320.a.r1,resistant
gagtctagtcgcacac_c.r1,sensitive
gagtctagtgatgaat_t320.a.r1,resistant
gagtctagttgtctag_c.r1,sensitive
gagtctatcatcgaca_c.r1,sensitive
gagtgaggtacgtact_t320.a.r1,resistant
gagtgaggtgacagca_c.r1,sensitive
gagtgagtcggtgtat_t320.a.r1,resistant
gagtgagtctgcggac_c.r1,sensitive
gagtgttagccatgcc_t320.a.r1,resistant
gagtgttagccgtaag_c.r1,sensitive
gagtgttagtgctact_t320.a.r1,resistant
gagtgttgtaactgct_c.r1,sensitive
gagtgttgtggatcag_c.r1,sensitive
gagtgttgtgggagag_t320.a.r1,resistant
gagttacagagctgca_c.r1,sensitive
gagttacagattaccc_c.r1,sensitive
gagttacagcatactc_c.r1,sensitive
gagttacagtgcactt_c.r1,sensitive
gagttacgtatcgtac_t320.a.r1,resistant
gagttacgtgatggca_c.r1,sensitive
gagttacgttgatcgt_c.r1,sensitive
gagttacgttgcatac_c.r1,sensitive
gagttgtagcgaatgc_c.r1,sensitive
gagttgtcagtctaca_c.r1,sensitive
gagttgtgtcacttcc_t320.a.r1,resistant
gagttgttcacacgat_t320.a.r1,resistant
gagttgttcgctcatc_t320.a.r1,resistant
gagtttgcaggctctg_c.r1,sensitive
gatagaaagatgttga_t320.a.r1,resistant
gatagaagtaatcaag_t320.a.r1,resistant
gatagaagtattgcca_t320.a.r1,resistant
gatagaagtcagtcgc_t320.a.r1,resistant
gatagaagtgagaggg_t320.a.r1,resistant
gatagaatctcagtcc_c.r1,sensitive
gatagctagacgccaa_t320.a.r1,resistant
gatagctcacaagtgg_t320.a.r1,resistant
gatagctcaggcaatg_c.r1,sensitive
gatagctgtactagct_c.r1,sensitive
gatagctgtgaatgta_t320.a.r1,resistant
gatcacaagagcaacc_c.r1,sensitive
gatcacaagtcctaca_t320.a.r1,resistant
gatcacacatgtaacc_c.r1,sensitive
gatcacagtgccgtac_c.r1,sensitive
gatcacagttagggtg_t320.a.r1,resistant
gatcacatcgttgttt_c.r1,sensitive
gatcagtagaggttat_t320.a.r1,resistant
gatcagtagtaattgg_c.r1,sensitive
gatcagtagtttcggt_c.r1,sensitive
gatcagtcaagtcatc_c.r1,sensitive
gatcagttcagacatc_c.r1,sensitive
gatcagttctgcccta_c.r1,sensitive
gatcatgcattctcta_t320.a.r1,resistant
gatcatgtcaaccgat_t320.a.r1,resistant
gatcatgtcctgatag_c.r1,sensitive
gatccctaggagtatt_c.r1,sensitive
gatccctagggatcgt_t320.a.r1,resistant
gatccctcaagaaatc_t320.a.r1,resistant
gatccctcaatccagt_t320.a.r1,resistant
gatccctgtgcttcaa_c.r1,sensitive
gatccctgtttgttct_t320.a.r1,resistant
gatcgtacaagctcta_c.r1,sensitive
gatcgtacacggatcc_t320.a.r1,resistant
gatcgtatccgtgtaa_c.r1,sensitive
gatcgtatcttgattc_t320.a.r1,resistant
gatgactagcgggtat_c.r1,sensitive
gatgactcaagtttgc_c.r1,sensitive
gatgactgtcaccctt_c.r1,sensitive
gatgacttcaagatag_t320.a.r1,resistant
gatgacttccttcgac_c.r1,sensitive
gatgacttctgaacgt_t320.a.r1,resistant
gatgacttcttagccc_t320.a.r1,resistant
gatgaggagagtcttc_c.r1,sensitive
gatgaggagctcagag_t320.a.r1,resistant
gatgaggagggaacaa_c.r1,sensitive
gatgaggagtcccagc_c.r1,sensitive
gatgaggcaccacata_c.r1,sensitive
gatgaggcagcgtatt_c.r1,sensitive
gatgaggcatgggcaa_c.r1,sensitive
gatgaggtcaatcggt_t320.a.r1,resistant
gatgaggtccgtgacg_t320.a.r1,resistant
gatgaggtctcctgac_t320.a.r1,resistant
gatgatcagattcgaa_c.r1,sensitive
gatgatcagtttcggt_c.r1,sensitive
gatgatctcacgggaa_t320.a.r1,resistant
gatgatctcactccgt_t320.a.r1,resistant
gatgatctcttctcaa_c.r1,sensitive
gatgctacatcacggc_t320.a.r1,resistant
gatgctagtgcctgca_c.r1,sensitive
gatggagagctcgaag_t320.a.r1,resistant
gatggagcaacagagc_t320.a.r1,resistant
gatggagcaagggcat_c.r1,sensitive
gatggagcacataacc_c.r1,sensitive
gatggaggtgagacca_c.r1,sensitive
gatggaggttccacgg_c.r1,sensitive
gatgttggtcatgact_c.r1,sensitive
gatgttggtgaagcgt_c.r1,sensitive
gatgttgtcaagccta_t320.a.r1,resistant
gatgttgtccacaagt_t320.a.r1,resistant
gatgttgtcgctttat_c.r1,sensitive
gattcgagtagtggca_c.r1,sensitive
gattcgatccatttac_c.r1,sensitive
gattcgatccgtttcg_c.r1,sensitive
gattcttgtatcgcgc_t320.a.r1,resistant
gattcttgtcgacgct_c.r1,sensitive
gattctttcaacgtgt_c.r1,sensitive
gattctttcccaggac_c.r1,sensitive
gattctttctcatgcc_c.r1,sensitive
gattggtgtatggttc_t320.a.r1,resistant
gatttctaggaactcg_c.r1,sensitive
gatttctcaaatccca_t320.a.r1,resistant
gatttctcaacaaagt_c.r1,sensitive
gatttctgtgcctacg_t320.a.r1,resistant
gcaacatagtaacgat_t320.a.r1,resistant
gcaacatcaacacagg_t320.a.r1,resistant
gcaacatgtacctaac_c.r1,sensitive
gcaaccgagatgaccg_c.r1,sensitive
gcaaccgcagcgtgct_t320.a.r1,resistant
gcacataagagcactg_t320.a.r1,resistant
gcacataagctggctc_c.r1,sensitive
gcacataaggagaggc_t320.a.r1,resistant
gcacatagtcttacag_t320.a.r1,resistant
gcacatatcacttgga_t320.a.r1,resistant
gcacggtcaaccgctg_t320.a.r1,resistant
gcacggtcaggaacca_t320.a.r1,resistant
gcacggttcactgctc_t320.a.r1,resistant
gcacggttcgtcaaca_c.r1,sensitive
gcacgtggtatttcgg_t320.a.r1,resistant
gcacgtggtggctaga_t320.a.r1,resistant
gcacgtggtgtgctta_t320.a.r1,resistant
gcacgtggtgtttctt_t320.a.r1,resistant
gcactaacaagggtca_c.r1,sensitive
gcactaacacagctta_c.r1,sensitive
gcactaacaggaggag_c.r1,sensitive
gcactaagttcctaag_c.r1,sensitive
gcactaatcatacagc_c.r1,sensitive
gcactaatccgcaacg_c.r1,sensitive
gcactaatcctagctc_t320.a.r1,resistant
gcagccaagcgcaatg_c.r1,sensitive
gcagccaagtgattcc_t320.a.r1,resistant
gcagccacagctgcca_c.r1,sensitive
gcagccagtagatgta_c.r1,sensitive
gcagccagtgtgtttg_t320.a.r1,resistant
gcagccatcggctata_t320.a.r1,resistant
gcagctgcagaacata_t320.a.r1,resistant
gcagctgcagatacct_t320.a.r1,resistant
gcaggctagacggaaa_t320.a.r1,resistant
gcaggctagtggttaa_t320.a.r1,resistant
gcaggctcaggctatt_c.r1,sensitive
gcaggcttcaacgcta_c.r1,sensitive
gcaggcttcgcttgct_t320.a.r1,resistant
gcagttaagccgatag_t320.a.r1,resistant
gcagttacaaccgacc_c.r1,sensitive
gcagttacacacttag_c.r1,sensitive
gcagttacatggacag_t320.a.r1,resistant
gcagttacattgccgg_t320.a.r1,resistant
gcagttatcggtaagg_c.r1,sensitive
gcagttatctaggcat_c.r1,sensitive
gcagttatctattgtc_c.r1,sensitive
gcagttatctgctgaa_c.r1,sensitive
gcatcggcaacacagg_c.r1,sensitive
gcatcggcagcatgcc_c.r1,sensitive
gcatcgggtttcacag_t320.a.r1,resistant
gcatctcagccattca_t320.a.r1,resistant
gcatctccaatgggtg_c.r1,sensitive
gcatctccagagctag_c.r1,sensitive
gcatctccatcggaag_c.r1,sensitive
gcatctcgtgaccgtc_t320.a.r1,resistant
gcatgatagtgagtta_c.r1,sensitive
gcatgatagttgcgcc_t320.a.r1,resistant
gcatgatgtgttgccg_t320.a.r1,resistant
gcatgatgttgctagt_c.r1,sensitive
gcattaggtgtatcca_c.r1,sensitive
gccaacgagagtccga_t320.a.r1,resistant
gccaacgagagtcttc_c.r1,sensitive
gccaacgaggaatcgc_c.r1,sensitive
gccaacgagtacagcg_t320.a.r1,resistant
gccaacgcaccattcc_c.r1,sensitive
gccaacgcatccgata_c.r1,sensitive
gccaacgcatcggcca_c.r1,sensitive
gccaacggtcgtgcca_c.r1,sensitive
gccaacgtccacccta_t320.a.r1,resistant
gccaacgtccggacgt_t320.a.r1,resistant
gccaacgtcgagaagc_c.r1,sensitive
gccaacgtcgattggt_t320.a.r1,resistant
gccagcaaggctctat_c.r1,sensitive
gccagcaagtgatggc_t320.a.r1,resistant
gccagcacaagtgata_c.r1,sensitive
gccagcacaggacttt_c.r1,sensitive
gccagcacatcatctt_c.r1,sensitive
gccagcagtgatcatc_t320.a.r1,resistant
gccaggtagcgtcaga_c.r1,sensitive
gccaggtagggtgaaa_c.r1,sensitive
gccaggtgtcggcact_t320.a.r1,resistant
gccaggtgtctagtgt_c.r1,sensitive
gccaggttcgctacaa_c.r1,sensitive
gccagtgcacgacgaa_c.r1,sensitive
gccagtggtgactatc_c.r1,sensitive
gccagtggttcctaga_c.r1,sensitive
gccatggcatggaata_c.r1,sensitive
gccatgggtattcctt_c.r1,sensitive
gccatgggtcaggtga_c.r1,sensitive
gccatgggttgatcgt_c.r1,sensitive
gccattcgttggtgtt_t320.a.r1,resistant
gccattctcaccatcc_t320.a.r1,resistant
gccattctcggtcata_c.r1,sensitive
gcccagaaggcctaag_c.r1,sensitive
gcccagaaggttgttc_t320.a.r1,resistant
gcccagaagtatgtag_c.r1,sensitive
gcccagacaagacggt_t320.a.r1,resistant
gcccagacaagttggg_c.r1,sensitive
gcccagagtcggaaac_t320.a.r1,resistant
gcccagatctaacggt_c.r1,sensitive
gcccagatcttcgatt_t320.a.r1,resistant
gcccgaacagggttga_t320.a.r1,resistant
gcccgaacattgtacg_c.r1,sensitive
gccgatgaggatgcgt_t320.a.r1,resistant
gccgatggtatagggc_t320.a.r1,resistant
gccgatggtggatgac_t320.a.r1,resistant
gccgatgtcgagatgg_c.r1,sensitive
gccgatgtcgccagac_t320.a.r1,resistant
gccgatgtctgagcat_t320.a.r1,resistant
gccgtgaagccggata_c.r1,sensitive
gccgtgaagtttgtcg_c.r1,sensitive
gccgtgacacttcaag_t320.a.r1,resistant
gccgtgatcaatgtcg_c.r1,sensitive
gccgtgatccaaccgg_t320.a.r1,resistant
gccgtgatcttcgctg_c.r1,sensitive
gcctgttagcatgttc_t320.a.r1,resistant
gcctgttaggccatag_c.r1,sensitive
gcctgttcaccctaaa_t320.a.r1,resistant
gcctgttcagggatac_c.r1,sensitive
gcctgttgtcgcgtca_t320.a.r1,resistant
gcgagaaagatttgcc_t320.a.r1,resistant
gcgagaacagaacata_t320.a.r1,resistant
gcgagaacatgagtaa_c.r1,sensitive
gcgagaagttatagag_t320.a.r1,resistant
gcgagaagttggaggt_t320.a.r1,resistant
gcgatcgaggagcaaa_t320.a.r1,resistant
gcgatcgcaacgccca_t320.a.r1,resistant
gcgatcggtacagtct_c.r1,sensitive
gcgatcggtccacttc_c.r1,sensitive
gcgatcggtgcgaaca_t320.a.r1,resistant
gcggaaagtagctgcc_c.r1,sensitive
gcggaaatctacccac_c.r1,sensitive
gcggatcagcatgata_c.r1,sensitive
gcggatcagtcgtcta_t320.a.r1,resistant
gcggatccaatgaaac_c.r1,sensitive
gcggatctcgccagac_c.r1,sensitive
gcgtgcacattgcttt_c.r1,sensitive
gcgtgcagtcctacaa_t320.a.r1,resistant
gcgtttcagaaacact_c.r1,sensitive
gcgtttcagaaattgc_c.r1,sensitive
gcgtttccaagatgta_c.r1,sensitive
gcgtttccaagcgaac_t320.a.r1,resistant
gcgtttcgtagacggt_t320.a.r1,resistant
gcgtttcgttgtgcat_c.r1,sensitive
gcgtttctctgtccgt_c.r1,sensitive
gctacaaagcgacttt_c.r1,sensitive
gctacaaagcgtcgaa_c.r1,sensitive
gctacaagtcacaatc_c.r1,sensitive
gctacaatccgacagc_t320.a.r1,resistant
gctacctagtgagtta_c.r1,sensitive
gctacctcacattctt_c.r1,sensitive
gctacctgtaacaggc_t320.a.r1,resistant
gctaccttcggctggt_c.r1,sensitive
gctcaaaagcgcatcc_c.r1,sensitive
gctcaaacaatctcga_c.r1,sensitive
gctgaatcaattctct_c.r1,sensitive
gctgaatgtcagtcta_c.r1,sensitive
gctgcagaggcacaac_t320.a.r1,resistant
gctgcagcaaagggtc_c.r1,sensitive
gctgcagcaataccca_c.r1,sensitive
gctgcagcatgctgcg_c.r1,sensitive
gctgcaggtcatatgc_t320.a.r1,resistant
gctgcaggtgaagctg_c.r1,sensitive
gctgcaggtgggcttc_c.r1,sensitive
gctgcagtcacatacg_c.r1,sensitive
gctgcagtcccgttca_t320.a.r1,resistant
gctgcagtctttgcat_t320.a.r1,resistant
gctgggtcacaagttc_t320.a.r1,resistant
gctgggtcagctggtc_c.r1,sensitive
gctgggtcataatgag_c.r1,sensitive
gctgggtgtctgtagt_t320.a.r1,resistant
gctgggtgttgtggcc_t320.a.r1,resistant
gctgggttcaagcccg_c.r1,sensitive
gctgggttcctgggac_t320.a.r1,resistant
gctgggttcgagaagc_c.r1,sensitive
gctgggttcgcagtgc_t320.a.r1,resistant
gcttcaccagtgcctg_c.r1,sensitive
gcttgggcaaatggat_t320.a.r1,resistant
gcttgggcaattcgtg_c.r1,sensitive
gcttggggtaggagtc_c.r1,sensitive
gcttggggtgagaacc_c.r1,sensitive
gcttggggtgtaaatg_t320.a.r1,resistant
gcttggggttcaacgt_t320.a.r1,resistant
gcttgggtccagcacg_c.r1,sensitive
gcttgggtcttcgtgc_t320.a.r1,resistant
gctttcgaggcatctt_c.r1,sensitive
ggaaccccatgactca_t320.a.r1,resistant
ggaacccgtggcgtaa_c.r1,sensitive
ggaaccctccgggact_c.r1,sensitive
ggaagtggtagaaact_c.r1,sensitive
ggaatctagagttcgg_t320.a.r1,resistant
ggaatctcatcggtta_t320.a.r1,resistant
ggaatctgttaatgag_t320.a.r1,resistant
ggaatggagcaagcca_t320.a.r1,resistant
ggaatggcatagatcc_t320.a.r1,resistant
ggaatgggtcgtgcca_c.r1,sensitive
ggaatggtcagggatg_c.r1,sensitive
ggaatggtccacacaa_c.r1,sensitive
ggacgtccacaattcg_c.r1,sensitive
ggacgtctcggctggt_t320.a.r1,resistant
ggagaacagagtccga_t320.a.r1,resistant
ggagaacgtaacccta_c.r1,sensitive
ggagatgagtacagcg_t320.a.r1,resistant
ggagatgcactatcga_c.r1,sensitive
ggagatgcagtagata_c.r1,sensitive
ggagatgcattacggt_t320.a.r1,resistant
ggagcaacaaagcgtg_t320.a.r1,resistant
ggagcaacacagtact_t320.a.r1,resistant
ggagcaatcgaaccta_c.r1,sensitive
ggaggatcatgacgtt_c.r1,sensitive
ggaggtaagcagtacg_c.r1,sensitive
ggaggtaagtcgtcta_c.r1,sensitive
ggaggtagtttcacag_t320.a.r1,resistant
ggatctaagtgaggtc_c.r1,sensitive
ggatctacagaggact_c.r1,sensitive
ggatctatcggtaagg_c.r1,sensitive
ggatgttagaaactgt_t320.a.r1,resistant
ggatgttagtagatca_t320.a.r1,resistant
ggatgttcacattcga_t320.a.r1,resistant
ggatgttgttcttgcc_t320.a.r1,resistant
ggcacgtagcgtatgg_t320.a.r1,resistant
ggcacgtagtagggtc_c.r1,sensitive
ggcacgtagtcagagc_t320.a.r1,resistant
ggcacgtcagtcccga_c.r1,sensitive
ggcacgttctcatttg_c.r1,sensitive
ggcagtcagattgcgg_c.r1,sensitive
ggcagtcagtgcaggt_t320.a.r1,resistant
ggcagtctcaagcccg_c.r1,sensitive
ggcgtcaagacgactg_c.r1,sensitive
ggcgtcacattgcttt_c.r1,sensitive
ggcgtcagtactgccg_c.r1,sensitive
ggcgtcagtgttcgat_c.r1,sensitive
ggcgtcatcagtgtgt_c.r1,sensitive
ggctgtgagtggaaga_t320.a.r1,resistant
ggcttggagaagcgct_c.r1,sensitive
ggcttggtctcatagg_t320.a.r1,resistant
ggctttcaggcacaac_c.r1,sensitive
ggctttccaaatccca_c.r1,sensitive
ggctttcgtaacgcga_c.r1,sensitive
ggctttcgtactccct_c.r1,sensitive
ggctttcgtgcatcta_c.r1,sensitive
ggctttctcatgaaag_c.r1,sensitive
ggctttctcgtcgata_c.r1,sensitive
gggaagtagaggatcc_c.r1,sensitive
gggaagtcacaagcag_c.r1,sensitive
gggaagtcatgagtaa_c.r1,sensitive
gggaagtgtgagttgg_c.r1,sensitive
gggaagttcaagccta_t320.a.r1,resistant
gggaagttcagctgta_c.r1,sensitive
gggaagttcgttagac_c.r1,sensitive
gggacaaagcctccag_c.r1,sensitive
gggacaaaggagaggc_c.r1,sensitive
gggacaatccgcgagt_t320.a.r1,resistant
gggacctagttcggtt_t320.a.r1,resistant
gggacctcatctaacg_t320.a.r1,resistant
gggacctgtgacctgc_c.r1,sensitive
gggaccttcaagtaag_c.r1,sensitive
gggaccttcggcatat_t320.a.r1,resistant
gggactcagcgccttg_t320.a.r1,resistant
gggactcagtgctagg_c.r1,sensitive
gggactccaattcacg_t320.a.r1,resistant
gggactccaggtggat_c.r1,sensitive
gggactcgtatgaaac_t320.a.r1,resistant
gggagatcacgcgcat_c.r1,sensitive
gggagatcagacatct_c.r1,sensitive
gggagattctcggtaa_t320.a.r1,resistant
gggagtaaggtggttg_t320.a.r1,resistant
gggagtaagttgcgcc_t320.a.r1,resistant
gggagtacaggaggag_c.r1,sensitive
gggagtagtactaaga_c.r1,sensitive
gggagtagttcggtta_c.r1,sensitive
gggagtatcaaaggat_c.r1,sensitive
gggatccgttgggtag_c.r1,sensitive
gggatcctccgcttac_t320.a.r1,resistant
gggatcctcgctacaa_t320.a.r1,resistant
gggatcctcgctattt_t320.a.r1,resistant
gggatcctctgggtcg_c.r1,sensitive
gggatgacattgcctc_c.r1,sensitive
gggatgagtaggctcc_c.r1,sensitive
gggatgatcaactgac_t320.a.r1,resistant
gggatgatccatcaga_c.r1,sensitive
gggatgatcgtgcacg_c.r1,sensitive
gggccatagcgacatg_t320.a.r1,resistant
gggccatcacagcgct_c.r1,sensitive
gggccatcatccttcg_c.r1,sensitive
gggccatgtccggtgt_t320.a.r1,resistant
gggccatgtcttcatt_t320.a.r1,resistant
gggccattccttgacc_t320.a.r1,resistant
gggcgttagttgtcgt_t320.a.r1,resistant
gggcgttcaccgtacg_c.r1,sensitive
gggcgttcagagaatt_t320.a.r1,resistant
gggcgttgtcaaccta_t320.a.r1,resistant
gggcgttgttagaagt_c.r1,sensitive
gggcgtttcggtgcac_t320.a.r1,resistant
gggcgtttcttaaggc_t320.a.r1,resistant
gggctactcgaagccc_t320.a.r1,resistant
gggctcacaccgtgca_t320.a.r1,resistant
gggctcacacgtacta_c.r1,sensitive
gggctcagtaacatag_c.r1,sensitive
gggctcatcaccgacg_t320.a.r1,resistant
gggctcatctggtggc_t320.a.r1,resistant
gggctcatcttcacgc_c.r1,sensitive
gggtagacaattgcca_t320.a.r1,resistant
gggtagacagctctgg_t320.a.r1,resistant
gggtagatcactactt_t320.a.r1,resistant
gggtattcacatactg_t320.a.r1,resistant
gggtatttcaaagaac_c.r1,sensitive
gggtatttcctgttgc_c.r1,sensitive
gggtatttctactcat_t320.a.r1,resistant
gggtatttctcattac_c.r1,sensitive
gggtcaccacaccgca_t320.a.r1,resistant
gggtcaccatatggct_c.r1,sensitive
gggtcaccattgccgg_c.r1,sensitive
gggtcacgtgttcagt_t320.a.r1,resistant
gggtcactccgtacgg_c.r1,sensitive
gggtctgagaaactca_c.r1,sensitive
gggtctgagggtgaaa_t320.a.r1,resistant
gggtctgagtcgctat_c.r1,sensitive
gggtctgcacactggc_t320.a.r1,resistant
gggtctgcatgtggcc_t320.a.r1,resistant
gggtctggtgaggatc_c.r1,sensitive
gggtctggtgctattg_c.r1,sensitive
gggtctgtcattgcga_t320.a.r1,resistant
gggtgaagttgaagta_c.r1,sensitive
gggtgaatcttggaac_c.r1,sensitive
gggtgtcagatgccga_c.r1,sensitive
gggtgtccatcgtggc_t320.a.r1,resistant
gggtgtcgtccacacg_c.r1,sensitive
gggtgtctcacagagg_c.r1,sensitive
gggtgtctcggaccac_c.r1,sensitive
gggttatagagtctgg_t320.a.r1,resistant
gggttatgtcatcagt_t320.a.r1,resistant
gggtttaagccagagt_t320.a.r1,resistant
gggtttaagtccgcca_t320.a.r1,resistant
gggtttaagttgcgag_t320.a.r1,resistant
gggtttacacaccgac_c.r1,sensitive
gggtttacaggatctt_c.r1,sensitive
gggtttacataactcg_c.r1,sensitive
gggtttagtgaattga_c.r1,sensitive
gggtttagtgagtcag_t320.a.r1,resistant
gggtttatcaagccgc_c.r1,sensitive
gggtttatcctaacag_c.r1,sensitive
ggtaactagctagttc_c.r1,sensitive
ggtaactcaacagctt_c.r1,sensitive
ggtaatccaccttcca_c.r1,sensitive
ggtaatctccacttta_c.r1,sensitive
ggtaatctcgaagtgg_t320.a.r1,resistant
ggtagagaggtacagc_t320.a.r1,resistant
ggtagagagttacgtc_t320.a.r1,resistant
ggtagaggtctacgta_t320.a.r1,resistant
ggtagaggtttaccag_t320.a.r1,resistant
ggtcacgcataggttc_t320.a.r1,resistant
ggtcacgtcatgaggg_c.r1,sensitive
ggtcacgtcgagcctg_t320.a.r1,resistant
ggtctggcactacaca_c.r1,sensitive
ggtctgggttagagat_t320.a.r1,resistant
ggtctgggttgactgt_c.r1,sensitive
ggtctggtcaacgcta_t320.a.r1,resistant
ggtctggtcacaacca_c.r1,sensitive
ggtctggtcaccatga_c.r1,sensitive
ggtctggtccttctgg_t320.a.r1,resistant
ggtctggtctctgaga_c.r1,sensitive
ggtgaagcaaatccca_c.r1,sensitive
ggtgattagacttcca_t320.a.r1,resistant
ggtgattgtctgtcaa_t320.a.r1,resistant
ggtggctagctccata_t320.a.r1,resistant
ggtggctgtagtcttg_c.r1,sensitive
ggtgtcgagacgtccc_c.r1,sensitive
ggtgtcgagcctgaga_t320.a.r1,resistant
ggtgtcgagttgggac_c.r1,sensitive
ggtgtcgcaattgaag_t320.a.r1,resistant
ggtgtcggttcctacc_c.r1,sensitive
ggtgtcgtcttggtcc_t320.a.r1,resistant
ggtgttacacagtccg_t320.a.r1,resistant
ggtgttagtatggagc_t320.a.r1,resistant
ggtgttagtgtttctt_c.r1,sensitive
ggttaacaggtagacc_c.r1,sensitive
ggttaaccacacagcc_c.r1,sensitive
ggttaacgtttcgaca_c.r1,sensitive
ggttaactcggacgtc_c.r1,sensitive
ggttaactctatccat_t320.a.r1,resistant
ggttaactctctcgac_c.r1,sensitive
ggttctcagaaacact_t320.a.r1,resistant
ggttctcagatcccat_t320.a.r1,resistant
ggttctccaacaagat_c.r1,sensitive
ggttctccacaccttc_c.r1,sensitive
ggttctcgtcaatctg_c.r1,sensitive
ggttctcgtgcggtaa_c.r1,sensitive
ggttctctcagtcaca_c.r1,sensitive
ggttctctctcctgca_t320.a.r1,resistant
ggttgtaagtcatgaa_t320.a.r1,resistant
ggttgtacagccgtca_c.r1,sensitive
ggttgtagtgtctaac_c.r1,sensitive
ggttgtagttatggtc_c.r1,sensitive
gtaacacagtgagtta_t320.a.r1,resistant
gtaacaccactgtgta_t320.a.r1,resistant
gtaacacgtcaagttc_t320.a.r1,resistant
gtaacacgttgactgt_c.r1,sensitive
gtaacactcttcacat_t320.a.r1,resistant
gtaaccaagctttccc_t320.a.r1,resistant
gtaaccaagtcaagcg_c.r1,sensitive
gtaaccacatcgaact_t320.a.r1,resistant
gtaaccagtactaacc_t320.a.r1,resistant
gtaaccatcatgcatg_t320.a.r1,resistant
gtaaccatctgagaaa_c.r1,sensitive
gtaagtcagacgctcc_t320.a.r1,resistant
gtaagtcagcgtgcct_c.r1,sensitive
gtaagtcagtgtgttc_c.r1,sensitive
gtaagtccataactcg_c.r1,sensitive
gtaagtcgtgatggca_c.r1,sensitive
gtaagtctcaggaacg_t320.a.r1,resistant
gtaagtctctcgcgtt_c.r1,sensitive
gtaatcgagcctgtcg_c.r1,sensitive
gtaatcgagggatcgt_c.r1,sensitive
gtaatcggttaagaac_t320.a.r1,resistant
gtaatcgtcaagtgtc_c.r1,sensitive
gtaatgcaggttgttc_c.r1,sensitive
gtaatgccaaccaact_c.r1,sensitive
gtaatgccagagtctt_t320.a.r1,resistant
gtaatgccatgccgac_t320.a.r1,resistant
gtaatgctcgacatca_c.r1,sensitive
gtacaacagcagaaag_c.r1,sensitive
gtacaacagtcgccac_c.r1,sensitive
gtacaaccatcttcgc_c.r1,sensitive
gtacaactcgtgctct_c.r1,sensitive
gtacagtcatagtcac_t320.a.r1,resistant
gtacagtgttgtgcat_c.r1,sensitive
gtacagttcatatggc_t320.a.r1,resistant
gtacagttccgtagta_t320.a.r1,resistant
gtacagttctgaccct_t320.a.r1,resistant
gtagaaaagcgccgtt_t320.a.r1,resistant
gtagaaaaggcgtcct_t320.a.r1,resistant
gtagaaacactgattg_c.r1,sensitive
gtagaaatctcgacgg_c.r1,sensitive
gtagaaatcttctgta_c.r1,sensitive
gtagaggagacgccct_c.r1,sensitive
gtagaggaggttcagg_t320.a.r1,resistant
gtagaggcatgcagcc_t320.a.r1,resistant
gtagatcagacataac_c.r1,sensitive
gtagatccagcgacaa_t320.a.r1,resistant
gtagatctcagaatag_t320.a.r1,resistant
gtagatctcagggatg_c.r1,sensitive
gtagatctcctatgga_c.r1,sensitive
gtagctagtcatccgg_t320.a.r1,resistant
gtagctagtctcacaa_t320.a.r1,resistant
gtaggagaggctgtag_c.r1,sensitive
gtaggagcatcctcac_c.r1,sensitive
gtaggaggtcgaacga_t320.a.r1,resistant
gtaggagtcagctagt_c.r1,sensitive
gtaggagtcatcctgc_c.r1,sensitive
gtaggttagttcctga_t320.a.r1,resistant
gtaggttcaacgatct_c.r1,sensitive
gtaggttgtacgaaat_c.r1,sensitive
gtagtacgtatgggac_t320.a.r1,resistant
gtattggagttggacg_t320.a.r1,resistant
gtattggcacgccagt_t320.a.r1,resistant
gtattggcactcaagt_t320.a.r1,resistant
gtattgggttcagcgc_t320.a.r1,resistant
gtatttccaggcatga_t320.a.r1,resistant
gtatttcgtatgaagt_t320.a.r1,resistant
gtatttcgtggcttat_t320.a.r1,resistant
gtatttcgtgtctaac_c.r1,sensitive
gtatttctcactgatg_c.r1,sensitive
gtatttctctacggta_c.r1,sensitive
gtatttctctgagcat_t320.a.r1,resistant
gtcaaacaggaacgct_t320.a.r1,resistant
gtcaaacagtcccgac_t320.a.r1,resistant
gtcaaaccaagaaact_t320.a.r1,resistant
gtcaaaccaccattcc_c.r1,sensitive
gtcaaacgttagggac_c.r1,sensitive
gtcaaacgtttcgatg_t320.a.r1,resistant
gtcaaactcacaatgc_c.r1,sensitive
gtcaaactcatcgggc_c.r1,sensitive
gtcaagtagcacaaat_t320.a.r1,resistant
gtcaagtaggactata_c.r1,sensitive
gtcaagtagtagaatc_t320.a.r1,resistant
gtcaagtcagcgacct_c.r1,sensitive
gtcaagtcattcacag_t320.a.r1,resistant
gtcaagtgttgcttga_t320.a.r1,resistant
gtcacggcatgagata_t320.a.r1,resistant
gtcacggtctttgatc_c.r1,sensitive
gtcactctcgctaatg_c.r1,sensitive
gtcagcgcaggtggat_c.r1,sensitive
gtcagcggtcgtggaa_t320.a.r1,resistant
gtcagcggtgtggtcc_c.r1,sensitive
gtcatccagaagcggg_t320.a.r1,resistant
gtcatccagagagttt_c.r1,sensitive
gtcatcccaaagagtt_c.r1,sensitive
gtcatcccaactccaa_c.r1,sensitive
gtcatcccaatacctg_t320.a.r1,resistant
gtcatcccatgtacgt_c.r1,sensitive
gtcatccgtcaccctt_t320.a.r1,resistant
gtcatccgtctacatg_c.r1,sensitive
gtcatccgtgtcctaa_t320.a.r1,resistant
gtcatccgtgttcgat_t320.a.r1,resistant
gtcatcctcacagagg_c.r1,sensitive
gtcatcctctttccaa_c.r1,sensitive
gtcatgaagcatttcg_c.r1,sensitive
gtcatgagtgtatcca_t320.a.r1,resistant
gtcatgagttctcgct_t320.a.r1,resistant
gtcatgatccctcaac_c.r1,sensitive
gtcatgatcgttcgct_c.r1,sensitive
gtcatttaggtgatat_t320.a.r1,resistant
gtcatttagtggttgg_t320.a.r1,resistant
gtcatttcatcggaga_t320.a.r1,resistant
gtcatttgtgcatgag_t320.a.r1,resistant
gtcattttcaacacca_c.r1,sensitive
gtccactagtcttggt_t320.a.r1,resistant
gtccactcagttacca_c.r1,sensitive
gtccactcatgggcaa_t320.a.r1,resistant
gtccactgtaggtagc_t320.a.r1,resistant
gtccactgtctgtgcg_t320.a.r1,resistant
gtccactgtttcccac_c.r1,sensitive
gtccacttcaactacg_t320.a.r1,resistant
gtcccatagtggaaag_t320.a.r1,resistant
gtcccatcaaattgcc_c.r1,sensitive
gtcccatcaatctgca_c.r1,sensitive
gtcccatcaggcattt_c.r1,sensitive
gtcccatgttaatgag_c.r1,sensitive
gtcccattctacttca_c.r1,sensitive
gtcctcacagaactct_t320.a.r1,resistant
gtcctcagtagggtac_c.r1,sensitive
gtcctcagtatcagct_c.r1,sensitive
gtcctcagtgagaacc_t320.a.r1,resistant
gtcctcagtgcaacag_t320.a.r1,resistant
gtcgaatcaacagtgg_c.r1,sensitive
gtcgaatcactaccct_t320.a.r1,resistant
gtcgaatgttggactt_t320.a.r1,resistant
gtcgaattcgtggaag_t320.a.r1,resistant
gtcgcgaagcgtctgc_c.r1,sensitive
gtcgcgacaacaagat_t320.a.r1,resistant
gtcgcgacaatagggc_t320.a.r1,resistant
gtcgtaacactccttg_t320.a.r1,resistant
gtcgtaacaggtccgt_c.r1,sensitive
gtcgtaagtcgtcagc_t320.a.r1,resistant
gtcgtaagttcagcgc_c.r1,sensitive
gtcgtaatccctctag_c.r1,sensitive
gtcgtaatcgtggaag_t320.a.r1,resistant
gtcgttccagctcata_c.r1,sensitive
gtcgttctcagtggga_c.r1,sensitive
gtcgttctctcgttta_c.r1,sensitive
gtcgttctctgagaaa_c.r1,sensitive
gtctaccagtcatacc_c.r1,sensitive
gtctacccagtgtact_c.r1,sensitive
gtctaccgtcaaagcg_t320.a.r1,resistant
gtctacctcgagatgg_t320.a.r1,resistant
gtctagaaggctatct_t320.a.r1,resistant
gtctagacatcagtca_t320.a.r1,resistant
gtctcacagggagaat_c.r1,sensitive
gtctcactcgcagaga_t320.a.r1,resistant
gtctcactcgtccatc_t320.a.r1,resistant
gtctcactctactgcc_c.r1,sensitive
gtctgtcagacatcaa_t320.a.r1,resistant
gtctgtcgtcttagtg_c.r1,sensitive
gtctgtctcgaactca_c.r1,sensitive
gtctgtctcgataacc_c.r1,sensitive
gtctttaagtctaacc_c.r1,sensitive
gtctttacaaacaggc_t320.a.r1,resistant
gtctttatcaaggtgg_c.r1,sensitive
gtctttatcctctaat_c.r1,sensitive
gtctttatcttcgtgc_t320.a.r1,resistant
gtgacgcagttggaat_c.r1,sensitive
gtgacgcgtattccga_t320.a.r1,resistant
gtgacgctcagtgtgt_c.r1,sensitive
gtgagccaggtctact_c.r1,sensitive
gtgagcccaataaggt_c.r1,sensitive
gtgagccgtaagtcaa_t320.a.r1,resistant
gtgagccgtatcagct_c.r1,sensitive
gtgagccgttcttgtt_t320.a.r1,resistant
gtgagcctccctcaac_c.r1,sensitive
gtgagcctcgctgata_t320.a.r1,resistant
gtgaggaagctacaaa_t320.a.r1,resistant
gtgaggaaggtgcgat_t320.a.r1,resistant
gtgaggacactaccgg_t320.a.r1,resistant
gtgaggagtacctatg_c.r1,sensitive
gtgaggagtccatagt_t320.a.r1,resistant
gtgaggagttgcgtat_t320.a.r1,resistant
gtgaggagttgtcatg_t320.a.r1,resistant
gtgaggatcccataag_c.r1,sensitive
gtgaggatcctaccgt_c.r1,sensitive
gtgagttagatacagt_t320.a.r1,resistant
gtgagttcaaatgagt_c.r1,sensitive
gtgagttgtggacctc_c.r1,sensitive
gtgagtttcggtcgac_c.r1,sensitive
gtgatgtagaatcgcg_c.r1,sensitive
gtgatgtagcgagtca_t320.a.r1,resistant
gtgatgtcacttcctg_t320.a.r1,resistant
gtgatgtgtagcgcct_c.r1,sensitive
gtgatgttcgatgcta_t320.a.r1,resistant
gtgcacgagcagcgat_t320.a.r1,resistant
gtgcacgaggtctttg_t320.a.r1,resistant
gtgcacgagtcgccca_t320.a.r1,resistant
gtgcacgcactaccct_c.r1,sensitive
gtgcacggtgagtagc_t320.a.r1,resistant
gtgcagcagacgccct_c.r1,sensitive
gtgcagccatcaacca_c.r1,sensitive
gtgcagcgtagaggaa_c.r1,sensitive
gtgcagcgtggaccaa_t320.a.r1,resistant
gtgcagcgtgtgtact_c.r1,sensitive
gtgcagcgttgggatg_c.r1,sensitive
gtgcagctcaaggagc_t320.a.r1,resistant
gtgcgtgaggttcact_t320.a.r1,resistant
gtgcgtgtcatagcac_t320.a.r1,resistant
gtgcgtgtcgattccc_t320.a.r1,resistant
gtgcgtgtcttacgga_t320.a.r1,resistant
gtgctggcactagagg_t320.a.r1,resistant
gtgctggcactagtac_c.r1,sensitive
gtgctggcagttacca_t320.a.r1,resistant
gtgctgggtatcacca_c.r1,sensitive
gtgctggtcgatacac_t320.a.r1,resistant
gtgcttcagcgtacag_c.r1,sensitive
gtgcttcaggatttga_t320.a.r1,resistant
gtgcttcgtagttcca_t320.a.r1,resistant
gtgcttcgtctgcaat_t320.a.r1,resistant
gtggaagcaaattgga_t320.a.r1,resistant
gtggaagcatgcgtgc_c.r1,sensitive
gtggaaggtactcgat_t320.a.r1,resistant
gtggaagtccttggaa_t320.a.r1,resistant
gtggagaagtaagact_c.r1,sensitive
gtggagaagtttagga_c.r1,sensitive
gtggagagtaataccc_c.r1,sensitive
gtggagagtgtgctta_t320.a.r1,resistant
gtggagatctccaaga_c.r1,sensitive
gtggcgtagatgttga_c.r1,sensitive
gtggcgtcaccgtgac_c.r1,sensitive
gtggcgtcacgctata_c.r1,sensitive
gtggcgtgttcaagtc_c.r1,sensitive
gtggcgttcatggagg_c.r1,sensitive
gtggcgttcgagtgga_t320.a.r1,resistant
gtggcgttctttgcat_t320.a.r1,resistant
gtgggaaagagtctgg_t320.a.r1,resistant
gtgggaaagcgtataa_c.r1,sensitive
gtgggaagttcctacc_c.r1,sensitive
gtgggaatcagcgcac_c.r1,sensitive
gtggttaaggcctaga_t320.a.r1,resistant
gtggttacaagttggg_c.r1,sensitive
gtggttagtaagatca_c.r1,sensitive
gtggttatctggaccg_c.r1,sensitive
gtgtaacaggcgaagg_c.r1,sensitive
gtgtaacgtaacacct_c.r1,sensitive
gtgtaactcgccataa_t320.a.r1,resistant
gtgtaactcttcttcc_t320.a.r1,resistant
gtgtcctaggctgtag_t320.a.r1,resistant
gtgtcctcatgccgac_t320.a.r1,resistant
gtgtcctgtagaggaa_c.r1,sensitive
gtgtcctgtcacgctg_c.r1,sensitive
gtgtgatagggaccat_c.r1,sensitive
gtgtgatgtaccaatc_t320.a.r1,resistant
gtgtgatgtggcatcc_c.r1,sensitive
gtgtgattcggtcagc_t320.a.r1,resistant
gtgtggccaacgggta_c.r1,sensitive
gtgtggcgtaatgtga_c.r1,sensitive
gtgtggctcacgggaa_t320.a.r1,resistant
gtgtggctcggaactt_t320.a.r1,resistant
gtgtggctcgttatct_t320.a.r1,resistant
gtgttagagcgtgaac_t320.a.r1,resistant
gtgttagaggcgacat_t320.a.r1,resistant
gtgttagcagcctacg_c.r1,sensitive
gtgttaggtgatggca_t320.a.r1,resistant
gtgttaggtgggttga_c.r1,sensitive
gtgttccagtccgcca_c.r1,sensitive
gtgttcccacagctta_t320.a.r1,resistant
gtgttcccagactgcc_t320.a.r1,resistant
gtgttccgtcgactgc_c.r1,sensitive
gtgttccgttgatgtc_t320.a.r1,resistant
gtgttcctcgacaccg_t320.a.r1,resistant
gttacagagggtacac_t320.a.r1,resistant
gttacagagtaccatc_c.r1,sensitive
gttacagagtgcaggt_c.r1,sensitive
gttacagtcacggacc_t320.a.r1,resistant
gttaccccaatacaga_c.r1,sensitive
gttaccccacacacta_c.r1,sensitive
gttaccccacataacc_t320.a.r1,resistant
gttaccccactaacca_t320.a.r1,resistant
gttaccccagaggttg_t320.a.r1,resistant
gttacccgtcgttgcg_t320.a.r1,resistant
gttacccgtgacatct_t320.a.r1,resistant
gttacccgttaagtcc_t320.a.r1,resistant
gttaccctcaccatag_c.r1,sensitive
gttaccctctgcgtct_c.r1,sensitive
gttacgacaagatcct_c.r1,sensitive
gttacgacaccaaatc_t320.a.r1,resistant
gttacgacacttggcg_c.r1,sensitive
gttacgagtagaggaa_t320.a.r1,resistant
gttagaccacataacc_c.r1,sensitive
gttagaccattcaggt_c.r1,sensitive
gttagacgtaacacgg_c.r1,sensitive
gttagactcatgcagt_c.r1,sensitive
gttagtgagtatgtag_t320.a.r1,resistant
gttagtgcaaggcctc_c.r1,sensitive
gttagtggtcaacatc_t320.a.r1,resistant
gttatggagcctgtcg_c.r1,sensitive
gttatggagggtaatt_t320.a.r1,resistant
gttatggagtgatggc_t320.a.r1,resistant
gttatggcaatcgcat_t320.a.r1,resistant
gttatgggtaagtcaa_c.r1,sensitive
gttatgggtcggctac_t320.a.r1,resistant
gttatgggttcgttcc_t320.a.r1,resistant
gttatgggtttacacg_c.r1,sensitive
gttcattagatgattg_c.r1,sensitive
gttcattagggcaact_t320.a.r1,resistant
gttcattagtacccta_c.r1,sensitive
gttcattcactgattg_c.r1,sensitive
gttccgtcaggcccta_c.r1,sensitive
gttccgtcattgacca_c.r1,sensitive
gttccgtgtacacgcc_c.r1,sensitive
gttccgtgtacttccc_c.r1,sensitive
gttccgtgtttgacac_c.r1,sensitive
gttccgttcgaagccc_t320.a.r1,resistant
gttccgttcggcgatc_t320.a.r1,resistant
gttcgctaggaagtcc_t320.a.r1,resistant
gttcgctcatcgtggc_c.r1,sensitive
gttctattcgaggcaa_t320.a.r1,resistant
gttctattctggccga_t320.a.r1,resistant
gttgaacagtcatacc_t320.a.r1,resistant
gttgaaccacagtcat_t320.a.r1,resistant
gttgaaccatcagtca_t320.a.r1,resistant
gttgaacgtgagacca_c.r1,sensitive
gttgaacgtttgccgg_c.r1,sensitive
gttgaactcactcgaa_c.r1,sensitive
gttgaactcgatgcat_t320.a.r1,resistant
gttgaactcgcactct_t320.a.r1,resistant
gttgaactctcgtggg_c.r1,sensitive
gttgaactctctgaga_t320.a.r1,resistant
gttgcggagaagagca_c.r1,sensitive
gttgcggagggtagct_t320.a.r1,resistant
gttgcggcaaagggtc_t320.a.r1,resistant
gttgcggcaagcctgc_c.r1,sensitive
gttgcggcacaatgtc_t320.a.r1,resistant
gttgcgggtaccgtcg_t320.a.r1,resistant
gttgctccaaatggat_c.r1,sensitive
gttgctccagacaata_t320.a.r1,resistant
gttgctccatatctgg_t320.a.r1,resistant
gttgctctcccttgtg_t320.a.r1,resistant
gttgctctctagtgtg_c.r1,sensitive
gttgctctcttggtcc_c.r1,sensitive
gttgtagagctcttcc_t320.a.r1,resistant
gttgtagagtcagagc_c.r1,sensitive
gttgtagcaaagggct_t320.a.r1,resistant
gttgtagcaatgacct_t320.a.r1,resistant
gttgtagcacagagca_c.r1,sensitive
gttgtaggtaggatat_t320.a.r1,resistant
gttgtagtcgagtgga_c.r1,sensitive
gttgtagtctggtggc_c.r1,sensitive
gttgtccaggacatcg_c.r1,sensitive
gttgtccagtttagga_c.r1,sensitive
gttgtcccaggtccca_c.r1,sensitive
gttgtccgtagttacc_t320.a.r1,resistant
gttgtgaagggcctct_t320.a.r1,resistant
gttgtgaagtgccgaa_t320.a.r1,resistant
gttgtgacaacagctt_t320.a.r1,resistant
gttgtgacacgttggc_c.r1,sensitive
gttgtgacaggtttac_c.r1,sensitive
gttgtgagttggtgtt_t320.a.r1,resistant
gttgtgagtttgggtt_c.r1,sensitive
gtttactagcagcgat_c.r1,sensitive
gtttactcactcccta_t320.a.r1,resistant
gtttggacataatcgc_c.r1,sensitive
gtttggagtaacatcc_t320.a.r1,resistant
gtttggagtttacctt_c.r1,sensitive
gtttggatcagtccgg_c.r1,sensitive
gtttggatcttcctaa_c.r1,sensitive
taacacgagatggtat_c.r1,sensitive
taaccagagaccctta_t320.a.r1,resistant
taaccagagccgcttg_t320.a.r1,resistant
taaccagcaaccgatt_c.r1,sensitive
taacgaccacttgagt_c.r1,sensitive
taacgaccattaaagg_t320.a.r1,resistant
taacgaccattcctat_c.r1,sensitive
taacgacgtaacaagt_t320.a.r1,resistant
taacgacgtctacgta_c.r1,sensitive
taacttccaatgtcac_c.r1,sensitive
taacttccacaaatcc_c.r1,sensitive
taacttccacgacgtc_t320.a.r1,resistant
taacttccagtcacgc_c.r1,sensitive
taacttccagtcgctg_c.r1,sensitive
taacttcgtggcctca_c.r1,sensitive
taacttctcccataag_c.r1,sensitive
taacttctctaaacgc_t320.a.r1,resistant
taagcacagcgacagt_t320.a.r1,resistant
taagcgtgtgaggatc_t320.a.r1,resistant
taagcgttcactctta_t320.a.r1,resistant
taagcgttctcaaccc_c.r1,sensitive
taagtcggtcattccc_c.r1,sensitive
taagtcggtccaacgc_c.r1,sensitive
taagtcgtcgaacgcc_t320.a.r1,resistant
taatctcagatgtagt_t320.a.r1,resistant
taatctcagcacctgc_c.r1,sensitive
taatctccaacgttac_t320.a.r1,resistant
taatctccacaaagta_c.r1,sensitive
taatctccacggtctg_t320.a.r1,resistant
taatctccagtcggtc_c.r1,sensitive
taatctcgttgttgtg_t320.a.r1,resistant
taatctctcaagccta_t320.a.r1,resistant
taatctctcattcttg_t320.a.r1,resistant
taattccagagagaac_t320.a.r1,resistant
taattccagccattgt_c.r1,sensitive
taattcccagaatcgg_c.r1,sensitive
taattccgtatgatcc_c.r1,sensitive
tacaacgcagtgtact_c.r1,sensitive
tacaacgcattgcctc_t320.a.r1,resistant
tacaacgtcacctacc_t320.a.r1,resistant
tacaccctcaaggagc_c.r1,sensitive
tacaccctcctgttgc_t320.a.r1,resistant
tacaggtcaccaggtc_t320.a.r1,resistant
tacaggtcactaccgg_c.r1,sensitive
tacaggtgtggctctg_c.r1,sensitive
tacaggtgttgggaac_t320.a.r1,resistant
tacaggttccaaaggg_c.r1,sensitive
tacattcagaccaaat_c.r1,sensitive
tacattcgtcccggta_t320.a.r1,resistant
tacattcgtgtcttag_c.r1,sensitive
tacattctctagaacc_c.r1,sensitive
tacccacagaagtatc_t320.a.r1,resistant
tacccacagaccattc_t320.a.r1,resistant
tacccacagactctac_t320.a.r1,resistant
tacccacagctaaaca_c.r1,sensitive
tacccacagctaagta_c.r1,sensitive
tacccaccacgtatac_t320.a.r1,resistant
tacccacgtaattagg_c.r1,sensitive
tacccgttcgacgacc_t320.a.r1,resistant
taccgaacacttctcg_t320.a.r1,resistant
taccgaatccatactt_c.r1,sensitive
taccgaatctcttcaa_c.r1,sensitive
taccggggtggaccaa_c.r1,sensitive
taccgggtcgttatct_t320.a.r1,resistant
tacctcgcacgttggc_t320.a.r1,resistant
tacctcgcagcgcgtt_c.r1,sensitive
tacctcggtaagctct_c.r1,sensitive
tacctcggtgagatcg_c.r1,sensitive
tacctcgtccaggacc_t320.a.r1,resistant
tacctgcagaattgtg_c.r1,sensitive
tacctgccactaccgg_c.r1,sensitive
tacctgcgtcccacga_t320.a.r1,resistant
tacctgcgtcgaattc_c.r1,sensitive
tacctgctcccagcga_t320.a.r1,resistant
tacgctcagtcgaata_t320.a.r1,resistant
tacgctccaggtcaag_t320.a.r1,resistant
tacgctccatcaacca_t320.a.r1,resistant
tacgctcgtggctgct_c.r1,sensitive
tacgctctccaagcat_t320.a.r1,resistant
tacgctctctccctag_c.r1,sensitive
tacgggcagaacagga_c.r1,sensitive
tacgggcagtaacctc_c.r1,sensitive
tacgggccacgctgac_t320.a.r1,resistant
tacgggcgtatggagc_c.r1,sensitive
tacgggcgtctgtgat_c.r1,sensitive
tacgggcgttagagta_c.r1,sensitive
tacggtaagccagtag_t320.a.r1,resistant
tacggtacaaatgagt_c.r1,sensitive
tacggtacaaatgcgg_c.r1,sensitive
tacggtacagagtctt_c.r1,sensitive
tacggtagtacggatg_c.r1,sensitive
tacggtagtcagcgtc_t320.a.r1,resistant
tacggtagtcaggcaa_c.r1,sensitive
tacggtatcacagagg_t320.a.r1,resistant
tacggtatccatgcaa_t320.a.r1,resistant
tacgtccagttccgta_c.r1,sensitive
tacgtcccaaatgaac_c.r1,sensitive
tacgtcccaccaacat_t320.a.r1,resistant
tacgtccgttgctcgg_c.r1,sensitive
tacgtccgttgtttgg_c.r1,sensitive
tactgccagaagtcat_t320.a.r1,resistant
tactgcccaacaacaa_c.r1,sensitive
tactgcctcacccttg_c.r1,sensitive
tactgcctcgctgata_c.r1,sensitive
tacttacagcactaaa_c.r1,sensitive
tacttaccatggcgct_t320.a.r1,resistant
tacttacgttggcctg_c.r1,sensitive
tacttcacaccgaatt_c.r1,sensitive
tacttcatcttcccag_t320.a.r1,resistant
tacttgtagcactttg_c.r1,sensitive
tacttgtagcgcacaa_c.r1,sensitive
tacttgtcaagcgaac_t320.a.r1,resistant
tacttgtgtgagtcag_c.r1,sensitive
tagaccacacaatgct_t320.a.r1,resistant
tagaccacattgacca_t320.a.r1,resistant
tagaccagtgtggaca_c.r1,sensitive
tagactgagttagtga_t320.a.r1,resistant
tagactggtgcatgtt_c.r1,sensitive
tagactgtcccaggac_t320.a.r1,resistant
tagactgtcgcctatc_c.r1,sensitive
tagagtcagctggcct_t320.a.r1,resistant
tagagtctctgcttat_t320.a.r1,resistant
tagatcgagtgagtta_c.r1,sensitive
tagatcgcactacagt_t320.a.r1,resistant
tagatcggtcgtggaa_t320.a.r1,resistant
tagatcgtcattcatc_t320.a.r1,resistant
tagcacaagcatgcga_c.r1,sensitive
tagcacacaacggctc_c.r1,sensitive
tagcacacacaccgca_t320.a.r1,resistant
tagcacacaccactgg_c.r1,sensitive
tagcacacattcgggc_c.r1,sensitive
tagcacagtgctctct_c.r1,sensitive
tagcacatcttccgtg_t320.a.r1,resistant
taggaggcaccctcta_c.r1,sensitive
taggaggcagaggact_t320.a.r1,resistant
taggaggcatgtgact_t320.a.r1,resistant
taggagggtactgccg_c.r1,sensitive
taggagggtcgcctag_t320.a.r1,resistant
taggaggtctctagga_c.r1,sensitive
taggaggtctgcgtct_t320.a.r1,resistant
tagggttcagaacttc_c.r1,sensitive
tagggttgtactccct_t320.a.r1,resistant
tagggttgtctcgggt_c.r1,sensitive
tagggttgttacgccg_c.r1,sensitive
tagggttgttcaaacc_c.r1,sensitive
tagggtttcccgaata_t320.a.r1,resistant
tagggtttcgatggag_c.r1,sensitive
taggtacagcgctgaa_t320.a.r1,resistant
taggtaccactaacca_t320.a.r1,resistant
taggtacgtaatgatg_c.r1,sensitive
taggtacgtgtaacgg_c.r1,sensitive
taggtacgttaaagtg_t320.a.r1,resistant
taggtactcaacgtgt_c.r1,sensitive
taggtactcaaggctt_c.r1,sensitive
taggttgagactacct_t320.a.r1,resistant
taggttgcaacgaggt_c.r1,sensitive
taggttgcatgtggcc_t320.a.r1,resistant
taggttgtcggctgac_c.r1,sensitive
taggttgtctcccatg_t320.a.r1,resistant
tagtgcaagccgcttg_t320.a.r1,resistant
tagtgcaagcgatgac_c.r1,sensitive
tagtgcaaggagaatg_c.r1,sensitive
tagtgcaagtcatgaa_c.r1,sensitive
tagtgcacaaaccact_c.r1,sensitive
tagtgcacagcattgt_c.r1,sensitive
tagtgcagtcggaaca_t320.a.r1,resistant
tagtgcagtgcttcaa_c.r1,sensitive
tagtgcagttgccgca_c.r1,sensitive
tatacctagtatctgc_c.r1,sensitive
tatacctgtcacttag_c.r1,sensitive
tatacctgtgggttga_c.r1,sensitive
tataccttcagcctct_t320.a.r1,resistant
tataccttccacgtgg_c.r1,sensitive
tatatccagagcaacc_c.r1,sensitive
tatatccagatcacct_c.r1,sensitive
tatatcccaatcctag_c.r1,sensitive
tatatccgtagtaagt_c.r1,sensitive
tatatcctcttaccat_t320.a.r1,resistant
tatcaggaggtccaga_c.r1,sensitive
tatcaggagtcatacc_c.r1,sensitive
tatcaggcaagattga_c.r1,sensitive
tatcctaagacataac_c.r1,sensitive
tatcctaagctaaatg_t320.a.r1,resistant
tatcctaagtcttcga_t320.a.r1,resistant
tatcctacagctcata_t320.a.r1,resistant
tatcctacaggaacca_c.r1,sensitive
tatcctagtgacgcct_t320.a.r1,resistant
tatcgccaggaactcg_t320.a.r1,resistant
tatcgccgttggagac_t320.a.r1,resistant
tatctgtagcacctgc_c.r1,sensitive
tatctgtaggttctac_t320.a.r1,resistant
tatctgtagtgacacg_c.r1,sensitive
tatctgttcaaccgat_c.r1,sensitive
tatctgttctttgcat_t320.a.r1,resistant
tatcttgagcgtgaac_c.r1,sensitive
tatcttgcagatccat_t320.a.r1,resistant
tatcttgcaggaatcg_t320.a.r1,resistant
tatcttggtagctttg_t320.a.r1,resistant
tatgttccaaactaag_c.r1,sensitive
tatgttccaatcgcat_c.r1,sensitive
tatgttccacggcact_t320.a.r1,resistant
tatgttccatacagaa_c.r1,sensitive
tatgttcgtacccacg_t320.a.r1,resistant
tatgttctcccatacc_t320.a.r1,resistant
tatgttctccctctag_t320.a.r1,resistant
tattccaagctctatg_c.r1,sensitive
tattccacagctaact_c.r1,sensitive
tattccagtattgaga_t320.a.r1,resistant
tattccatcggactgc_t320.a.r1,resistant
tattccatctgggcgt_t320.a.r1,resistant
tattgctcaagaaatc_t320.a.r1,resistant
tattgctcagcttcgg_t320.a.r1,resistant
tattgctgtcacagtt_c.r1,sensitive
tattgggagaacgtgc_t320.a.r1,resistant
tattgggagcttacgt_c.r1,sensitive
tattgggcagttagaa_t320.a.r1,resistant
tattgggcatatcggt_c.r1,sensitive
tattggggtctgtgcg_t320.a.r1,resistant
tattggggttgcatgt_c.r1,sensitive
tattgggtctatgtgg_t320.a.r1,resistant
tatttcgaggcctgaa_c.r1,sensitive
tatttcggtgtgatgg_t320.a.r1,resistant
tatttcgtccgctagg_t320.a.r1,resistant
tcaagacagcagccct_c.r1,sensitive
tcaagacaggatacat_c.r1,sensitive
tcaagacagtcaagcg_t320.a.r1,resistant
tcaagaccagcgattt_c.r1,sensitive
tcaagacgtacctaac_c.r1,sensitive
tcaagacgtgtcttag_t320.a.r1,resistant
tcaagactcacagtgt_c.r1,sensitive
tcaagactcattggtg_c.r1,sensitive
tcaagcagtgaatgat_c.r1,sensitive
tcaagtgagatgaccg_c.r1,sensitive
tcaagtgaggaatgtt_t320.a.r1,resistant
tcaagtgagtcatgaa_t320.a.r1,resistant
tcaagtgcacacagag_c.r1,sensitive
tcaagtgcatcccact_c.r1,sensitive
tcaagtggtgttgccg_t320.a.r1,resistant
tcaatctagaaactac_t320.a.r1,resistant
tcaatctagacgactg_c.r1,sensitive
tcaatctcaagcccac_c.r1,sensitive
tcaatctcagagctag_c.r1,sensitive
tcaatctcatggaagc_c.r1,sensitive
tcaatctgtaatgcgg_t320.a.r1,resistant
tcaattcagacagtcg_t320.a.r1,resistant
tcaattccacaaggtg_t320.a.r1,resistant
tcaattctcccaagcg_c.r1,sensitive
tcacaagagcgtgtcc_c.r1,sensitive
tcacaaggtatggtaa_c.r1,sensitive
tcacaagtcacctctg_t320.a.r1,resistant
tcacaagtcgttgtga_t320.a.r1,resistant
tcacaagtcttagccc_t320.a.r1,resistant
tcacaccagcaattag_t320.a.r1,resistant
tcacaccagctagccc_c.r1,sensitive
tcacaccagctttccc_t320.a.r1,resistant
tcacaccagggatctg_c.r1,sensitive
tcacaccgtgtctaac_t320.a.r1,resistant
tcacattcaagtatcc_t320.a.r1,resistant
tcacattcagcgtgct_t320.a.r1,resistant
tcacattcagtgagca_c.r1,sensitive
tcacattgtgcgctca_t320.a.r1,resistant
tcacgctagcctcgtg_c.r1,sensitive
tcacgctcacggtgct_t320.a.r1,resistant
tcacgctcatcagcgc_t320.a.r1,resistant
tcacgctgtgtccgtg_t320.a.r1,resistant
tcacgcttccaacaca_c.r1,sensitive
tcacgcttcggactgc_t320.a.r1,resistant
tcacggggtactcaac_t320.a.r1,resistant
tcacggggttatcttc_c.r1,sensitive
tcactatagcaattcc_c.r1,sensitive
tcactataggcactag_t320.a.r1,resistant
tcactatagtgaatac_c.r1,sensitive
tcactatgtcgcttgg_c.r1,sensitive
tcactatgtgcgttta_c.r1,sensitive
tcactcgagaaagtct_t320.a.r1,resistant
tcactcgaggcactcc_c.r1,sensitive
tcactcggtctggtta_t320.a.r1,resistant
tcactcgtcaggtgtt_t320.a.r1,resistant
tcagcaacaactgatc_c.r1,sensitive
tcagcaatcacaccct_t320.a.r1,resistant
tcagcaatcacgggaa_c.r1,sensitive
tcagcaatctaagcca_t320.a.r1,resistant
tcagcctgtgagacgt_t320.a.r1,resistant
tcagcctgtgatcgtt_c.r1,sensitive
tcagccttccatgatg_c.r1,sensitive
tcagggcagcgatgca_t320.a.r1,resistant
tcagggccatatgaag_c.r1,sensitive
tcagggcgtacagaat_t320.a.r1,resistant
tcagggcgtccgaaag_c.r1,sensitive
tcagggctcacctcac_c.r1,sensitive
tcagggctcttcttcc_t320.a.r1,resistant
tcaggtaagcgagaaa_c.r1,sensitive
tcaggtacaagcgaac_t320.a.r1,resistant
tcaggtacatagaggc_c.r1,sensitive
tcaggtagtactgcgc_c.r1,sensitive
tcagtccgtaagaccg_c.r1,sensitive
tcagtcctcccttccc_c.r1,sensitive
tcagtcctcgacattg_c.r1,sensitive
tcagtgaagactcgag_c.r1,sensitive
tcagtgacacagtcgc_t320.a.r1,resistant
tcagtgacaccgtgca_t320.a.r1,resistant
tcagtttagtggaaga_t320.a.r1,resistant
tcagtttcacgttcgg_c.r1,sensitive
tcagtttcaggaggtt_t320.a.r1,resistant
tcagtttgtagatgta_c.r1,sensitive
tcagtttgtatacaga_c.r1,sensitive
tcagttttcgtcacct_c.r1,sensitive
tcagttttcttcccag_t320.a.r1,resistant
tcatactagttgtacc_t320.a.r1,resistant
tcatatccagtgaccc_t320.a.r1,resistant
tcatatcgtccacata_t320.a.r1,resistant
tcatatcgtctgtggc_c.r1,sensitive
tcatatctcgaaggac_t320.a.r1,resistant
tcatatctctcgtggg_c.r1,sensitive
tcatatctctctggtc_c.r1,sensitive
tcatatctctgtaagc_t320.a.r1,resistant
tcatcataggactggt_c.r1,sensitive
tcatcataggataatc_c.r1,sensitive
tcatcatgtagttacc_c.r1,sensitive
tcatcatgtctgcgca_c.r1,sensitive
tcatcattcacacgat_c.r1,sensitive
tcatcattcgtaggga_t320.a.r1,resistant
tcatccggtagcgatg_c.r1,sensitive
tcatccggtgaggcat_t320.a.r1,resistant
tcatccgtcagaatag_t320.a.r1,resistant
tcatgagagcattgaa_t320.a.r1,resistant
tcatgagagccacaag_c.r1,sensitive
tcatgagcaccgtgca_t320.a.r1,resistant
tcatgagcactgattg_t320.a.r1,resistant
tcatgagcatgccggt_t320.a.r1,resistant
tcatgaggtgcatttg_c.r1,sensitive
tcatgaggttgtgcat_c.r1,sensitive
tcatgagtcaagaaac_t320.a.r1,resistant
tcatgcctcacaccgg_c.r1,sensitive
tcatgcctcccaactc_c.r1,sensitive
tcatggacataactcg_c.r1,sensitive
tcatggagtcgcttgg_c.r1,sensitive
tcatggagttcagtac_t320.a.r1,resistant
tcatggatcaccatga_c.r1,sensitive
tcatgttagattgagt_c.r1,sensitive
tcatgtttcttactgt_c.r1,sensitive
tcattacagcatcaaa_c.r1,sensitive
tcattacagcggatca_c.r1,sensitive
tcattacgtactcgcg_t320.a.r1,resistant
tcattactcactcgaa_c.r1,sensitive
tcattactcagggtag_c.r1,sensitive
tcattactcgccgagt_c.r1,sensitive
tcattactcttacact_c.r1,sensitive
tcattcagttagggac_c.r1,sensitive
tcattcagttgccata_t320.a.r1,resistant
tcattgtagaacccga_c.r1,sensitive
tcattgtagattgcgg_t320.a.r1,resistant
tcattgtcaggcctgt_c.r1,sensitive
tcattgtcatgtttgg_c.r1,sensitive
tcattgtgtctacaac_c.r1,sensitive
tcattgtgtgcgacaa_t320.a.r1,resistant
tcattgttcctcaggg_c.r1,sensitive
tcatttgagtgaggtc_t320.a.r1,resistant
tcatttgcagtttggt_c.r1,sensitive
tcatttggtatgtctg_t320.a.r1,resistant
tcatttgtctagagct_t320.a.r1,resistant
tccaccacaccagcgt_c.r1,sensitive
tccaccacaccgtctt_c.r1,sensitive
tccaccacatagaggc_t320.a.r1,resistant
tccaccacatggacag_t320.a.r1,resistant
tccaccagtaagaccg_c.r1,sensitive
tccaccagtcagacga_c.r1,sensitive
tccaccagtcatcgcg_c.r1,sensitive
tccaccagtgtcgctg_c.r1,sensitive
tccaccatcatggccg_c.r1,sensitive
tccaccatcatttcca_c.r1,sensitive
tccaccatcgtcgctt_c.r1,sensitive
tccacgtagagtcttc_c.r1,sensitive
tccacgtcacggccat_t320.a.r1,resistant
tccacgtcatcgtgcg_t320.a.r1,resistant
tccacgtgtaacccta_t320.a.r1,resistant
tccacgtgtgttcatg_c.r1,sensitive
tccacgtgttgtggag_c.r1,sensitive
tccagaaaggacttct_t320.a.r1,resistant
tccagaatctctcgca_t320.a.r1,resistant
tccatcgagaagtatc_t320.a.r1,resistant
tccatcgagtgtcatc_c.r1,sensitive
tccatcgcagattcgt_t320.a.r1,resistant
tccatcggtaggctga_c.r1,sensitive
tccatgccacacgtgc_c.r1,sensitive
tccatgccactatcga_c.r1,sensitive
tccatgctcgtgagag_t320.a.r1,resistant
tccatgctctcactcg_c.r1,sensitive
tcccacaagcctattg_t320.a.r1,resistant
tcccacacaagcccac_c.r1,sensitive
tcccacacagattcgt_c.r1,sensitive
tcccacacaggaatat_t320.a.r1,resistant
tcccacagtagctaaa_t320.a.r1,resistant
tcccacagtatgtgtc_c.r1,sensitive
tcccacagtgtcatgt_c.r1,sensitive
tcccacagttcacgat_c.r1,sensitive
tcccacatccgatgta_c.r1,sensitive
tcccacatctctcgac_t320.a.r1,resistant
tcccagtagtccgtcg_c.r1,sensitive
tcccagtgtcaccttc_c.r1,sensitive
tcccagttcatttcgt_t320.a.r1,resistant
tcccagttcgccataa_t320.a.r1,resistant
tcccatgagatccaaa_c.r1,sensitive
tcccatgaggtgcgat_c.r1,sensitive
tcccatggtcgcggtt_c.r1,sensitive
tcccatggtggtacag_t320.a.r1,resistant
tcccatgtcagctgta_c.r1,sensitive
tccgaaacatccgcga_t320.a.r1,resistant
tccgaaatcgacccag_t320.a.r1,resistant
tccgatcagggtaatt_c.r1,sensitive
tccgatccactatcga_t320.a.r1,resistant
tccgatccattctcta_t320.a.r1,resistant
tccgatcgtgctgcac_t320.a.r1,resistant
tccgatcgtttacgac_c.r1,sensitive
tccgatctcaaggctt_t320.a.r1,resistant
tccgatctcactacga_c.r1,sensitive
tccgggaaggccatag_c.r1,sensitive
tccgggaaggtgatcg_t320.a.r1,resistant
tccgggacagttgttg_t320.a.r1,resistant
tccgggacatggaata_c.r1,sensitive
tccgggacattcaccc_c.r1,sensitive
tccgggagtcctgtct_c.r1,sensitive
tccgggagttatccag_t320.a.r1,resistant
tccgggatcaaagcct_t320.a.r1,resistant
tccgtgtcagcttcgg_c.r1,sensitive
tccgtgtcatggatct_c.r1,sensitive
tccgtgtgtacaaagt_c.r1,sensitive
tccgtgtgtaggaggg_c.r1,sensitive
tccgtgttcagtggga_c.r1,sensitive
tccgtgttctgcgata_c.r1,sensitive
tcctaatcaaccaact_t320.a.r1,resistant
tcctaatcaagtggac_c.r1,sensitive
tcctaatgttatcttc_t320.a.r1,resistant
tcctaattcagcgcac_c.r1,sensitive
tcctccccacccataa_c.r1,sensitive
tcctccccagaactct_c.r1,sensitive
tcctccccagagttgg_c.r1,sensitive
tcctcccgtatatgga_t320.a.r1,resistant
tcctccctccagctct_t320.a.r1,resistant
tcctccctcgcactct_c.r1,sensitive
tcctccctcgttatct_c.r1,sensitive
tcctcgaagcgttagg_t320.a.r1,resistant
tcctcgaagggtagct_c.r1,sensitive
tcctcgaagtatgcaa_c.r1,sensitive
tcctcgaagtccgcgt_t320.a.r1,resistant
tcctcgacagaagctg_c.r1,sensitive
tcctcgagtcttcatt_c.r1,sensitive
tcctcgagtggctacc_c.r1,sensitive
tcctcgatccatagac_c.r1,sensitive
tcctcgatccgctagg_c.r1,sensitive
tcctcttagagcagct_t320.a.r1,resistant
tcctcttcaagtccat_c.r1,sensitive
tcctcttcagagtaat_t320.a.r1,resistant
tcctcttgtacagaat_c.r1,sensitive
tcctcttgtttactgg_c.r1,sensitive
tcctctttcatcctgc_t320.a.r1,resistant
tcctctttctatcact_t320.a.r1,resistant
tcctctttctttcagt_c.r1,sensitive
tcctgcacactgcttc_t320.a.r1,resistant
tcctgcacattgaaag_c.r1,sensitive
tcctgcagtcgcacac_t320.a.r1,resistant
tccttctagcctcttc_c.r1,sensitive
tccttctagtcatgct_t320.a.r1,resistant
tccttctagttagtga_c.r1,sensitive
tccttctcagagcgta_t320.a.r1,resistant
tccttctcagtttggt_t320.a.r1,resistant
tccttctgtacgcgtc_t320.a.r1,resistant
tccttctgtgaagcgt_t320.a.r1,resistant
tcctttcagccgcttg_t320.a.r1,resistant
tcctttcaggccatag_t320.a.r1,resistant
tcctttccaaacaggc_c.r1,sensitive
tcctttcgtcacagtt_c.r1,sensitive
tcctttcgttgtggcc_t320.a.r1,resistant
tcctttctcgatccct_t320.a.r1,resistant
tcctttctctatcgtt_c.r1,sensitive
tcgaacaagcgtgcct_c.r1,sensitive
tcgaacacatcagcta_c.r1,sensitive
tcgaacacatcgaagg_c.r1,sensitive
tcgaacatcttcccag_c.r1,sensitive
tcgaagtagcatcttg_c.r1,sensitive
tcgaagtgtccctgag_t320.a.r1,resistant
tcgaagtgtggtctcg_t320.a.r1,resistant
tcgaagttcaaacgaa_t320.a.r1,resistant
tcgaagttcattatcc_c.r1,sensitive
tcgaagttccatcacc_c.r1,sensitive
tcgaagttccgcttac_t320.a.r1,resistant
tcgaagttcgtgttcc_c.r1,sensitive
tcgaagttcttaccat_c.r1,sensitive
tcgacctaggattaca_c.r1,sensitive
tcgacctcaggctacc_c.r1,sensitive
tcgacctgttaccgta_t320.a.r1,resistant
tcgacggagtaccgga_t320.a.r1,resistant
tcgacggagttctctt_t320.a.r1,resistant
tcgacgggtgggctct_t320.a.r1,resistant
tcgacggtcctgggtg_t320.a.r1,resistant
tcgacggtcctgtaag_t320.a.r1,resistant
tcgatttgtaggagtc_c.r1,sensitive
tcgatttgtcgcagtc_t320.a.r1,resistant
tcgatttgtcgtggtc_t320.a.r1,resistant
tcgatttgttacgtac_c.r1,sensitive
tcgattttcaacgagg_t320.a.r1,resistant
tcgcactcatctcatt_t320.a.r1,resistant
tcgcactgtagcgatg_t320.a.r1,resistant
tcgcactgtcggccta_c.r1,sensitive
tcgcacttcctctcga_c.r1,sensitive
tcgcaggagattgaca_c.r1,sensitive
tcgcaggagtgcagca_c.r1,sensitive
tcgcaggcaaataagc_c.r1,sensitive
tcgcaggcaattgcgt_t320.a.r1,resistant
tcgcagggttgactgt_c.r1,sensitive
tcgcaggtcgcctagg_c.r1,sensitive
tcgcaggtcgtctcac_t320.a.r1,resistant
tcgctcacatgacttg_t320.a.r1,resistant
tcgcttgagcttgtgt_t320.a.r1,resistant
tcgcttggtcggcact_c.r1,sensitive
tcgcttgtcagagcga_c.r1,sensitive
tcgcttgtcagtcatg_t320.a.r1,resistant
tcggataaggacccaa_t320.a.r1,resistant
tcggatagtacaaaca_t320.a.r1,resistant
tcggatatctgggcgt_c.r1,sensitive
tcgggacaggcaccaa_t320.a.r1,resistant
tcgggacgttcaagtc_t320.a.r1,resistant
tcgggcaagcctgaag_c.r1,sensitive
tcgggcagtccatctc_t320.a.r1,resistant
tcgggcagttcgtaca_c.r1,sensitive
tcgggcatcaagtaag_c.r1,sensitive
tcgggcatcggaattc_t320.a.r1,resistant
tcgggtgagcctattg_t320.a.r1,resistant
tcgggtgcaatagtag_c.r1,sensitive
tcgggtgcacgacaga_t320.a.r1,resistant
tcgggtgcatcggcca_t320.a.r1,resistant
tcgggtggtagcgagt_c.r1,sensitive
tcgggtgtctagagct_t320.a.r1,resistant
tcggtctagatgattg_t320.a.r1,resistant
tcggtctgtctttcat_t320.a.r1,resistant
tcggtctgtgtctaac_c.r1,sensitive
tcggtcttcgtgtggc_t320.a.r1,resistant
tcgtagacaggttccg_c.r1,sensitive
tcgtagacatgacccg_t320.a.r1,resistant
tcgtagacattgaaag_t320.a.r1,resistant
tcgtagatcaccgggt_t320.a.r1,resistant
tcgtagatcgcctcta_c.r1,sensitive
tcgtccaaggatcacg_c.r1,sensitive
tcgtccaaggcgacat_t320.a.r1,resistant
tcgtccacacaaagta_t320.a.r1,resistant
tcgtccatctgtcgtc_c.r1,sensitive
tcgtccatcttcgacc_t320.a.r1,resistant
tcgtgctgtctaacgt_c.r1,sensitive
tcgtgggagaatttgg_t320.a.r1,resistant
tcgtggggttaatgag_c.r1,sensitive
tcgtgggtcttagcag_c.r1,sensitive
tctaactaggagcaaa_t320.a.r1,resistant
tctaactaggtctttg_t320.a.r1,resistant
tctaactgtactggga_t320.a.r1,resistant
tctacatcacaagctt_t320.a.r1,resistant
tctacatcagatccta_c.r1,sensitive
tctacatgtgcatgag_c.r1,sensitive
tctaccgcacgtagag_t320.a.r1,resistant
tctaccggttgctcct_t320.a.r1,resistant
tctataccagctgtcg_c.r1,sensitive
tctatacgtgatactc_c.r1,sensitive
tctatactcacggaga_c.r1,sensitive
tctatactcactggta_c.r1,sensitive
tctatactcctgggac_t320.a.r1,resistant
tctatactcggactgc_t320.a.r1,resistant
tctatcagtagcgtag_c.r1,sensitive
tctcacgcataccagt_c.r1,sensitive
tctcacgcattcatct_t320.a.r1,resistant
tctcacggttccaggc_t320.a.r1,resistant
tctcagcagaatttgg_c.r1,sensitive
tctcagcagctgactt_c.r1,sensitive
tctcagcagggcatgt_c.r1,sensitive
tctcagccactccact_t320.a.r1,resistant
tctcagccatactgac_t320.a.r1,resistant
tctcagccattaggct_c.r1,sensitive
tctcagcgtttacgtg_c.r1,sensitive
tctcagctcattatcc_c.r1,sensitive
tctcagctccagctct_t320.a.r1,resistant
tctcagctccttcgac_c.r1,sensitive
tctccgacactatcga_c.r1,sensitive
tctccgacatgggttt_t320.a.r1,resistant
tctccgagtttagtcg_c.r1,sensitive
tctccgatcaactacg_t320.a.r1,resistant
tctccgatcccgagtg_c.r1,sensitive
tctctggagtatcctg_t320.a.r1,resistant
tctctggcatacaggg_t320.a.r1,resistant
tctctgggtagaatac_t320.a.r1,resistant
tctctgggtccacttc_c.r1,sensitive
tctctggtccacgtct_c.r1,sensitive
tctgccaagatgcgac_t320.a.r1,resistant
tctgccaaggaactcg_t320.a.r1,resistant
tctgccacaagtgacg_t320.a.r1,resistant
tctgccagtaccggaa_t320.a.r1,resistant
tctgccatccgcaacg_c.r1,sensitive
tctggctgtaagatca_c.r1,sensitive
tctggctgtggtctta_c.r1,sensitive
tctgtcgagccgatcc_c.r1,sensitive
tctgtcgagctgtgcc_t320.a.r1,resistant
tctgtcgcacttgaac_t320.a.r1,resistant
tcttagtagctgaaat_c.r1,sensitive
tcttagtagtccgtcg_c.r1,sensitive
tcttagtcagggagag_t320.a.r1,resistant
tcttagttcttcgtgc_c.r1,sensitive
tcttcctaggcactcc_t320.a.r1,resistant
tcttcctaggtaatca_c.r1,sensitive
tcttcctgtgctctct_t320.a.r1,resistant
tcttccttccgtttcg_t320.a.r1,resistant
tcttgcggtagagctg_t320.a.r1,resistant
tcttgcggtgtaacgg_t320.a.r1,resistant
tctttgaagactgttc_c.r1,sensitive
tctttgatcagtaggg_t320.a.r1,resistant
tctttgatcgtaactg_t320.a.r1,resistant
tgaacgtagaagcgct_t320.a.r1,resistant
tgaacgtagtagagtt_c.r1,sensitive
tgaatcgcagcgtgaa_c.r1,sensitive
tgaatcggtaccgcgt_t320.a.r1,resistant
tgaatgctctcctgac_c.r1,sensitive
tgacagtagaagcgct_t320.a.r1,resistant
tgacagtagacgccct_c.r1,sensitive
tgacagtaggtcaccc_t320.a.r1,resistant
tgacagtcagcaagac_c.r1,sensitive
tgacagtcagcgttgc_t320.a.r1,resistant
tgacagtgttctccca_t320.a.r1,resistant
tgacagttccgttggg_t320.a.r1,resistant
tgacagttcgcatgat_t320.a.r1,resistant
tgacagttctatgccc_t320.a.r1,resistant
tgaccctagtacagcg_t320.a.r1,resistant
tgaccctagtcctgcg_c.r1,sensitive
tgacgcgcaggctctg_t320.a.r1,resistant
tgacgcgcatctcaag_c.r1,sensitive
tgacgcggttgaatcc_t320.a.r1,resistant
tgacgcgtccttatca_c.r1,sensitive
tgagactcataagatg_c.r1,sensitive
tgagactgtcattgca_t320.a.r1,resistant
tgagactgtgagatcg_t320.a.r1,resistant
tgagacttctgtccgt_c.r1,sensitive
tgagcatcaagactgg_t320.a.r1,resistant
tgagcatgtcaaggca_c.r1,sensitive
tgagcatgtcataaag_c.r1,sensitive
tgagcattctgtccgt_t320.a.r1,resistant
tgagcgcagaagtgtt_t320.a.r1,resistant
tgagcgcagcaccaga_c.r1,sensitive
tgagcgcagcactcta_c.r1,sensitive
tgagcgccatcgttcc_t320.a.r1,resistant
tgagcgcgtatgaggc_c.r1,sensitive
tgagcgcgttgggttt_t320.a.r1,resistant
tgaggagagagatgcc_t320.a.r1,resistant
tgaggagagatccaaa_t320.a.r1,resistant
tgaggagagctcgacc_c.r1,sensitive
tgaggagaggatttcc_c.r1,sensitive
tgaggaggtgagtcag_c.r1,sensitive
tgaggagtcccgtgtt_c.r1,sensitive
tgaggagtctgtccgt_t320.a.r1,resistant
tgagggaagaggatcc_t320.a.r1,resistant
tgagggaagagtaact_c.r1,sensitive
tgagggaaggactaat_t320.a.r1,resistant
tgagggaagtctcctc_c.r1,sensitive
tgagggagtacttgtg_t320.a.r1,resistant
tgagggagtcgcgtca_c.r1,sensitive
tgagggatcgtcaaca_t320.a.r1,resistant
tgaggttagcctgtgc_t320.a.r1,resistant
tgaggttcactgcacg_t320.a.r1,resistant
tgaggtttcattactc_c.r1,sensitive
tgaggtttccctcaac_t320.a.r1,resistant
tgagtcaagtgccgaa_t320.a.r1,resistant
tgagtcacatcaacca_c.r1,sensitive
tgagtcatcttcggtc_t320.a.r1,resistant
tgatcagagagaggta_t320.a.r1,resistant
tgatcagcaagcggat_c.r1,sensitive
tgatcagtctctcgca_t320.a.r1,resistant
tgatcagtcttcttcc_t320.a.r1,resistant
tgatcttcataggttc_t320.a.r1,resistant
tgatcttgttgtggcc_c.r1,sensitive
tgatcttgtttgttct_c.r1,sensitive
tgatctttcaagcttg_c.r1,sensitive
tgatgcagtagacaat_c.r1,sensitive
tgatggtagcgttgtt_t320.a.r1,resistant
tgatggtagggaacaa_t320.a.r1,resistant
tgatggtcagttcaca_t320.a.r1,resistant
tgatggtcatagtcac_t320.a.r1,resistant
tgatggtcatccttcg_t320.a.r1,resistant
tgatggtcatcgttcc_c.r1,sensitive
tgatggtgtaaggcca_c.r1,sensitive
tgatggtgtttgttct_t320.a.r1,resistant
tgatggttcttgcgct_c.r1,sensitive
tgattctagctgactt_c.r1,sensitive
tgattctcaccagcca_c.r1,sensitive
tgattctgtgcaggat_c.r1,sensitive
tgattcttcaacgagg_t320.a.r1,resistant
tgatttccatccgaat_c.r1,sensitive
tgatttcgtcttcaag_t320.a.r1,resistant
tgatttctccacacaa_c.r1,sensitive
tgcacggagatagcat_t320.a.r1,resistant
tgcacggcactagagg_c.r1,sensitive
tgcacggcactcaagt_c.r1,sensitive
tgcacggcagaaaccg_c.r1,sensitive
tgcacgggtccaaagg_t320.a.r1,resistant
tgcacggtcagcaatc_c.r1,sensitive
tgcagataggtaagag_c.r1,sensitive
tgcagatcaccctcta_t320.a.r1,resistant
tgcagatgtacccagc_t320.a.r1,resistant
tgcagatgttcaatcg_t320.a.r1,resistant
tgcagattcttagctt_c.r1,sensitive
tgcaggccatgagaat_t320.a.r1,resistant
tgcaggcgtggaccaa_t320.a.r1,resistant
tgcagtaagacagcgt_c.r1,sensitive
tgcagtaaggctatct_t320.a.r1,resistant
tgcagtagtcaaccat_c.r1,sensitive
tgcagtagttagaaac_t320.a.r1,resistant
tgcagtatccgaacgc_c.r1,sensitive
tgcatccagccgcact_c.r1,sensitive
tgcatcccaaagtatg_t320.a.r1,resistant
tgcatcccaagagtat_c.r1,sensitive
tgcatcccagctcggt_t320.a.r1,resistant
tgcatccgtaacttcg_c.r1,sensitive
tgcatccgtgcaatgg_t320.a.r1,resistant
tgcatcctctatgtgg_c.r1,sensitive
tgcatgaagataacac_c.r1,sensitive
tgcatgaagtacaaca_t320.a.r1,resistant
tgcatgacaatgtggg_c.r1,sensitive
tgcatgacatcgctaa_c.r1,sensitive
tgcatgacatgaatcc_t320.a.r1,resistant
tgcatgatcgcctcta_c.r1,sensitive
tgcatgatcttcttcc_c.r1,sensitive
tgccgagagagttgcg_c.r1,sensitive
tgccgagcacagcatt_c.r1,sensitive
tgccgagcagcaagac_t320.a.r1,resistant
tgccgaggtatggtaa_c.r1,sensitive
tgccgaggtgtcatgt_c.r1,sensitive
tgccgagtctcttaac_c.r1,sensitive
tgcgacgagcgagaaa_c.r1,sensitive
tgcgacgaggcatcag_t320.a.r1,resistant
tgcgacgaggcctaag_c.r1,sensitive
tgcgacgcaagttcgt_c.r1,sensitive
tgcgacgcacctaaac_t320.a.r1,resistant
tgcgacggtgcaataa_c.r1,sensitive
tgcgataagacgccct_c.r1,sensitive
tgcgatagttctcgct_t320.a.r1,resistant
tgcggcaagattcgct_t320.a.r1,resistant
tgcggcaagcgaatgc_c.r1,sensitive
tgcggcaagtacaaca_c.r1,sensitive
tgcggcacaagggtca_t320.a.r1,resistant
tgcggcacaagtggca_c.r1,sensitive
tgcggcacaatacctg_c.r1,sensitive
tgcggcacaggcctgt_t320.a.r1,resistant
tgcggcatcatgcagt_c.r1,sensitive
tgctccaagaccataa_c.r1,sensitive
tgctccaagcaacagc_c.r1,sensitive
tgctccaagcatttcg_c.r1,sensitive
tgctccaagcgtcgaa_t320.a.r1,resistant
tgctccaagtcgcgaa_c.r1,sensitive
tgctccatctttgcgc_c.r1,sensitive
tgctcgtcataccgta_c.r1,sensitive
tgctcgttctttcagt_c.r1,sensitive
tgctgaaagaagctgc_c.r1,sensitive
tgctgaagtttgaacc_t320.a.r1,resistant
tgctgaatcagaccta_t320.a.r1,resistant
tgctgaatcccgtgag_c.r1,sensitive
tgctgaatcgacacta_t320.a.r1,resistant
tgctgaatctccgatc_c.r1,sensitive
tgcttcggtcgaagca_t320.a.r1,resistant
tgcttcgtctccactg_t320.a.r1,resistant
tgcttgcagtgcaggt_c.r1,sensitive
tgcttgcgttggatct_c.r1,sensitive
tggaactagctgacag_c.r1,sensitive
tggaactagtcattgc_c.r1,sensitive
tggaacttccattcat_c.r1,sensitive
tggaacttctgcgata_c.r1,sensitive
tggagagagcagcgat_t320.a.r1,resistant
tggagaggtagcgagt_t320.a.r1,resistant
tggagaggtatatgga_t320.a.r1,resistant
tggagaggtctacaac_c.r1,sensitive
tggagaggttaggagc_c.r1,sensitive
tggaggaagatacgat_c.r1,sensitive
tggaggaagctgttac_c.r1,sensitive
tggaggacatccgcga_t320.a.r1,resistant
tggaggagtgaattga_t320.a.r1,resistant
tggaggagttcgttcc_t320.a.r1,resistant
tggaggatcatctact_c.r1,sensitive
tggaggatcgttcctg_t320.a.r1,resistant
tggatcaagaggtcac_c.r1,sensitive
tggatcaaggaactat_c.r1,sensitive
tggatcagttgactac_t320.a.r1,resistant
tggatgtcagtagttc_c.r1,sensitive
tggatgtcatccggca_t320.a.r1,resistant
tggatgttccacgaat_t320.a.r1,resistant
tggcgtgagaggttat_c.r1,sensitive
tggcgtgaggctctat_t320.a.r1,resistant
tggcgtgagtgcaacg_t320.a.r1,resistant
tggcgtgtccatctat_c.r1,sensitive
tggcgtgtcgaccata_c.r1,sensitive
tgggaagagctaatga_t320.a.r1,resistant
tgggaagagtgctcat_t320.a.r1,resistant
tgggaaggtgcatttg_t320.a.r1,resistant
tgggaaggtggaatgc_c.r1,sensitive
tgggaagtccagtgta_c.r1,sensitive
tgggaagtctgggtcg_t320.a.r1,resistant
tgggagacaactgtgt_t320.a.r1,resistant
tgggagacaatctctt_c.r1,sensitive
tgggagagtccatagt_t320.a.r1,resistant
tgggagagtctcacgg_c.r1,sensitive
tgggagagttcaacgt_t320.a.r1,resistant
tgggagatcactttgt_c.r1,sensitive
tgggagatctacaggt_c.r1,sensitive
tgggattcaagacggt_c.r1,sensitive
tgggattgtccaggtc_t320.a.r1,resistant
tgggattgtctcagat_t320.a.r1,resistant
tgggcgtagcatactc_t320.a.r1,resistant
tgggcgtcacaagttc_c.r1,sensitive
tgggctgcattgactg_c.r1,sensitive
tgggctggttagctac_c.r1,sensitive
tgggctggttccacgg_c.r1,sensitive
tgggctgtctgagagg_t320.a.r1,resistant
tgggttaagccttgat_t320.a.r1,resistant
tgggttaagtgtagta_c.r1,sensitive
tgggttagtaacgata_t320.a.r1,resistant
tgggttagtacattgc_c.r1,sensitive
tgggttagtgtgtact_t320.a.r1,resistant
tgggttatctgcatga_t320.a.r1,resistant
tggtacaagtgatagt_c.r1,sensitive
tggtacaagtgttcca_t320.a.r1,resistant
tggtacacaattgcca_c.r1,sensitive
tggtacagtggatcga_t320.a.r1,resistant
tggtacatctagagct_c.r1,sensitive
tggtacatctctcgac_c.r1,sensitive
tggtagtagaccaaat_c.r1,sensitive
tggtagttcgttcgct_c.r1,sensitive
tggtgatagtgcccgt_t320.a.r1,resistant
tggtgatgtagacgtg_c.r1,sensitive
tggtgatgtagcgtcc_c.r1,sensitive
tggtgatgtcgttgcg_t320.a.r1,resistant
tggtgatgttgggaca_t320.a.r1,resistant
tggtgattcgccactt_c.r1,sensitive
tggttagcaaagggct_t320.a.r1,resistant
tggttagtcattggtg_t320.a.r1,resistant
tggttagtcggataaa_c.r1,sensitive
tggttagtctcatgcc_c.r1,sensitive
tgtaacgagccttctc_t320.a.r1,resistant
tgtaacggtgtagtgg_t320.a.r1,resistant
tgtaacgtctctagga_t320.a.r1,resistant
tgtaagcaggttcact_c.r1,sensitive
tgtaagccacgtatac_c.r1,sensitive
tgtaagccagcgtaga_t320.a.r1,resistant
tgtaagcgtcctccat_c.r1,sensitive
tgtaagcgtctacgta_c.r1,sensitive
tgtaagctcatgaggg_t320.a.r1,resistant
tgtaagctccgggact_c.r1,sensitive
tgtacagcagctctgg_c.r1,sensitive
tgtacagcagttgaaa_c.r1,sensitive
tgtacagcatcgaact_t320.a.r1,resistant
tgtacagcatgacact_t320.a.r1,resistant
tgtacaggtgcagtga_t320.a.r1,resistant
tgtacagtccgggact_c.r1,sensitive
tgtagacagtgcacag_t320.a.r1,resistant
tgtagacagttacgaa_c.r1,sensitive
tgtagacgtgaattag_c.r1,sensitive
tgtagactcaatcggt_c.r1,sensitive
tgtagactcattacgg_c.r1,sensitive
tgtagactcgcgatcg_t320.a.r1,resistant
tgtcagagtactcgat_c.r1,sensitive
tgtccacagaccagac_t320.a.r1,resistant
tgtccacagagcaaga_t320.a.r1,resistant
tgtccacagattgggc_t320.a.r1,resistant
tgtccacagggtggga_t320.a.r1,resistant
tgtccacgtaagtcaa_c.r1,sensitive
tgtccactctagcaac_c.r1,sensitive
tgtccactctcatgga_t320.a.r1,resistant
tgtcccacaactcgat_c.r1,sensitive
tgtcccacaatctgca_c.r1,sensitive
tgtcccatcactctta_t320.a.r1,resistant
tgtcccatccacggac_c.r1,sensitive
tgtcccatccgtagta_c.r1,sensitive
tgtcctgaggacaaga_c.r1,sensitive
tgtcctgcaaaccgga_c.r1,sensitive
tgtcctggtcatgcat_t320.a.r1,resistant
tgtcctggtgcccagt_c.r1,sensitive
tgtcctgtcgctctca_t320.a.r1,resistant
tgtcctgtcttcgacc_t320.a.r1,resistant
tgtgagtagatcgctt_c.r1,sensitive
tgtgagtagatgggct_c.r1,sensitive
tgtgagtagcggtagt_t320.a.r1,resistant
tgtgagtcacaaagcg_c.r1,sensitive
tgtgagtgtaacttcg_c.r1,sensitive
tgtgagttccaaacca_t320.a.r1,resistant
tgtgatgagagtcgac_c.r1,sensitive
tgtgatgcactgagtt_t320.a.r1,resistant
tgtgatgcataggtaa_c.r1,sensitive
tgtgatgtcgtaggag_t320.a.r1,resistant
tgtgcggagtatgcaa_t320.a.r1,resistant
tgtgcggcaggcatga_t320.a.r1,resistant
tgtgcggcatgacgag_t320.a.r1,resistant
tgtgcgggtaggtgca_t320.a.r1,resistant
tgtgcgggtccaacgc_c.r1,sensitive
tgtgcgggtgccggtt_c.r1,sensitive
tgtgcgggtgtacagg_c.r1,sensitive
tgtgcggtcgctattt_t320.a.r1,resistant
tgtggcgagacgccct_c.r1,sensitive
tgtggcgcataatccg_t320.a.r1,resistant
tgtggcgcattgcctc_t320.a.r1,resistant
tgtggcggtccttgtc_c.r1,sensitive
tgtggcgtcaccacaa_c.r1,sensitive
tgtggcgtcgccgaac_t320.a.r1,resistant
tgtgtgacatcctcac_c.r1,sensitive
tgtgtgatcttgtgcc_t320.a.r1,resistant
tgttactagggaacaa_t320.a.r1,resistant
tgttactaggtaatca_c.r1,sensitive
tgttactagtaatacg_c.r1,sensitive
tgttactgtctagatc_t320.a.r1,resistant
tgttactgtttgttct_c.r1,sensitive
tgttacttcagacatc_t320.a.r1,resistant
tgttacttctcagaac_t320.a.r1,resistant
tgttacttctctgaga_c.r1,sensitive
tgttcataggttctac_c.r1,sensitive
tgttcatcacgcgcat_c.r1,sensitive
tgttcatcatcccgtt_t320.a.r1,resistant
tgttcatgtaccatac_c.r1,sensitive
tgttcatgtctttatc_t320.a.r1,resistant
tgttccgaggttacct_c.r1,sensitive
tgttccgcacgttggc_c.r1,sensitive
tgttccgtcgttatct_t320.a.r1,resistant
tgttctaagaaatcca_t320.a.r1,resistant
tgttctaagcgatgca_c.r1,sensitive
tgttgagaggctccca_c.r1,sensitive
tgttgagcaacttgca_t320.a.r1,resistant
tgttgagcagtaggac_c.r1,sensitive
tgttgaggtagagtta_c.r1,sensitive
tgttgaggtgcctacg_c.r1,sensitive
tgttgagtcgagtccg_c.r1,sensitive
tgttgagtcggtcata_t320.a.r1,resistant
tgttgagtcgttgcct_t320.a.r1,resistant
tgttgagtctacctta_c.r1,sensitive
tgttggaagcaaatgt_t320.a.r1,resistant
tgttggaagtatgagt_c.r1,sensitive
tgttggagtccgcagt_c.r1,sensitive
tgtttgtcaggcacaa_c.r1,sensitive
tgtttgtgtgcaataa_t320.a.r1,resistant
tgtttgttcgccgaac_c.r1,sensitive
ttaatccagtcataga_c.r1,sensitive
ttaatcccactacttt_c.r1,sensitive
ttaatccgtcaccctt_t320.a.r1,resistant
ttaatcctctcctgac_c.r1,sensitive
ttacaggcagaaaccg_c.r1,sensitive
ttacagggttagggac_c.r1,sensitive
ttacaggtctacccac_t320.a.r1,resistant
ttaccatagctcagag_t320.a.r1,resistant
ttaccattctagagct_t320.a.r1,resistant
ttaccgcagaagcggg_t320.a.r1,resistant
ttaccgcagaccctta_c.r1,sensitive
ttaccgcaggcgatac_c.r1,sensitive
ttaccgccagtgaccc_t320.a.r1,resistant
ttaccgcgtgaggaaa_t320.a.r1,resistant
ttaccgcgtgtacgcc_t320.a.r1,resistant
ttaccgctccaagccg_t320.a.r1,resistant
ttaccgctcctacgaa_c.r1,sensitive
ttacgccagggcaact_c.r1,sensitive
ttacgcccacaatctg_c.r1,sensitive
ttacgccgtgagatcg_t320.a.r1,resistant
ttacgccgtgtgtgtt_c.r1,sensitive
ttacgcctcagtcttt_c.r1,sensitive
ttacgcctcgtaacca_c.r1,sensitive
ttacgcctctcccaac_t320.a.r1,resistant
ttacgttagcacctgc_c.r1,sensitive
ttacgttaggaaacga_t320.a.r1,resistant
ttacgttaggcccgtt_c.r1,sensitive
ttactgtagctggctc_c.r1,sensitive
ttactgtagtgttgtc_t320.a.r1,resistant
ttactgtgtaaccagg_c.r1,sensitive
ttactgtgttcagcta_t320.a.r1,resistant
ttactgttctggtcaa_c.r1,sensitive
ttaggcagtcctccta_c.r1,sensitive
ttaggcatctgagtca_t320.a.r1,resistant
ttagggtcacattctt_c.r1,sensitive
ttagggtcaccagtta_c.r1,sensitive
ttagggtcagtagaat_t320.a.r1,resistant
ttagggtgtatacggg_c.r1,sensitive
ttagggtgtcatagtc_c.r1,sensitive
ttagggttcgtaacca_t320.a.r1,resistant
ttagggttcgtgtggc_c.r1,sensitive
ttagggttctgcggca_t320.a.r1,resistant
ttagtctcaaagcgtg_c.r1,sensitive
ttagtctgtacatacc_c.r1,sensitive
ttagtctgtggctaga_c.r1,sensitive
ttagtcttcgtgtggc_t320.a.r1,resistant
ttattgcagctccata_t320.a.r1,resistant
ttattgcagttgaaac_c.r1,sensitive
ttattgccaataccca_c.r1,sensitive
ttattgccaatccagt_t320.a.r1,resistant
ttattgccacgtctct_c.r1,sensitive
ttattgccagaaccga_c.r1,sensitive
ttattgccagaatgta_c.r1,sensitive
ttattgccaggttcat_t320.a.r1,resistant
ttattgctcggcatat_t320.a.r1,resistant
ttattgctcttcgatt_c.r1,sensitive
ttcaatcagaccagac_t320.a.r1,resistant
ttcaatccaggttccg_c.r1,sensitive
ttcaatcgtactcgat_t320.a.r1,resistant
ttcaatcgtgcggctt_t320.a.r1,resistant
ttcaatcgttctaacg_t320.a.r1,resistant
ttcaatctcaagccta_t320.a.r1,resistant
ttcaccgagagttgcg_t320.a.r1,resistant
ttcaccgcagaaaccg_t320.a.r1,resistant
ttcaccggtgattcac_c.r1,sensitive
ttcaccgtccgcataa_c.r1,sensitive
ttcaccgtcgacacta_c.r1,sensitive
ttcacgcagaacccga_t320.a.r1,resistant
ttcacgcagcgttcat_c.r1,sensitive
ttcacgccatacgcat_t320.a.r1,resistant
ttcacgccatcccact_c.r1,sensitive
ttcaggagtccgaaga_t320.a.r1,resistant
ttcaggagtcgttggc_t320.a.r1,resistant
ttcaggatccacttta_c.r1,sensitive
ttcatgtaggctagca_t320.a.r1,resistant
ttcatgtgtgcatttg_c.r1,sensitive
ttcatgtgttaccgta_t320.a.r1,resistant
ttcatgtgttatcttc_t320.a.r1,resistant
ttcattgagaataacc_t320.a.r1,resistant
ttcattgagcaagcca_t320.a.r1,resistant
ttcattgcaaagcaat_t320.a.r1,resistant
ttcattggtgtccata_c.r1,sensitive
ttcattgtcaggaaat_c.r1,sensitive
ttccaatcaagctgcc_c.r1,sensitive
ttccaatcagttaggg_c.r1,sensitive
ttccaattcgctcatc_c.r1,sensitive
ttccacgagggcaact_t320.a.r1,resistant
ttccacgagtagcata_c.r1,sensitive
ttccacgcaaggcaac_c.r1,sensitive
ttccggtagcttcatg_t320.a.r1,resistant
ttccggtagggttaat_c.r1,sensitive
ttccggtcaataccca_c.r1,sensitive
ttccggttcctcagaa_t320.a.r1,resistant
ttccgtgagttgtaga_t320.a.r1,resistant
ttccgtgcagctttga_t320.a.r1,resistant
ttccgtggtcacaatc_t320.a.r1,resistant
ttccgtggttcggcgt_t320.a.r1,resistant
ttcctaagtagatcgg_t320.a.r1,resistant
ttcctaagtagcgctc_c.r1,sensitive
ttcctaatcaagtctg_c.r1,sensitive
ttcctctagttgcatc_c.r1,sensitive
ttcctctcacctgata_t320.a.r1,resistant
ttcctctcattcacag_c.r1,sensitive
ttcctcttccacccta_c.r1,sensitive
ttcctcttctagtacg_c.r1,sensitive
ttccttcagtctctga_c.r1,sensitive
ttccttccagcagatg_c.r1,sensitive
ttccttccagtccgtg_t320.a.r1,resistant
ttccttcgtctaggtt_t320.a.r1,resistant
ttccttcgtgacgcct_c.r1,sensitive
ttccttcgttgtttgg_c.r1,sensitive
ttcgattagcaagcca_t320.a.r1,resistant
ttcgattcagtgtgcc_c.r1,sensitive
ttcgattcatccgata_c.r1,sensitive
ttcgattgtcaccttc_c.r1,sensitive
ttcgatttcgtttact_c.r1,sensitive
ttcgctgagagtaact_t320.a.r1,resistant
ttcgctgtcccgtgag_c.r1,sensitive
ttcgctgtctatactc_t320.a.r1,resistant
ttcggtcagagaatct_c.r1,sensitive
ttcggtcaggtaaact_c.r1,sensitive
ttcggtccacgggtaa_t320.a.r1,resistant
ttcggtccactccgga_t320.a.r1,resistant
ttcggtccaggtccca_t320.a.r1,resistant
ttcggtcgtcaggtag_t320.a.r1,resistant
ttcggtctcactcacc_c.r1,sensitive
ttctaacaggaggttc_c.r1,sensitive
ttctaacagggaggac_t320.a.r1,resistant
ttctaacagttcctga_c.r1,sensitive
ttctaacgtaccggct_t320.a.r1,resistant
ttctaacgttgtctag_c.r1,sensitive
ttctaacgttgtgtac_c.r1,sensitive
ttctaactcattgccc_t320.a.r1,resistant
ttctaactcccgaacg_c.r1,sensitive
ttctaactcgcagatt_c.r1,sensitive
ttctagtcaacgcatt_c.r1,sensitive
ttctagttccgctagg_c.r1,sensitive
ttctctcagcaaggaa_c.r1,sensitive
ttctctccaacttgca_t320.a.r1,resistant
ttctctccaaggtcag_c.r1,sensitive
ttctctctctagaacc_c.r1,sensitive
ttctgtacaagctcta_c.r1,sensitive
ttctgtagttcaggtt_t320.a.r1,resistant
ttctgtatcacccatc_c.r1,sensitive
ttctgtatcctgtaga_c.r1,sensitive
ttctgtatcggctata_c.r1,sensitive
ttctgtatctctccga_c.r1,sensitive
ttcttccagcctcttc_t320.a.r1,resistant
ttcttccgtgctctct_t320.a.r1,resistant
ttcttcctcgattccc_c.r1,sensitive
ttcttcctcggccttt_t320.a.r1,resistant
ttcttgaagtaattgg_c.r1,sensitive
ttcttgagtctcgacg_t320.a.r1,resistant
ttcttgagttcctaag_c.r1,sensitive
ttcttgatcgactcct_c.r1,sensitive
ttgaacgagctacaaa_c.r1,sensitive
ttgaacggttcttgtt_t320.a.r1,resistant
ttgaacgtcaggaagc_c.r1,sensitive
ttgaccccaacagata_c.r1,sensitive
ttgaccctcactggta_c.r1,sensitive
ttgagtgagggacact_t320.a.r1,resistant
ttgagtgtcagctgat_t320.a.r1,resistant
ttgatggagcataggc_t320.a.r1,resistant
ttgatgggtacctagt_t320.a.r1,resistant
ttgatgggtgctgatt_t320.a.r1,resistant
ttgatggtcattgcga_t320.a.r1,resistant
ttgatggtcggccttt_c.r1,sensitive
ttgatggtctggccag_c.r1,sensitive
ttgcattagcgtcaga_t320.a.r1,resistant
ttgcattagtattgcc_t320.a.r1,resistant
ttgcattgttcgcgtg_c.r1,sensitive
ttgcctgagttccatg_c.r1,sensitive
ttgcctggtagaatac_t320.a.r1,resistant
ttgcctggtgatacaa_t320.a.r1,resistant
ttgcctggtggcactc_c.r1,sensitive
ttgcctgtcaatcggt_c.r1,sensitive
ttgcctgtccgagatt_c.r1,sensitive
ttgcctgtctgagatc_c.r1,sensitive
ttgcgtcagattgcgg_c.r1,sensitive
ttgcgtccagcacaga_c.r1,sensitive
ttgcgtctcagccttc_t320.a.r1,resistant
ttgctgcaggtacagc_c.r1,sensitive
ttgctgcaggtgatat_c.r1,sensitive
ttgctgccacaagctt_t320.a.r1,resistant
ttgctgccagcgacaa_t320.a.r1,resistant
ttgctgccaggcgaat_c.r1,sensitive
ttgctgctctcacgaa_t320.a.r1,resistant
ttgctgctcttagcag_c.r1,sensitive
ttggatgcacaagttc_t320.a.r1,resistant
ttggatgcacctcgtt_t320.a.r1,resistant
ttggatgcatgtggtt_c.r1,sensitive
ttgggatagtatgaac_t320.a.r1,resistant
ttgggatcaacgcatt_t320.a.r1,resistant
ttgggatgtatcgagg_t320.a.r1,resistant
ttgggatgttgccata_t320.a.r1,resistant
ttgggcgagcgtataa_c.r1,sensitive
ttgggcgcaacaagat_t320.a.r1,resistant
ttgggcgcagatactc_t320.a.r1,resistant
ttgggcgtcatcgaca_t320.a.r1,resistant
ttgggcgtccgcacga_c.r1,sensitive
ttgggcgtctcttcaa_c.r1,sensitive
ttgggtaagatggtcg_t320.a.r1,resistant
ttgggtaagccttctc_c.r1,sensitive
ttgggtagtttctatc_c.r1,sensitive
ttgggtatcatggatc_c.r1,sensitive
ttggtttagctttccc_c.r1,sensitive
ttggtttcaggtcaag_c.r1,sensitive
ttggtttcatcgttcc_c.r1,sensitive
ttggttttccgaacgc_c.r1,sensitive
ttgtggaagatgttag_t320.a.r1,resistant
ttgtggaaggtagcac_t320.a.r1,resistant
ttgtggaagtggtgac_t320.a.r1,resistant
ttgtggaagttcaacc_c.r1,sensitive
ttgtggacaatcagct_t320.a.r1,resistant
ttgtggacatcgttcc_c.r1,sensitive
ttgtggatcaaaccca_c.r1,sensitive
ttgtggatcagacaaa_t320.a.r1,resistant
ttgtggatccatgagt_t320.a.r1,resistant
ttgtggatctaagcca_c.r1,sensitive
ttgtgttagagcagtc_t320.a.r1,resistant
ttgtgttcacggcgtt_c.r1,sensitive
ttgtgttcaggacagt_t320.a.r1,resistant
ttgttcaagaatctag_c.r1,sensitive
ttgttcaaggccacct_c.r1,sensitive
ttgttcaagtgagcca_c.r1,sensitive
ttgttcatcgaggcaa_c.r1,sensitive
ttgttcatctccatat_c.r1,sensitive
ttgttgtcaccgtctt_c.r1,sensitive
ttgttgtgttccaggc_c.r1,sensitive
ttgttgtgttgaatcc_c.r1,sensitive
ttgttgttccgcaaat_c.r1,sensitive
ttgtttgagtaggtta_c.r1,sensitive
ttgtttgagttgccta_t320.a.r1,resistant
ttgtttgcaccgtggt_t320.a.r1,resistant
ttgtttgcagaggaaa_t320.a.r1,resistant
ttgtttgtcgcgtttc_c.r1,sensitive
tttaccaagctaagta_t320.a.r1,resistant
tttaccacacctaaac_c.r1,sensitive
tttaccagtggtccgt_c.r1,sensitive
tttacgtagacacacg_c.r1,sensitive
tttacgtcatcgtcct_t320.a.r1,resistant
tttacgtgtcagtccg_t320.a.r1,resistant
tttacgtgtggcgctt_t320.a.r1,resistant
tttacgttccagcacg_c.r1,sensitive
tttacgttctatttcg_c.r1,sensitive
tttactgagttagtag_c.r1,sensitive
tttactggtgccgttg_c.r1,sensitive
tttactggttgaagta_t320.a.r1,resistant
tttactgtcaaagaca_c.r1,sensitive
tttagtccaacacgag_t320.a.r1,resistant
tttagtccaaccgcca_c.r1,sensitive
tttagtccagaggact_c.r1,sensitive
tttagtcgtatagctc_c.r1,sensitive
tttagtcgttcctacc_c.r1,sensitive
tttagtctcacatacg_t320.a.r1,resistant
tttatgccaaccggaa_t320.a.r1,resistant
tttatgccagatgcga_c.r1,sensitive
tttatgccataacaga_c.r1,sensitive
tttcacaagacttcca_c.r1,sensitive
tttcacaaggcctgaa_c.r1,sensitive
tttcacaagtaaacac_t320.a.r1,resistant
tttcacaagtctagaa_c.r1,sensitive
tttcacatcgatactg_c.r1,sensitive
tttcagtgtagggagg_t320.a.r1,resistant
tttcagtgtatagctc_c.r1,sensitive
tttcagtgttgttgca_c.r1,sensitive
tttcagttcacacgat_t320.a.r1,resistant
tttcagttctgtccca_t320.a.r1,resistant
tttcatgagatcgccc_c.r1,sensitive
tttcatgcaacaacaa_c.r1,sensitive
tttcatgcacagaagc_t320.a.r1,resistant
tttcatgcactgagga_c.r1,sensitive
tttcatgtcccgtgag_t320.a.r1,resistant
tttcctccagaggttg_t320.a.r1,resistant
tttcgatagtaagcat_t320.a.r1,resistant
tttcgatcaacacgag_t320.a.r1,resistant
tttcgatcaacacgtt_t320.a.r1,resistant
tttcgatgtgtttgca_c.r1,sensitive
tttcgattccggcaac_t320.a.r1,resistant
tttgactagggcgaag_t320.a.r1,resistant
tttgactagtagaccg_c.r1,sensitive
tttgactcaacaagta_c.r1,sensitive
tttgacttccacggac_c.r1,sensitive
tttgatcagagcatcg_c.r1,sensitive
tttgatcagaggttat_c.r1,sensitive
tttgatcagcgttagg_c.r1,sensitive
tttgatccaaccctaa_c.r1,sensitive
tttgatccaagcgagt_t320.a.r1,resistant
tttgatcgtgttcgta_c.r1,sensitive
tttgatctcgccagac_t320.a.r1,resistant
tttggagagaatcgat_c.r1,sensitive
tttggagagcatttgc_t320.a.r1,resistant
tttggagcagcacaga_c.r1,sensitive
tttggaggtcaaagta_t320.a.r1,resistant
tttggaggtttatgcg_c.r1,sensitive
tttggttagatcctac_t320.a.r1,resistant
tttggttagcagaaag_t320.a.r1,resistant
tttggttagtgaggtc_c.r1,sensitive
tttggttcaacggcct_t320.a.r1,resistant
tttggttcacacagag_c.r1,sensitive
tttggtttctggttga_c.r1,sensitive
tttgttgagtcacact_c.r1,sensitive
tttgttgcaactcgat_c.r1,sensitive
tttgttggtagagacc_t320.a.r1,resistant
tttgttgtcgaactca_t320.a.r1,resistant
