cell,label
aaacccacaaacacct_t10.a.r1,resistant
aaacccacactccgga_t10.a.r1,resistant
aaacccagtatacggg_c.r1,sensitive
aaacgaaagttccagt_c.r1,sensitive
aaacgaagtccactct_c.r1,sensitive
aaacgaatcacatacg_c.r1,sensitive
aaacgaatcattcgga_c.r1,sensitive
aaacgctaggtgcttt_t10.a.r1,resistant
aaacgctgtaccaatc_t10.a.r1,resistant
aaacgctgttagtcgt_c.r1,sensitive
aaagaacagcactcgc_t10.a.r1,resistant
aaagaacagttctctt_c.r1,sensitive
aaagaacgtccatctc_t10.a.r1,resistant
aaagaacgtctgatac_t10.a.r1,resistant
aaagaacgttcttgcc_c.r1,sensitive
aaaggatagacatgcg_t10.a.r1,resistant
aaaggataggcctaga_t10.a.r1,resistant
aaaggattcagagtgg_c.r1,sensitive
aaagggcaggccgctt_t10.a.r1,resistant
aaagggccaagtgcag_t10.a.r1,resistant
aaagggctcgccgtga_c.r1,sensitive
aaagggctcggtagga_t10.a.r1,resistant
aaagggctctcctgtg_c.r1,sensitive
aaaggtaaggagcaaa_c.r1,sensitive
aaaggtagtgcatgtt_c.r1,sensitive
aaaggtagtttcgtag_t10.a.r1,resistant
aaaggtatcctagctc_c.r1,sensitive
aaagtccagagaggta_t10.a.r1,resistant
aaagtccagcatcttg_t10.a.r1,resistant
aaagtccaggcaccaa_t10.a.r1,resistant
aaagtcccacaatctg_c.r1,sensitive
aaagtcccaggacatg_c.r1,sensitive
aaagtcccattaggaa_t10.a.r1,resistant
aaagtccgtgagacca_c.r1,sensitive
aaagtccgtgtggtcc_c.r1,sensitive
aaagtgagtgtgaccc_t10.a.r1,resistant
aaagtgagttcgttcc_t10.a.r1,resistant
aaagtgatcgacgtcg_c.r1,sensitive
aaatggacacgctata_c.r1,sensitive
aaatggacagaggcta_c.r1,sensitive
aaatggagtgctcttc_c.r1,sensitive
aaatggatcagtgttg_c.r1,sensitive
aaatggatctattcgt_c.r1,sensitive
aacaaagagtcgaaat_c.r1,sensitive
aacaaagcaccctagg_t10.a.r1,resistant
aacaaagcatgcagga_c.r1,sensitive
aacaaaggtctaggcc_t10.a.r1,resistant
aacaaaggtctgatac_c.r1,sensitive
aacaaaggtgccgaaa_c.r1,sensitive
aacaaaggtgtgaccc_c.r1,sensitive
aacaaaggttgggaca_t10.a.r1,resistant
aacaaccagcgatcga_c.r1,sensitive
aacaaccagcttaaga_t10.a.r1,resistant
aacaacccacaaacgg_c.r1,sensitive
aacaacccagaagtgc_c.r1,sensitive
aacaaccgtactccct_t10.a.r1,resistant
aacacacagaaactgt_c.r1,sensitive
aacacacaggcaccaa_c.r1,sensitive
aacacaccagcgtacc_c.r1,sensitive
aacacactcactcgaa_c.r1,sensitive
aacacactcattactc_c.r1,sensitive
aacagggagcctgacc_c.r1,sensitive
aacagggaggtccctg_c.r1,sensitive
aacagggagtgaatac_c.r1,sensitive
aacagggcaggcgata_t10.a.r1,resistant
aacagggtcgctacaa_c.r1,sensitive
aaccaacgtagcgctc_c.r1,sensitive
aaccaacgttaaaccc_c.r1,sensitive
aaccaacgttcctaga_t10.a.r1,resistant
aaccaactcaccttat_t10.a.r1,resistant
aaccacacaaacgagc_c.r1,sensitive
aaccacagtagtgcga_c.r1,sensitive
aaccacatcctaccac_c.r1,sensitive
aaccacatcggagtga_t10.a.r1,resistant
aaccatgagggatgtc_t10.a.r1,resistant
aaccatgaggtaatca_c.r1,sensitive
aaccatgcaaatgatg_c.r1,sensitive
aaccatgcacatgact_t10.a.r1,resistant
aaccatgcaggattct_c.r1,sensitive
aaccatgcagtcccga_c.r1,sensitive
aaccatggtgcaagac_t10.a.r1,resistant
aacccaaagacctttg_c.r1,sensitive
aacccaaagttgcatc_c.r1,sensitive
aacccaacagaacgca_t10.a.r1,resistant
aacccaacatcaacca_t10.a.r1,resistant
aacccaacatgacact_t10.a.r1,resistant
aacccaatcttagcag_c.r1,sensitive
aacctgaagcatttgc_t10.a.r1,resistant
aacctgacacagctta_t10.a.r1,resistant
aacctgacagcgaaca_t10.a.r1,resistant
aacctgagtgtgtgga_c.r1,sensitive
aacctgatctccaatt_c.r1,sensitive
aacctgatctggcctt_t10.a.r1,resistant
aaccttttcctggtct_c.r1,sensitive
aaccttttctcggtct_t10.a.r1,resistant
aacgaaaagatcctac_c.r1,sensitive
aacgaaacaactgatc_c.r1,sensitive
aacgaaacagccatta_c.r1,sensitive
aacgggacacagtgtt_c.r1,sensitive
aacgggacagtgcgct_t10.a.r1,resistant
aacgggagtggccact_c.r1,sensitive
aacgtcaagagcaacc_c.r1,sensitive
aacgtcaaggaatcgc_c.r1,sensitive
aacgtcacacacctaa_t10.a.r1,resistant
aacgtcacacgattca_t10.a.r1,resistant
aacttctagaggcgtt_c.r1,sensitive
aacttctcaaatggta_t10.a.r1,resistant
aacttctcagaagtgc_c.r1,sensitive
aacttctgtcgagttt_c.r1,sensitive
aagaacaagtcaagcg_t10.a.r1,resistant
aagaacacagcattgt_t10.a.r1,resistant
aagaacatcagacatc_c.r1,sensitive
aagaacatcctgccat_c.r1,sensitive
aagaacatcgctagcg_c.r1,sensitive
aagaacatctctccga_t10.a.r1,resistant
aagaacatctgacagt_c.r1,sensitive
aagacaaaggaatgtt_t10.a.r1,resistant
aagacaacacgccagt_c.r1,sensitive
aagacaagtacgtact_t10.a.r1,resistant
aagacaagtatgggac_c.r1,sensitive
aagacaagtatggttc_c.r1,sensitive
aagacaagtcagtcgc_c.r1,sensitive
aagacaagtttatgcg_c.r1,sensitive
aagactccaaccgctg_c.r1,sensitive
aagactcgttagttcg_t10.a.r1,resistant
aagactcgttctccac_c.r1,sensitive
aagactctcttacgtt_c.r1,sensitive
aagatagagacgactg_c.r1,sensitive
aagatagagagccgat_c.r1,sensitive
aagatagagcggatca_c.r1,sensitive
aagatagaggctttca_t10.a.r1,resistant
aagataggtaggtcag_t10.a.r1,resistant
aagataggttcgaagg_c.r1,sensitive
aagcatcaggcttagg_t10.a.r1,resistant
aagcatccagaggttg_c.r1,sensitive
aagcatcgtacgtagg_t10.a.r1,resistant
aagcatctccacatag_t10.a.r1,resistant
aagcatctcggcactg_c.r1,sensitive
aagcatctctatactc_c.r1,sensitive
aagccatagctttgtg_c.r1,sensitive
aagccatgtactcgta_c.r1,sensitive
aagccatgtcaaccat_c.r1,sensitive
aagccatgtggtaata_t10.a.r1,resistant
aagcgagaggaacatt_t10.a.r1,resistant
aagcgaggtacgctat_c.r1,sensitive
aaggaatcatatgcgt_c.r1,sensitive
aaggaatcatcctgtc_t10.a.r1,resistant
aaggaatgtaagttag_c.r1,sensitive
aaggaatgtgcgaaca_t10.a.r1,resistant
aaggaattcacgagga_t10.a.r1,resistant
aaggaattcactgtcc_c.r1,sensitive
aaggaattcatgagtc_t10.a.r1,resistant
aaggaattccgggact_c.r1,sensitive
aaggtaaagtttgaga_t10.a.r1,resistant
aaggtaacatccaaca_c.r1,sensitive
aagtaccagagtcgac_c.r1,sensitive
aagtaccaggaacgaa_c.r1,sensitive
aagtaccagggagata_t10.a.r1,resistant
aagtaccagtattagg_t10.a.r1,resistant
aagtaccgtatggagc_c.r1,sensitive
aagtacctcagtccgg_c.r1,sensitive
aagtacctccacgggt_c.r1,sensitive
aagtacctcgtagcta_c.r1,sensitive
aagtacctctgcggca_t10.a.r1,resistant
aagtcgtagtcgctat_t10.a.r1,resistant
aagtcgtcagtagtgg_c.r1,sensitive
aagtcgtcattggcat_t10.a.r1,resistant
aagtcgtgtgccgtac_c.r1,sensitive
aagtcgttcgctctac_t10.a.r1,resistant
aagtgaaagcattgtc_c.r1,sensitive
aagtgaacaaatcgtc_c.r1,sensitive
aagttcgcaacgtatc_t10.a.r1,resistant
aagttcgcactggcca_c.r1,sensitive
aagttcggtccgcagt_t10.a.r1,resistant
aagttcggtttaccag_t10.a.r1,resistant
aagttcggtttagtcg_c.r1,sensitive
aagttcgtcggtctgg_c.r1,sensitive
aagttcgtctgaggcc_c.r1,sensitive
aatagagagcgctgct_t10.a.r1,resistant
aatagagaggattaca_c.r1,sensitive
aatagagcagtatgaa_t10.a.r1,resistant
aatagagcattgacac_c.r1,sensitive
aatagaggtgaatgta_t10.a.r1,resistant
aatcacgcattgcttt_t10.a.r1,resistant
aatcacggtcgagcaa_c.r1,sensitive
aatcgacaggatgcgt_t10.a.r1,resistant
aatcgaccacacctgg_c.r1,sensitive
aatcgacgtgtgagca_t10.a.r1,resistant
aatcgtgagggactgt_t10.a.r1,resistant
aatcgtgcaaagcaat_t10.a.r1,resistant
aatcgtgcaagcacag_c.r1,sensitive
aatcgtgcacgatagg_t10.a.r1,resistant
aatcgtgcactggatt_c.r1,sensitive
aatcgtgcagcatact_t10.a.r1,resistant
aatcgtggtggcagat_c.r1,sensitive
aatgaagcaacgacag_c.r1,sensitive
aatgaagcacaaggtg_c.r1,sensitive
aatgaagcattctgtt_c.r1,sensitive
aatgaaggtactccgg_t10.a.r1,resistant
aatgaccagacatcct_c.r1,sensitive
aatgaccagggaggtg_c.r1,sensitive
aatgaccagtatcctg_c.r1,sensitive
aatgacccacagacga_c.r1,sensitive
aatgacccatcgctgg_c.r1,sensitive
aatgaccgttcccaaa_t10.a.r1,resistant
aatgacctccgatagt_c.r1,sensitive
aatgacctcgattccc_c.r1,sensitive
aatgccacacacgcca_t10.a.r1,resistant
aatgccacagcacaga_c.r1,sensitive
aatgccagtaacagta_c.r1,sensitive
aatgccagtgagatcg_c.r1,sensitive
aatgccatcccgaaat_c.r1,sensitive
aatgccatcctcacgt_c.r1,sensitive
aatgccatcgaccacg_c.r1,sensitive
aatgccatctagttct_c.r1,sensitive
aatgccatctcccaac_c.r1,sensitive
aatggaagtgcattac_c.r1,sensitive
aatggaatcgacgacc_c.r1,sensitive
aatggctagcctatca_c.r1,sensitive
aatggctagcgtgctc_t10.a.r1,resistant
aattcctagttctacg_c.r1,sensitive
aattcctcacaaatag_c.r1,sensitive
aattcctcatgacgtt_c.r1,sensitive
aattccttctggcctt_t10.a.r1,resistant
aatttcccatggctgc_c.r1,sensitive
acaaagaagaatcgta_c.r1,sensitive
acaaagaagagtcagc_t10.a.r1,resistant
acaaagaagcttaaga_c.r1,sensitive
acaaagacacgaagac_t10.a.r1,resistant
acaaagagtgcttcaa_c.r1,sensitive
acaaccaagaggactc_c.r1,sensitive
acaaccaagctgttac_t10.a.r1,resistant
acaaccacacatgaaa_c.r1,sensitive
acaaccagtcgttggc_t10.a.r1,resistant
acaaccatctcgggac_c.r1,sensitive
acaagctagcagccct_c.r1,sensitive
acaagctaggatgtta_c.r1,sensitive
acacagtagattgcgg_c.r1,sensitive
acacagtagcaaacat_t10.a.r1,resistant
acacagtagcctccag_c.r1,sensitive
acacagtcacacctgg_c.r1,sensitive
acacagtgtccacagc_c.r1,sensitive
acacagtgtcttccgt_t10.a.r1,resistant
acacagtgtgaatgta_c.r1,sensitive
acacagtgtggatgac_t10.a.r1,resistant
acacagttcgttagac_t10.a.r1,resistant
acaccaagtggtacag_c.r1,sensitive
acaccaatcacattgg_t10.a.r1,resistant
acaccaatctcacgaa_t10.a.r1,resistant
acacgcgagaggctgt_c.r1,sensitive
acacgcgagcggtaac_t10.a.r1,resistant
acacgcgagtagtgcg_c.r1,sensitive
acacgcgcaatgaaac_c.r1,sensitive
acacgcggtacgagtg_c.r1,sensitive
acacgcgtcatggtac_t10.a.r1,resistant
acactgacaaccacat_c.r1,sensitive
acactgacaattctct_c.r1,sensitive
acactgacatgccgac_c.r1,sensitive
acactgagtcgtaatc_t10.a.r1,resistant
acactgagtgattggg_t10.a.r1,resistant
acagaaacaagatgta_c.r1,sensitive
acagaaagtcgttcaa_c.r1,sensitive
acagccgagagcagaa_t10.a.r1,resistant
acagccgtccatcaga_c.r1,sensitive
acagggagtccagaag_c.r1,sensitive
acagggagtcgaagca_c.r1,sensitive
acagggagtgcccttt_c.r1,sensitive
acatcccagacatgcg_c.r1,sensitive
acatcccagtgcacag_t10.a.r1,resistant
acatccccaatgtcac_t10.a.r1,resistant
acatccccacggccat_t10.a.r1,resistant
acatccccagcagatg_c.r1,sensitive
acatccccatcgctaa_t10.a.r1,resistant
acatccctcaatctct_c.r1,sensitive
acatccctcatctact_t10.a.r1,resistant
acatcgaagtgcaaat_c.r1,sensitive
acatcgagtgacagca_t10.a.r1,resistant
acatcgagtgatggca_c.r1,sensitive
acatcgatctcaccca_c.r1,sensitive
acatgcaagttgcgcc_c.r1,sensitive
acatgcagtgatcgtt_c.r1,sensitive
acatgcatcgtaatgc_t10.a.r1,resistant
acatttcagatgcagc_c.r1,sensitive
acatttcaggacggag_t10.a.r1,resistant
acatttccaacttctt_t10.a.r1,resistant
acatttcgtagcgagt_c.r1,sensitive
acatttcgttcaccgg_c.r1,sensitive
acatttctcgtctcac_c.r1,sensitive
accaaaccaaccctaa_t10.a.r1,resistant
accaaaccaatcgcat_c.r1,sensitive
accaaaccactcaagt_c.r1,sensitive
accaaaccatacacca_c.r1,sensitive
accaaaccattgctga_c.r1,sensitive
accaaacgttgcgtat_t10.a.r1,resistant
accaacacattgacca_t10.a.r1,resistant
accaacatcgtccttg_c.r1,sensitive
accacaacaggtcaag_c.r1,sensitive
accacaagtacgctta_t10.a.r1,resistant
accacaagtttgaacc_c.r1,sensitive
accatttcaactagaa_t10.a.r1,resistant
accatttcacaagcag_c.r1,sensitive
accatttcatgggcaa_c.r1,sensitive
accatttgtaacaagt_t10.a.r1,resistant
accatttgtacgcgtc_c.r1,sensitive
accattttcggcatat_c.r1,sensitive
accattttcttcccag_t10.a.r1,resistant
acccaaacatgtttgg_c.r1,sensitive
acccaaagtaacggtg_c.r1,sensitive
acccaaagtatggaat_c.r1,sensitive
acccaaagtcaaccat_t10.a.r1,resistant
acccaaagtttagaga_c.r1,sensitive
acccaaatcatgcggc_c.r1,sensitive
acccaaatcgagttgt_c.r1,sensitive
accctcacacctatcc_t10.a.r1,resistant
accctcacataccaca_t10.a.r1,resistant
accctcagtctcgcga_t10.a.r1,resistant
accctcatcaccttgc_c.r1,sensitive
accctcatcgatccct_t10.a.r1,resistant
acccttgagacttaag_c.r1,sensitive
acccttgcaattgcca_t10.a.r1,resistant
accgttcagagttcgg_t10.a.r1,resistant
acctaccagttaacga_t10.a.r1,resistant
acctaccgtcttctat_t10.a.r1,resistant
acctaccgtgtttacg_t10.a.r1,resistant
acctacctcactgggc_c.r1,sensitive
acctgaaagacgcagt_t10.a.r1,resistant
acctgaacaactgaaa_t10.a.r1,resistant
acctgaagtacgagca_t10.a.r1,resistant
acctgaatcggtaagg_c.r1,sensitive
acctgaatcttcgacc_t10.a.r1,resistant
acctgtcaggaattac_c.r1,sensitive
acctgtcagtaaccgg_t10.a.r1,resistant
acctgtccaggcatga_c.r1,sensitive
acctgtccagtcgtta_t10.a.r1,resistant
acctgtcgttgggatg_t10.a.r1,resistant
acctgtctcaagaggc_t10.a.r1,resistant
acctgtctcgagatgg_c.r1,sensitive
acctgtctctgcagcg_c.r1,sensitive
acgatcaagcatcagg_c.r1,sensitive
acgatcaagccacaag_c.r1,sensitive
acgatcaagctcgtgc_t10.a.r1,resistant
acgatcaaggtgccaa_c.r1,sensitive
acgatcagtctctcca_c.r1,sensitive
acgatgtaggtagacc_c.r1,sensitive
acgatgtgtgttgccg_t10.a.r1,resistant
acgatgttcactcgaa_c.r1,sensitive
acgcacgagatccaaa_c.r1,sensitive
acgcacgaggtcgtag_c.r1,sensitive
acgcacgagttatgga_c.r1,sensitive
acgcacgcatatgcgt_t10.a.r1,resistant
acgcacggtaggctga_t10.a.r1,resistant
acgcacggtccggcat_t10.a.r1,resistant
acgcacggtgatatag_t10.a.r1,resistant
acggaagagtcggcaa_c.r1,sensitive
acggaaggtccaaagg_t10.a.r1,resistant
acggaagtctcgtgaa_t10.a.r1,resistant
acgggtccaactgcta_t10.a.r1,resistant
acgggtccactaacca_c.r1,sensitive
acgggtccagtagaat_c.r1,sensitive
acgggtcgtatacctg_c.r1,sensitive
acgggtctcaatcttc_t10.a.r1,resistant
acgggtctcagaccta_c.r1,sensitive
acgggtctccagttcc_c.r1,sensitive
acgggtctcttcgctg_c.r1,sensitive
acggtcgagcactaaa_c.r1,sensitive
acggtcgcaacgatct_c.r1,sensitive
acggtcgcaagatgta_t10.a.r1,resistant
acggtcggtaaggcca_c.r1,sensitive
acggtcggtcgtgatt_t10.a.r1,resistant
acggtcggtggcaaca_c.r1,sensitive
acggttagtaatgtga_c.r1,sensitive
acgtaacagctggcct_c.r1,sensitive
acgtaaccactgcgac_t10.a.r1,resistant
acgtaaccaggaatat_c.r1,sensitive
acgtaacgtatcttct_c.r1,sensitive
acgtacaagagccgat_t10.a.r1,resistant
acgtacaagtcgaaat_c.r1,sensitive
acgtacacaagtcgtt_t10.a.r1,resistant
acgtacagtagcttac_c.r1,sensitive
acgtacagtatcctcc_c.r1,sensitive
acgtacagttctccca_c.r1,sensitive
acgtacatcacgggaa_c.r1,sensitive
acgtagtaggtcataa_c.r1,sensitive
acgtagtcagcctata_t10.a.r1,resistant
acgtagtgtgtgctta_t10.a.r1,resistant
acgtagttcgcctagg_c.r1,sensitive
acgtagttcgtaactg_c.r1,sensitive
acgtcctaggccttgc_c.r1,sensitive
acgtcctcaggtttac_t10.a.r1,resistant
acgtcctcatgtggcc_t10.a.r1,resistant
acgtccttcctacaag_c.r1,sensitive
acgtccttcgctcatc_t10.a.r1,resistant
acgttccagctgttac_t10.a.r1,resistant
acgttcccacactggc_t10.a.r1,resistant
acgttcccagcgttta_c.r1,sensitive
acgttcccagtgcctg_c.r1,sensitive
acgttccgtactgccg_t10.a.r1,resistant
acgttccgtatcaggg_c.r1,sensitive
acgttcctctcgctca_c.r1,sensitive
acgttcctctcggtaa_c.r1,sensitive
actacgaagattcgct_c.r1,sensitive
actacgaaggtttacc_t10.a.r1,resistant
actacgagtaaggaga_c.r1,sensitive
actatctcagtaacgg_t10.a.r1,resistant
actatctcattgaaga_t10.a.r1,resistant
actatctgtgaccgaa_t10.a.r1,resistant
actatggaggtcgcct_t10.a.r1,resistant
actatgggtgacctgc_c.r1,sensitive
actattcagcgacatg_c.r1,sensitive
actattccagacggat_c.r1,sensitive
actattcgttatccag_c.r1,sensitive
actattcgttccaggc_t10.a.r1,resistant
actcccaagatggcgt_c.r1,sensitive
actcccaagcactcgc_c.r1,sensitive
actcccacaagactgg_c.r1,sensitive
actcccatcgctgttc_t10.a.r1,resistant
actctcgagtaaactg_t10.a.r1,resistant
actctcgagtgcagca_t10.a.r1,resistant
actctcgcagcctata_t10.a.r1,resistant
actctcgtcccataag_c.r1,sensitive
actctcgtccttggaa_t10.a.r1,resistant
actctcgtctggacta_t10.a.r1,resistant
actgatggtatcacca_c.r1,sensitive
actgcaaagcatcagg_t10.a.r1,resistant
actgcaaagcctgtgc_t10.a.r1,resistant
actgcaagttacggag_c.r1,sensitive
actgcaatcatagcac_t10.a.r1,resistant
actgtccagtggcctc_c.r1,sensitive
actgtcccaagcggat_c.r1,sensitive
actgtccgtaatgatg_t10.a.r1,resistant
actgtccgtttggaaa_c.r1,sensitive
actgtgaagaggtgct_t10.a.r1,resistant
actgtgaagatcacct_t10.a.r1,resistant
actgtgacactggcca_c.r1,sensitive
actgtgatctattcgt_t10.a.r1,resistant
acttaggcaacagagc_t10.a.r1,resistant
acttaggcaagaaatc_c.r1,sensitive
acttaggcaagtcatc_t10.a.r1,resistant
acttagggtaccgtgc_t10.a.r1,resistant
acttagggttgctcgg_t10.a.r1,resistant
acttatcagcctggaa_t10.a.r1,resistant
acttatccactacggc_c.r1,sensitive
acttatcgtcaggcaa_c.r1,sensitive
acttatctcggactgc_c.r1,sensitive
acttccgagatacgat_t10.a.r1,resistant
acttccgcagtggctc_c.r1,sensitive
acttccggtccctgag_t10.a.r1,resistant
acttcgcagctacaaa_t10.a.r1,resistant
acttcgccaatctctt_c.r1,sensitive
acttcgcgtatcgaaa_c.r1,sensitive
acttcgctccacttcg_t10.a.r1,resistant
acttcgctcccaggac_c.r1,sensitive
actttcaagcctctgg_t10.a.r1,resistant
actttcacaccgtggt_t10.a.r1,resistant
actttcacatatgcgt_t10.a.r1,resistant
actttgtagacatagt_t10.a.r1,resistant
actttgtagcagcaca_t10.a.r1,resistant
actttgtagcgggtat_t10.a.r1,resistant
actttgtcaacctatg_c.r1,sensitive
actttgtcaattgcac_t10.a.r1,resistant
actttgtcatgtgccg_c.r1,sensitive
agaaatgcaagacaat_t10.a.r1,resistant
agaaatgcaagtcgtt_c.r1,sensitive
agaaatgcagggttga_t10.a.r1,resistant
agaaatgtcgtcgggt_t10.a.r1,resistant
agaacaacaaacgtgg_c.r1,sensitive
agaacaacagggagag_c.r1,sensitive
agaacaagtcgtaatc_c.r1,sensitive
agaacaatcatcagtg_c.r1,sensitive
agaacctagatgttcc_c.r1,sensitive
agaacctagcacctgc_c.r1,sensitive
agaacctaggatcacg_c.r1,sensitive
agaacctgtgtacagg_c.r1,sensitive
agaagcgagtcgtcta_t10.a.r1,resistant
agaagcgcattctccg_c.r1,sensitive
agaagcggttcttgtt_c.r1,sensitive
agaagcggttgttgtg_c.r1,sensitive
agaagcgtcctaacag_c.r1,sensitive
agaagtaagtggaatt_c.r1,sensitive
agaagtacaacgtatc_t10.a.r1,resistant
agaagtacaccgtgac_c.r1,sensitive
agaagtagtcactctc_c.r1,sensitive
agaagtatcaactctt_t10.a.r1,resistant
agaagtatctaacacg_c.r1,sensitive
agaagtatctctcttc_c.r1,sensitive
agacaaaagagggcga_t10.a.r1,resistant
agacaaaagcatgcag_c.r1,sensitive
agacaaaagccagagt_t10.a.r1,resistant
agacaaacaataaggt_c.r1,sensitive
agacaaacacggtgtc_t10.a.r1,resistant
agacaaagtattgacc_c.r1,sensitive
agacaaatcttggatg_t10.a.r1,resistant
agacactagcatgcga_c.r1,sensitive
agacactcaatagtcc_c.r1,sensitive
agacactgtccgacgt_c.r1,sensitive
agacaggaggatttcc_c.r1,sensitive
agacaggcacgggtaa_c.r1,sensitive
agacaggcagtcgcac_c.r1,sensitive
agacaggcatcgctaa_c.r1,sensitive
agacaggtccatttac_c.r1,sensitive
agacaggtccttgacc_t10.a.r1,resistant
agaccataggctaaat_t10.a.r1,resistant
agaccatcatcaccaa_c.r1,sensitive
agaccatgtccgcagt_t10.a.r1,resistant
agaccatgtctgtagt_c.r1,sensitive
agaccatgtgcatact_c.r1,sensitive
agaccatgtttcacag_t10.a.r1,resistant
agaccattcaagcccg_c.r1,sensitive
agaccattcccgaggt_t10.a.r1,resistant
agaccattcgcgctga_c.r1,sensitive
agaccattcttgttac_t10.a.r1,resistant
agacccgcagatcatc_t10.a.r1,resistant
agacccggtgagatta_t10.a.r1,resistant
agacccggtgtattcg_t10.a.r1,resistant
agacccgtcgcagtgc_c.r1,sensitive
agactcaagacgagct_c.r1,sensitive
agactcaaggatatgt_c.r1,sensitive
agactcatcacgatac_t10.a.r1,resistant
agactcatcggataaa_t10.a.r1,resistant
agagaatcactacaca_c.r1,sensitive
agagaatcattgtacg_t10.a.r1,resistant
agagaatgtagatgta_c.r1,sensitive
agagaatgtcgaatgg_t10.a.r1,resistant
agagaatgtgcctttc_c.r1,sensitive
agagagcagtctagct_t10.a.r1,resistant
agagagccacaaagta_c.r1,sensitive
agagcagcaatgggtg_t10.a.r1,resistant
agagcaggtcacgctg_t10.a.r1,resistant
agagcccaggttaaac_t10.a.r1,resistant
agagcccagtaattgg_c.r1,sensitive
agagcccgtagctcgc_c.r1,sensitive
agagcccgtgctcgtg_c.r1,sensitive
agatagagtcaacgcc_t10.a.r1,resistant
agatagatcgcctttg_c.r1,sensitive
agatccacaatctagc_t10.a.r1,resistant
agatccagttcagcta_c.r1,sensitive
agatccagttcggtta_t10.a.r1,resistant
agatcgtgtcttccgt_c.r1,sensitive
agatcgtgtgcggctt_c.r1,sensitive
agatcgtgttccgcga_c.r1,sensitive
agatcgttcatcgaca_t10.a.r1,resistant
agatgaacaagagtta_c.r1,sensitive
agatgaagtaggactg_t10.a.r1,resistant
agatgaagtatcatgc_c.r1,sensitive
agatgaagttcttcat_t10.a.r1,resistant
agatgaatcatggtac_t10.a.r1,resistant
agatgctcaaccgatt_c.r1,sensitive
agatgctcagaaaccg_t10.a.r1,resistant
agcatcaagatcccgc_c.r1,sensitive
agcatcaagtaacctc_c.r1,sensitive
agcatcacagttccaa_c.r1,sensitive
agcatcagtgtaaatg_t10.a.r1,resistant
agcatcatcaaagaca_c.r1,sensitive
agcatcatcatgtcag_t10.a.r1,resistant
agcatcatctactcat_c.r1,sensitive
agcatcatctcaggcg_t10.a.r1,resistant
agccaatcataactcg_c.r1,sensitive
agccaatgtaacatcc_t10.a.r1,resistant
agccaatgtgcttcaa_t10.a.r1,resistant
agccaattcgctacgg_t10.a.r1,resistant
agccaattctcactcg_c.r1,sensitive
agccaattcttaggac_t10.a.r1,resistant
agccacgagaccctta_c.r1,sensitive
agccacgcagagtctt_c.r1,sensitive
agccacgcattcttca_c.r1,sensitive
agccacgcattgacca_t10.a.r1,resistant
agccacggtagacagc_t10.a.r1,resistant
agccacggttgaggac_c.r1,sensitive
agccagcagtttgtcg_t10.a.r1,resistant
agccagccattcttca_c.r1,sensitive
agccagcgtgcaatgg_c.r1,sensitive
agccagctcacagtgt_t10.a.r1,resistant
agccagctccacacct_c.r1,sensitive
agccagctccagcaat_c.r1,sensitive
agcgattcacgcgtgt_c.r1,sensitive
agcgattcagaggaaa_t10.a.r1,resistant
agcgccacattgacca_t10.a.r1,resistant
agcgccagtcctgggt_t10.a.r1,resistant
agcgccatcaactttc_t10.a.r1,resistant
agcgctgagagtcagc_c.r1,sensitive
agcgctgagtactgtc_c.r1,sensitive
agcgctgcatcatttc_t10.a.r1,resistant
agcgctgcatgagtaa_c.r1,sensitive
agcgctggtcgtcata_c.r1,sensitive
agcgctgtcgttcgct_c.r1,sensitive
agcgtatagttagtag_c.r1,sensitive
agcgtatcagagctag_t10.a.r1,resistant
agcgtatcatcggatt_c.r1,sensitive
agcgtatcattgccgg_t10.a.r1,resistant
agcgtatgttgcaagg_c.r1,sensitive
agcgtattccctcaac_c.r1,sensitive
agcgtattcgacctaa_t10.a.r1,resistant
agcgtcgcatcctatt_c.r1,sensitive
agcgtcggtttagaga_t10.a.r1,resistant
agctacagtggaacca_t10.a.r1,resistant
agctacagttacccaa_t10.a.r1,resistant
agctacatcagagttc_t10.a.r1,resistant
agctacatcgttgttt_c.r1,sensitive
agctacatcttaggac_c.r1,sensitive
agctcaacagctctgg_c.r1,sensitive
agctcaagtacaagta_c.r1,sensitive
agctcaagtcctatag_t10.a.r1,resistant
agctcaagttctccca_t10.a.r1,resistant
agctcaatcatggatc_c.r1,sensitive
agcttccaggagacct_t10.a.r1,resistant
agcttcccaaaggaga_c.r1,sensitive
agcttcccaaatcgtc_t10.a.r1,resistant
agcttcccacagccac_t10.a.r1,resistant
agcttccgtatccttt_t10.a.r1,resistant
agcttccgtcatatgc_t10.a.r1,resistant
agcttcctcttcgatt_t10.a.r1,resistant
aggaaatagcagccct_c.r1,sensitive
aggaaatagtatggcg_c.r1,sensitive
aggaaatgtaagaccg_t10.a.r1,resistant
aggaaatgtggacagt_t10.a.r1,resistant
aggaaattcgatccaa_c.r1,sensitive
aggaaattcggaattc_t10.a.r1,resistant
aggaataagagcagaa_c.r1,sensitive
aggaataaggtcataa_t10.a.r1,resistant
aggaatacaagaatac_t10.a.r1,resistant
aggaatatcacaccgg_t10.a.r1,resistant
aggaatatcactacga_c.r1,sensitive
aggaatatcgctattt_c.r1,sensitive
aggaatatcggctctt_c.r1,sensitive
aggacgacaatctagc_t10.a.r1,resistant
aggacgacagcccagt_c.r1,sensitive
aggacgagtcggattt_c.r1,sensitive
aggacgagtcgtaatc_c.r1,sensitive
aggacgatcattacct_c.r1,sensitive
aggacgatctgcctca_t10.a.r1,resistant
aggacttagcgagtca_c.r1,sensitive
aggacttagtcaagcg_t10.a.r1,resistant
aggacttcaaatacag_c.r1,sensitive
aggacttgtgcatttg_t10.a.r1,resistant
aggaggtagctagaat_c.r1,sensitive
aggaggtaggcatggt_t10.a.r1,resistant
aggaggtgtaggcaac_t10.a.r1,resistant
aggataaagctgaaat_t10.a.r1,resistant
aggataaaggcgcttc_c.r1,sensitive
aggataacacggccat_c.r1,sensitive
aggataacacttgagt_t10.a.r1,resistant
aggataacagcccaca_t10.a.r1,resistant
aggataagtccttgtc_t10.a.r1,resistant
aggatctagatgttcc_c.r1,sensitive
aggatctagcagtaat_t10.a.r1,resistant
aggatctaggtgcagt_t10.a.r1,resistant
aggatctaggtgctag_t10.a.r1,resistant
aggatctgtagactgg_c.r1,sensitive
aggatctgttatcttc_c.r1,sensitive
aggcattagtaccgga_t10.a.r1,resistant
aggcattgttcaaaga_t10.a.r1,resistant
aggcatttcaacacca_c.r1,sensitive
aggccacagaggttta_t10.a.r1,resistant
aggccacagttagtag_c.r1,sensitive
aggccaccatattcgg_c.r1,sensitive
aggccacgtacattgc_c.r1,sensitive
aggccacgtcgagtga_t10.a.r1,resistant
aggccactcagctgta_t10.a.r1,resistant
aggccactctcctgac_t10.a.r1,resistant
aggccactctttggag_t10.a.r1,resistant
aggctgcaggtagtat_t10.a.r1,resistant
aggctgcgtactgact_c.r1,sensitive
agggagtcaacagata_c.r1,sensitive
agggagtgtttggaaa_c.r1,sensitive
agggcctagctcacta_t10.a.r1,resistant
agggcctgtctacgat_c.r1,sensitive
agggctcagcaggtca_c.r1,sensitive
agggctcaggtgctga_t10.a.r1,resistant
agggctccacggccat_c.r1,sensitive
agggctccagcagatg_c.r1,sensitive
agggctcgtctaatcg_c.r1,sensitive
agggctctcctagcct_t10.a.r1,resistant
agggtccagggtcttt_c.r1,sensitive
agggtcctcaagtcgt_c.r1,sensitive
agggtgaagagacaag_t10.a.r1,resistant
agggtgaagatacatg_c.r1,sensitive
agggtgaagggtggga_c.r1,sensitive
agggtgaagtaggatt_t10.a.r1,resistant
agggtgaagtcgccac_t10.a.r1,resistant
agggtgacaccggtca_t10.a.r1,resistant
agggtgagtcttagtg_c.r1,sensitive
agggtgatctgcgagc_c.r1,sensitive
agggtttagtttgctg_c.r1,sensitive
agggtttcaatagtcc_c.r1,sensitive
agggtttcatccgaat_c.r1,sensitive
agggtttgtaagcaat_t10.a.r1,resistant
agggttttcctacggg_t10.a.r1,resistant
agggttttctacactt_c.r1,sensitive
aggtaggagcctgaga_c.r1,sensitive
aggtaggaggtggttg_c.r1,sensitive
aggtaggtcacaccct_t10.a.r1,resistant
aggtaggtcacgtagt_t10.a.r1,resistant
aggtaggtcttgcaga_c.r1,sensitive
aggtcatcagtcaact_t10.a.r1,resistant
aggtcattccaagagg_t10.a.r1,resistant
aggtcattctatccat_c.r1,sensitive
aggtctacatctcgtc_c.r1,sensitive
aggtctagtagcgctc_c.r1,sensitive
aggtctagtggtttgt_t10.a.r1,resistant
aggtctatcttggaac_c.r1,sensitive
aggtgttagtctgtac_t10.a.r1,resistant
aggtgttgtagctgtt_t10.a.r1,resistant
aggtgttgtatagggc_c.r1,sensitive
aggtgttgttcaggtt_t10.a.r1,resistant
aggtgtttctaacggt_c.r1,sensitive
aggtgtttctatactc_c.r1,sensitive
aggttacagacgagct_c.r1,sensitive
aggttaccaatagggc_c.r1,sensitive
aggttaccactaacgt_c.r1,sensitive
aggttaccatgagaat_t10.a.r1,resistant
aggttaccattcgggc_t10.a.r1,resistant
aggttacgtagaatgt_c.r1,sensitive
aggttacgtccctgtt_c.r1,sensitive
aggttactcacatacg_t10.a.r1,resistant
aggttactccatgatg_c.r1,sensitive
aggttgtagatacagt_t10.a.r1,resistant
aggttgtgtgatcgtt_t10.a.r1,resistant
aggttgtgtgcctgca_c.r1,sensitive
aggttgttcatttcgt_c.r1,sensitive
aggttgttcgagcctg_t10.a.r1,resistant
agtaaccagctgacag_c.r1,sensitive
agtaaccaggagtatt_c.r1,sensitive
agtaacccaaagggct_t10.a.r1,resistant
agtaacccacaccagc_t10.a.r1,resistant
agtaacccatggaacg_t10.a.r1,resistant
agtaaccgtcagcgtc_c.r1,sensitive
agtaacctccgtgacg_c.r1,sensitive
agtaacctcgctgacg_c.r1,sensitive
agtaacctcttacgga_c.r1,sensitive
agtaccacatgggtcc_c.r1,sensitive
agtaccagtaacatcc_c.r1,sensitive
agtactggtcagtcgc_c.r1,sensitive
agtactggttcggcgt_t10.a.r1,resistant
agtactggttgttgac_t10.a.r1,resistant
agtagctcatatggct_t10.a.r1,resistant
agtagcttcattcgga_t10.a.r1,resistant
agtagcttccgtcaaa_c.r1,sensitive
agtagcttcgtttact_t10.a.r1,resistant
agtcaacaggttccgc_c.r1,sensitive
agtcaacgtctcagat_t10.a.r1,resistant
agtcaactcgagcctg_c.r1,sensitive
agtcacaagcgtcgaa_t10.a.r1,resistant
agtcacaagctgaagc_t10.a.r1,resistant
agtcacaaggctatct_t10.a.r1,resistant
agtcatgagaggtcgt_c.r1,sensitive
agtcatgcagacaccc_c.r1,sensitive
agtcatggtacgaaat_c.r1,sensitive
agtcatggtctctcac_t10.a.r1,resistant
agtcatggtgagttgg_c.r1,sensitive
agtcatggtgtcgctg_t10.a.r1,resistant
agtcatgtctgaccct_t10.a.r1,resistant
agtctccagaataacc_t10.a.r1,resistant
agtctcccaagacgac_t10.a.r1,resistant
agtctcccactcactc_t10.a.r1,resistant
agtctccgtgatatag_t10.a.r1,resistant
agtctccgtgggagag_c.r1,sensitive
agtgactcaaatgagt_t10.a.r1,resistant
agtgactgtcaaatcc_c.r1,sensitive
agtgactgtccacttc_c.r1,sensitive
agtgactgtgaactaa_c.r1,sensitive
agtgactgtggcttat_c.r1,sensitive
agtgacttcactggta_c.r1,sensitive
agtgatctcaccgacg_c.r1,sensitive
agtgccgagagtgtta_c.r1,sensitive
agtgccggtactggga_c.r1,sensitive
agtgccggtagccaga_c.r1,sensitive
agtgccggttcacgat_c.r1,sensitive
agtgccggttgccata_t10.a.r1,resistant
agtgccgtcacaccgg_c.r1,sensitive
agtgttgagtccctaa_c.r1,sensitive
agtgttgagtgcaccc_t10.a.r1,resistant
agtgttgcaaattagg_c.r1,sensitive
agtgttgcacacggtc_c.r1,sensitive
agtgttggtacccagc_c.r1,sensitive
agttagcagggagttc_c.r1,sensitive
agttagccaaccgtat_t10.a.r1,resistant
agttagccacccaagc_c.r1,sensitive
agttagccaggatctt_c.r1,sensitive
agttagccatcacagt_t10.a.r1,resistant
agttagcgtaagattg_t10.a.r1,resistant
agttagcgtcaggcaa_t10.a.r1,resistant
agttagcgtgtccacg_t10.a.r1,resistant
agttagcgttatcttc_t10.a.r1,resistant
agttagctcaatctct_t10.a.r1,resistant
agttcccagagtcttc_c.r1,sensitive
agttcccgtttgttct_c.r1,sensitive
agttccctcgctgacg_t10.a.r1,resistant
agttccctctgtaacg_c.r1,sensitive
agttcgaaggaaacga_t10.a.r1,resistant
agttcgacacggctac_c.r1,sensitive
agttcgacaggagact_t10.a.r1,resistant
agttcgacaggtatgg_c.r1,sensitive
agttcgagtactcgta_t10.a.r1,resistant
agttcgagtggcgctt_c.r1,sensitive
agttcgatccacctgt_c.r1,sensitive
ataccgagtaacaggc_c.r1,sensitive
ataccgagtcgagcaa_c.r1,sensitive
ataccgagtgcgtgct_c.r1,sensitive
ataccgagtgggtcaa_t10.a.r1,resistant
ataccttgtaacaagt_c.r1,sensitive
ataccttgtgatagta_c.r1,sensitive
atacctttcctcgcat_t10.a.r1,resistant
atacttcagtattgcc_t10.a.r1,resistant
atacttccacgtatac_c.r1,sensitive
atacttccatagatcc_c.r1,sensitive
atacttcgtacgagca_t10.a.r1,resistant
atacttcgtacttccc_t10.a.r1,resistant
atacttctcggagtag_c.r1,sensitive
atagaccagtcgccca_c.r1,sensitive
atagaccgtatgggac_c.r1,sensitive
atagacctcgttgttt_t10.a.r1,resistant
atagagaagaagtccg_c.r1,sensitive
atagagacaatacgaa_t10.a.r1,resistant
atagagacatcgttcc_c.r1,sensitive
atagagagttctaacg_c.r1,sensitive
atagagatcgtgtgat_c.r1,sensitive
ataggctagaagtgtt_t10.a.r1,resistant
ataggctaggaacatt_c.r1,sensitive
ataggctagtccgcgt_c.r1,sensitive
ataggctcagtactac_t10.a.r1,resistant
ataggcttcgtagccg_t10.a.r1,resistant
ataggcttctcgcagg_t10.a.r1,resistant
atatcctgtcccggta_c.r1,sensitive
atatccttctccatat_c.r1,sensitive
atcacagagcgatgac_c.r1,sensitive
atcacagagggtaatt_t10.a.r1,resistant
atcacagcagaattcc_t10.a.r1,resistant
atcacaggtacaaaca_c.r1,sensitive
atcacaggtcagtccg_c.r1,sensitive
atcacaggtctacgta_c.r1,sensitive
atcacagtcattgcga_c.r1,sensitive
atcacgacactggcca_c.r1,sensitive
atcacgagtaagtagt_c.r1,sensitive
atcacgagtgcctata_t10.a.r1,resistant
atcacgatctactgag_c.r1,sensitive
atcacttcatcgatac_c.r1,sensitive
atcacttgtcgtggaa_t10.a.r1,resistant
atcaggtcagcacgaa_c.r1,sensitive
atcaggtcagctacta_c.r1,sensitive
atcaggtcatcgctgg_c.r1,sensitive
atcaggtgtgttgact_t10.a.r1,resistant
atcaggttcgcgtgac_c.r1,sensitive
atcattcagtgagtta_c.r1,sensitive
atcattccaagctcta_t10.a.r1,resistant
atcattcgtgtccacg_t10.a.r1,resistant
atcattctcctttagt_c.r1,sensitive
atccaccagcggacat_c.r1,sensitive
atccaccaggaacgaa_t10.a.r1,resistant
atccacccaattctct_t10.a.r1,resistant
atccacccacaaatga_t10.a.r1,resistant
atccacccagatttcg_t10.a.r1,resistant
atccacctcgaatgct_t10.a.r1,resistant
atccacctcgtagagg_c.r1,sensitive
atccattagatacgat_t10.a.r1,resistant
atccattaggtgatat_c.r1,sensitive
atccattcaaagacta_c.r1,sensitive
atccattcactacagt_c.r1,sensitive
atccattgtcgcaacc_c.r1,sensitive
atccatttcgacgatt_c.r1,sensitive
atccctgagcctgtgc_c.r1,sensitive
atccctgagtagcata_c.r1,sensitive
atccctgcacccaata_c.r1,sensitive
atccctgtcaagtcgt_c.r1,sensitive
atccgtccacttgaca_c.r1,sensitive
atccgtcgtaggtttc_t10.a.r1,resistant
atccgtcgtgaatatg_t10.a.r1,resistant
atccgtctctctccga_t10.a.r1,resistant
atcctatagctgtgcc_c.r1,sensitive
atcctatcaattgtgc_c.r1,sensitive
atcctatgtgaaagtt_c.r1,sensitive
atcctattcaagcccg_t10.a.r1,resistant
atcctattcagcttcc_t10.a.r1,resistant
atcctattcatcgtag_t10.a.r1,resistant
atcgatgagagcaacc_t10.a.r1,resistant
atcgatgcatcctatt_c.r1,sensitive
atcgatgtccttaccg_t10.a.r1,resistant
atcgcctcatgtaacc_t10.a.r1,resistant
atcgcctgtcagctta_t10.a.r1,resistant
atcgccttcaagcgtt_t10.a.r1,resistant
atcggatagaccataa_c.r1,sensitive
atcggatcactaacgt_c.r1,sensitive
atcggatgtgtcttag_c.r1,sensitive
atcggattctagttct_t10.a.r1,resistant
atcggattctctctaa_c.r1,sensitive
atcggcgcagcaattc_t10.a.r1,resistant
atcgtagaggttcact_c.r1,sensitive
atcgtccagacgacgt_c.r1,sensitive
atcgtcccactatcga_c.r1,sensitive
atcgtcccagcggttc_c.r1,sensitive
atcgtccgtagggagg_t10.a.r1,resistant
atcgtcctcaacccgg_t10.a.r1,resistant
atcgtcctcacggacc_t10.a.r1,resistant
atcgtcctcctctcga_c.r1,sensitive
atcgtcctcgagagac_c.r1,sensitive
atcgtgacaatgtcac_c.r1,sensitive
atcgtgacaggaatat_c.r1,sensitive
atcgtgagtcgcggtt_t10.a.r1,resistant
atctctaagttcatgc_c.r1,sensitive
atctctagtaattagg_t10.a.r1,resistant
atctctatcccgtgtt_c.r1,sensitive
atctctatcgttcctg_t10.a.r1,resistant
atctctatctttgcta_c.r1,sensitive
atcttcaagacataac_t10.a.r1,resistant
atcttcacacccaacg_c.r1,sensitive
atcttcacactcagat_c.r1,sensitive
atcttcacatcgtggc_t10.a.r1,resistant
atcttcagtattgcca_c.r1,sensitive
atcttcagtcataaag_c.r1,sensitive
atcttcatcatcctat_t10.a.r1,resistant
atcttcatccgtatga_t10.a.r1,resistant
atgaaagaggtcccgt_t10.a.r1,resistant
atgaaagcaagtgacg_c.r1,sensitive
atgaaagcaccgtgac_c.r1,sensitive
atgaaagcagtcttcc_c.r1,sensitive
atgaaaggtctaactg_c.r1,sensitive
atgaaagtcaggacga_c.r1,sensitive
atgaaagtccattcat_t10.a.r1,resistant
atgaaagtcgaacgga_c.r1,sensitive
atgaaagtcttggctc_t10.a.r1,resistant
atgaccaagctctatg_c.r1,sensitive
atgaccaaggcaccaa_c.r1,sensitive
atgaccagtatcgtgt_c.r1,sensitive
atgaccatcgttatct_t10.a.r1,resistant
atgagggcagaagtgc_c.r1,sensitive
atgagggcattcatct_c.r1,sensitive
atgagggcattcgatg_c.r1,sensitive
atgaggggtagcttac_t10.a.r1,resistant
atgagtcgtaactaag_c.r1,sensitive
atgagtcgtatcttct_c.r1,sensitive
atgagtcgttagagta_c.r1,sensitive
atgagtcgttgctcaa_c.r1,sensitive
atgagtctcccagcga_t10.a.r1,resistant
atgagtctcctctgca_t10.a.r1,resistant
atgagtctcttacact_c.r1,sensitive
atgagtctctttggag_c.r1,sensitive
atgatcgaggatatgt_t10.a.r1,resistant
atgatcgtcacattgg_c.r1,sensitive
atgatcgtcatcgtag_c.r1,sensitive
atgatcgtcggcatta_t10.a.r1,resistant
atgatcgtcgtgggaa_t10.a.r1,resistant
atgatcgtctgcacct_t10.a.r1,resistant
atgcatggtcgtgtta_t10.a.r1,resistant
atgcatggtgtccggt_c.r1,sensitive
atgcatgtcgaccata_c.r1,sensitive
atgcctccataccagt_c.r1,sensitive
atgcctcgtcgtgcca_c.r1,sensitive
atgcctcgtgaaagtt_t10.a.r1,resistant
atgcctcgtgagatcg_t10.a.r1,resistant
atgcctcgtgttcagt_t10.a.r1,resistant
atgcctctctgaggtt_c.r1,sensitive
atgcgatagtgcaccc_c.r1,sensitive
atgcgatgtgcccagt_c.r1,sensitive
atgcgattcaaccgat_c.r1,sensitive
atgcgattctagacac_t10.a.r1,resistant
atggaggcaacaaagt_c.r1,sensitive
atggaggcaccagtta_t10.a.r1,resistant
atggagggtagcgagt_c.r1,sensitive
atggaggtccacgtaa_t10.a.r1,resistant
atggaggtcgccaata_t10.a.r1,resistant
atggaggtcgccgaac_c.r1,sensitive
atggaggtctggtggc_t10.a.r1,resistant
atggatccaaggatgc_t10.a.r1,resistant
atggatccatagtcac_c.r1,sensitive
atggatctcaactttc_c.r1,sensitive
atggatctcacgggaa_t10.a.r1,resistant
atgggagagctggctc_c.r1,sensitive
atgggagagtcccagc_c.r1,sensitive
atgggagcacgggtaa_t10.a.r1,resistant
atgggagcatgtaacc_c.r1,sensitive
atgggttagagtgtta_c.r1,sensitive
atgggttcatagatga_t10.a.r1,resistant
atgggttcatgttacg_t10.a.r1,resistant
atgggttcattcgggc_t10.a.r1,resistant
atgggttgtaccacgc_t10.a.r1,resistant
atgggtttcggagatg_c.r1,sensitive
atgggtttctgatggt_t10.a.r1,resistant
atgggtttctgcgtct_t10.a.r1,resistant
atgggtttcttgcgct_t10.a.r1,resistant
atggttgcaagctcta_c.r1,sensitive
atggttggtacaacgg_c.r1,sensitive
atggttggtcgagtga_t10.a.r1,resistant
atggttggttcaggtt_t10.a.r1,resistant
atggttgtctctcaat_c.r1,sensitive
atgtcccagatcgacg_c.r1,sensitive
atgtcccaggttacct_t10.a.r1,resistant
atgtcccagttccgta_t10.a.r1,resistant
atgtcccgtgcccttt_t10.a.r1,resistant
atgtcccgttcaaacc_t10.a.r1,resistant
atgtccctcggacaag_c.r1,sensitive
atgtcttaggctgtag_c.r1,sensitive
atgtcttcaagttcgt_t10.a.r1,resistant
atgtcttgtattgacc_c.r1,sensitive
attacctgtgacctgc_c.r1,sensitive
attactcagtcagagc_c.r1,sensitive
attactccaaccgtat_c.r1,sensitive
attactcgtcagtccg_t10.a.r1,resistant
attactctcgtgctct_c.r1,sensitive
attatccagcgatcga_c.r1,sensitive
attatccagctcgaag_t10.a.r1,resistant
attatccagggactgt_c.r1,sensitive
attatccgtataccca_t10.a.r1,resistant
attatccgtcaggcaa_c.r1,sensitive
attatcctctaccacc_t10.a.r1,resistant
attcactcagctatac_c.r1,sensitive
attcactcatccgata_t10.a.r1,resistant
attcactgttaccttt_c.r1,sensitive
attcacttccttaccg_t10.a.r1,resistant
attcacttcgattgac_t10.a.r1,resistant
attcaggagagtcttc_t10.a.r1,resistant
attcaggagatcctac_c.r1,sensitive
attcaggagcgcatcc_t10.a.r1,resistant
attcaggaggaaagac_c.r1,sensitive
attcaggcaaaccatc_c.r1,sensitive
attcagggtagagatt_c.r1,sensitive
attcagggtgaatatg_c.r1,sensitive
attcatcgtagctgcc_c.r1,sensitive
attcatcgtcatcggc_t10.a.r1,resistant
attcatctcgctgttc_t10.a.r1,resistant
attccatagtttgtcg_c.r1,sensitive
attccatcagcttcct_t10.a.r1,resistant
attccattcgacctaa_c.r1,sensitive
attccattctggagag_t10.a.r1,resistant
attcccgcactcccta_c.r1,sensitive
attcccggtcggtaag_c.r1,sensitive
attcccggtttccaag_c.r1,sensitive
attcctaagagagttt_t10.a.r1,resistant
attcctacaataaccc_t10.a.r1,resistant
attcctagtagagatt_t10.a.r1,resistant
attcctagtccgtacg_c.r1,sensitive
attcctatcacaacca_t10.a.r1,resistant
attcctatccgcgatg_t10.a.r1,resistant
attcctatccttcttc_t10.a.r1,resistant
attcgtttcaagtggg_t10.a.r1,resistant
attcgtttcaggcgaa_c.r1,sensitive
attcgtttcatatggc_c.r1,sensitive
attctacagaagagca_c.r1,sensitive
attctaccaactcgat_c.r1,sensitive
attctaccagacaata_c.r1,sensitive
attctacgtgtggaca_t10.a.r1,resistant
attcttgagtgtacaa_t10.a.r1,resistant
attcttgcaacgccca_c.r1,sensitive
attcttgcaccctagg_c.r1,sensitive
attcttggtaggaaag_c.r1,sensitive
attcttgtcctagagt_c.r1,sensitive
attgggtagtatgtag_c.r1,sensitive
attgggtcagggtctc_c.r1,sensitive
attgggtcatgacgag_c.r1,sensitive
attgggtgtccggact_c.r1,sensitive
attgggtgttgaggac_t10.a.r1,resistant
attgttccaacaagta_t10.a.r1,resistant
attgttccacgggtaa_t10.a.r1,resistant
attgttccagtcacgc_t10.a.r1,resistant
attgttccagttgcgc_c.r1,sensitive
attgttctccacgtgg_c.r1,sensitive
attgttctcttaccat_t10.a.r1,resistant
atttaccagactccgc_t10.a.r1,resistant
atttacccaatcgaaa_c.r1,sensitive
atttacctcacgacta_t10.a.r1,resistant
atttacctcgcgtgca_t10.a.r1,resistant
atttcacaggacgcta_c.r1,sensitive
atttcacgtgtggtcc_c.r1,sensitive
atttcactcaaccgat_c.r1,sensitive
atttcactcctatgga_c.r1,sensitive
atttcactctgcctca_t10.a.r1,resistant
atttctgcaaacacgg_c.r1,sensitive
atttctgcaagttcgt_t10.a.r1,resistant
atttctgcaggaacca_t10.a.r1,resistant
atttctgcataatcgc_t10.a.r1,resistant
atttctggtacaatag_t10.a.r1,resistant
atttctggtaggcagt_t10.a.r1,resistant
atttctgtcagacaaa_t10.a.r1,resistant
caaagaacaaagctct_c.r1,sensitive
caaagaacaagcaata_c.r1,sensitive
caaagaagtacagaat_c.r1,sensitive
caaagaagtctggtta_t10.a.r1,resistant
caaagaatcaccttat_c.r1,sensitive
caaagaatctgtcgtc_c.r1,sensitive
caacaacagcctgaag_c.r1,sensitive
caacaacaggcgttga_t10.a.r1,resistant
caacaaccacagagac_t10.a.r1,resistant
caacaaccagagccct_c.r1,sensitive
caacaacgtagacacg_t10.a.r1,resistant
caacaacgttcgaact_t10.a.r1,resistant
caacaactcatctgtt_t10.a.r1,resistant
caacagtagaggcgga_c.r1,sensitive
caacagtaggtatctc_c.r1,sensitive
caacagtcactgcgtg_t10.a.r1,resistant
caacagtcagagaaag_t10.a.r1,resistant
caacagtgtattcctt_t10.a.r1,resistant
caacagttcagtccgg_t10.a.r1,resistant
caaccaacacaagccc_c.r1,sensitive
caaccaacacattctt_c.r1,sensitive
caaccaacagacacag_c.r1,sensitive
caaccaacagctatac_c.r1,sensitive
caaccaatcatcgcaa_c.r1,sensitive
caaccaatcattcatc_c.r1,sensitive
caaccaatcgttcgct_c.r1,sensitive
caacctcagagggcga_c.r1,sensitive
caacctctccattgcc_c.r1,sensitive
caacgatagcgtatgg_c.r1,sensitive
caacgatcaattctct_c.r1,sensitive
caacgatgtcttacag_c.r1,sensitive
caacgatgtttgggag_c.r1,sensitive
caacgattccctggtt_t10.a.r1,resistant
caacgattctccgagg_c.r1,sensitive
caacggcagtagaatc_c.r1,sensitive
caagactcaacgggta_c.r1,sensitive
caagactgtctcgggt_c.r1,sensitive
caagaggcatggaacg_c.r1,sensitive
caagagggtggcatcc_t10.a.r1,resistant
caagaggtctgcgggt_c.r1,sensitive
caagctatccctatta_c.r1,sensitive
caagggaagagtaccg_c.r1,sensitive
caagggagtcgcagtc_c.r1,sensitive
caagggatctactgag_c.r1,sensitive
caagggatctcccatg_c.r1,sensitive
caagggatctctcttc_c.r1,sensitive
caatacgagaaccgca_t10.a.r1,resistant
caatcgaaggtaacta_c.r1,sensitive
caatcgagtacctagt_t10.a.r1,resistant
caatcgatcaagaaac_c.r1,sensitive
caatcgatcctgctac_c.r1,sensitive
caatcgatcgtggacc_t10.a.r1,resistant
caatgacagaaggtag_c.r1,sensitive
caatgacagctagata_c.r1,sensitive
caatgactcattcact_t10.a.r1,resistant
caatttcgtcatacca_c.r1,sensitive
caatttcgtgattctg_t10.a.r1,resistant
caatttctccaaccgg_c.r1,sensitive
caatttctctcatttg_c.r1,sensitive
cacaacacagagaaag_t10.a.r1,resistant
cacaacacagagttgg_t10.a.r1,resistant
cacaacagtacgctat_t10.a.r1,resistant
cacaacatcatggccg_c.r1,sensitive
cacacaaagtatctgc_t10.a.r1,resistant
cacacaagtcgccaca_c.r1,sensitive
cacacaatccgaacgc_t10.a.r1,resistant
cacagatagcttgtgt_c.r1,sensitive
cacagataggctggat_c.r1,sensitive
cacagatagtagtcct_c.r1,sensitive
cacagatcacatgaaa_c.r1,sensitive
cacagatgtagaatgt_c.r1,sensitive
cacagatgtgacatct_c.r1,sensitive
cacaggccataatgag_c.r1,sensitive
cacaggctcgacattg_t10.a.r1,resistant
cacatgagtcagacga_c.r1,sensitive
caccaaaaggattaca_t10.a.r1,resistant
caccaaaaggtctttg_c.r1,sensitive
caccaaaagtcatgct_t10.a.r1,resistant
caccaaacaagcgcaa_c.r1,sensitive
caccaaagttcggtat_t10.a.r1,resistant
caccaaatcaatccga_t10.a.r1,resistant
caccaaatcatagcac_c.r1,sensitive
caccgttcaggatgac_t10.a.r1,resistant
caccgtttctagacac_t10.a.r1,resistant
caccgtttctctaagg_c.r1,sensitive
cacgaatagatcgacg_c.r1,sensitive
cacgaatgtatatgga_c.r1,sensitive
cacgaatgtcgtcata_c.r1,sensitive
cacgaatgttatgtcg_c.r1,sensitive
cacgaatgttgttgca_t10.a.r1,resistant
cacgaattctgtcgct_t10.a.r1,resistant
cacgggtagacgccaa_t10.a.r1,resistant
cacgggtgtatgaagt_c.r1,sensitive
cacgggtgtgttcatg_c.r1,sensitive
cacgggttctttccaa_t10.a.r1,resistant
cacgtggagaacaagg_c.r1,sensitive
cacgtggagcacaaat_t10.a.r1,resistant
cacgtggcaccaattg_c.r1,sensitive
cacgtgggtcgtggaa_t10.a.r1,resistant
cacgtggtcctgttgc_c.r1,sensitive
cacgtggtcggaaggt_t10.a.r1,resistant
cacgtggtctttgcat_t10.a.r1,resistant
cacgttccatgtttgg_c.r1,sensitive
cacgttcgtcaagcga_t10.a.r1,resistant
cacgttctcctaagtg_t10.a.r1,resistant
cactaagagcgacttt_c.r1,sensitive
cactaagcatcgctgg_c.r1,sensitive
cactaaggttaaacag_c.r1,sensitive
cactaaggtttcccac_t10.a.r1,resistant
cactaagtcctggctt_t10.a.r1,resistant
cactgaaagagttgcg_c.r1,sensitive
cactgaaagcctcacg_t10.a.r1,resistant
cactgaaagtatggat_t10.a.r1,resistant
cactgaaagtggtcag_c.r1,sensitive
cactgggcatgactac_c.r1,sensitive
cactgtccagggagag_c.r1,sensitive
cactgtcgtccttgtc_c.r1,sensitive
cactgtctctcaaagc_c.r1,sensitive
cacttcgagccagtag_c.r1,sensitive
cacttcgaggaacatt_t10.a.r1,resistant
cacttcgcaaggatgc_c.r1,sensitive
cacttcggtgggtcaa_c.r1,sensitive
cagagccagtgcaggt_c.r1,sensitive
cagagccagttgggac_c.r1,sensitive
cagagcccacagctta_c.r1,sensitive
cagagccgtcctgaat_c.r1,sensitive
cagatacagtaggcca_c.r1,sensitive
cagataccactgcttc_t10.a.r1,resistant
cagataccatccttcg_t10.a.r1,resistant
cagatacgtacagtct_c.r1,sensitive
cagatacgtagggtac_t10.a.r1,resistant
cagatactcattcttg_t10.a.r1,resistant
cagatactccagtgcg_c.r1,sensitive
cagatactcgaagaat_c.r1,sensitive
cagatcacaataccca_t10.a.r1,resistant
cagatcacaatgagcg_t10.a.r1,resistant
cagatcagtctgtcct_t10.a.r1,resistant
cagattgagggtcaac_c.r1,sensitive
cagattggtacattgc_t10.a.r1,resistant
cagattggtatgcgtt_c.r1,sensitive
cagattggtattcctt_c.r1,sensitive
cagattggttagcgga_c.r1,sensitive
cagcaatcacgcgcat_t10.a.r1,resistant
cagcaatgtacaacgg_c.r1,sensitive
cagcaatgtagagtta_c.r1,sensitive
cagcaatgtgtcattg_c.r1,sensitive
cagcaattccgattag_t10.a.r1,resistant
cagcacgcaaaggatt_c.r1,sensitive
cagcacgcactctcgt_c.r1,sensitive
cagcacggtgtgtcgc_c.r1,sensitive
cagcagcagcacccac_t10.a.r1,resistant
cagcagccatccttgc_c.r1,sensitive
cagcagccatctcaag_c.r1,sensitive
cagcagcgtacaaagt_c.r1,sensitive
cagcagcgtggacctc_c.r1,sensitive
cagcagctcagagcag_c.r1,sensitive
cagccaggtacacgtt_c.r1,sensitive
cagccaggtagccctg_c.r1,sensitive
cagccaggtcccggta_c.r1,sensitive
cagccaggttgcatca_c.r1,sensitive
cagcgtgagccgtaag_t10.a.r1,resistant
cagcgtgagtagggtc_c.r1,sensitive
cagcgtgagtcactca_c.r1,sensitive
cagcgtggttggaccc_c.r1,sensitive
caggccaagtgttcca_c.r1,sensitive
caggccacaaatgagt_t10.a.r1,resistant
caggccacaatagggc_t10.a.r1,resistant
caggccacacagtccg_t10.a.r1,resistant
caggccacaccggtca_t10.a.r1,resistant
caggccacacggtgct_c.r1,sensitive
caggccacagcgcttg_t10.a.r1,resistant
caggccagtccttaag_t10.a.r1,resistant
caggccatcgcgtgca_t10.a.r1,resistant
caggccatcggaatgg_t10.a.r1,resistant
caggccatctggtcaa_t10.a.r1,resistant
cagggctagactacgg_c.r1,sensitive
cagggctcacatacgt_t10.a.r1,resistant
cagggctgtcactctc_c.r1,sensitive
cagggcttcactgatg_t10.a.r1,resistant
cagggcttcgtgtgat_t10.a.r1,resistant
cagggcttctgtccca_t10.a.r1,resistant
caggtatcaaaggaga_c.r1,sensitive
caggtatcaagctgtt_c.r1,sensitive
caggtatcacatacgt_c.r1,sensitive
caggtatgtacaaagt_c.r1,sensitive
caggtatgtcgcagtc_t10.a.r1,resistant
caggtatgtcgcggtt_t10.a.r1,resistant
caggtattccacacaa_c.r1,sensitive
caggtattctgagcat_t10.a.r1,resistant
cagtgcgcaagtcgtt_t10.a.r1,resistant
cagtgcggtgcgctca_c.r1,sensitive
cagtgcggtttctatc_c.r1,sensitive
cagttagagaacaagg_t10.a.r1,resistant
cagttagaggaggcag_c.r1,sensitive
cagttagcaacagata_c.r1,sensitive
cagttaggtccatagt_c.r1,sensitive
cagttagtccacgggt_c.r1,sensitive
cagttagtctgagaaa_c.r1,sensitive
cagttcctcgtaacca_c.r1,sensitive
cataagccatccgata_c.r1,sensitive
cataagccatgggaac_t10.a.r1,resistant
catacagcaggtagtg_c.r1,sensitive
catacaggtagcgagt_c.r1,sensitive
catacaggtatacaga_c.r1,sensitive
catacaggtcgagatg_c.r1,sensitive
catacaggtgaaagtt_t10.a.r1,resistant
catacccagacgactg_c.r1,sensitive
catacttagagcagct_c.r1,sensitive
catacttagccgaaca_t10.a.r1,resistant
catacttcagaagcgt_t10.a.r1,resistant
catagacagggagaat_c.r1,sensitive
catagacagggtgaaa_t10.a.r1,resistant
catagaccatgataga_c.r1,sensitive
catagacgttgaggac_c.r1,sensitive
catcaagaggtcgtga_c.r1,sensitive
catcaagcacatactg_c.r1,sensitive
catcaagcacgtcgtg_c.r1,sensitive
catcaaggttgccgca_c.r1,sensitive
catccacagaccacga_c.r1,sensitive
catccacagatacatg_c.r1,sensitive
catccacagctcatac_c.r1,sensitive
catccacgtcggaaca_t10.a.r1,resistant
catccacgtgaccgaa_t10.a.r1,resistant
catcccacacgcaaag_c.r1,sensitive
catcccagttgaatcc_c.r1,sensitive
catccgtagattgagt_c.r1,sensitive
catccgtagccggaat_c.r1,sensitive
catccgtagcttagtc_c.r1,sensitive
catccgtagttgcatc_t10.a.r1,resistant
catccgtcagagttgg_t10.a.r1,resistant
catccgtgttgcatgt_c.r1,sensitive
catccgttccactgaa_c.r1,sensitive
catccgttctggccag_c.r1,sensitive
catcgctcatggcacc_c.r1,sensitive
catcgctgtctgtgcg_t10.a.r1,resistant
catcgcttcaagtctg_c.r1,sensitive
catcgggagacagtcg_c.r1,sensitive
catcgggcagtgtatc_c.r1,sensitive
catcggggtacatacc_c.r1,sensitive
catcgggtccctcgta_c.r1,sensitive
catcgtcaggatacgc_c.r1,sensitive
catcgtcaggttacaa_t10.a.r1,resistant
catcgtctctctgcca_c.r1,sensitive
catgagtagagcagct_c.r1,sensitive
catgagttccgtcact_t10.a.r1,resistant
catgagttctgagaaa_t10.a.r1,resistant
catgcaaagcagcctc_c.r1,sensitive
catgcaaagccaaggt_c.r1,sensitive
catgcaagtatctcga_c.r1,sensitive
catgcaagttacccaa_c.r1,sensitive
catgcaatcctcaggg_c.r1,sensitive
catgcaatcggagtga_c.r1,sensitive
catgcctagtctagct_c.r1,sensitive
catgccttcttcacat_c.r1,sensitive
catgcggagctgagca_t10.a.r1,resistant
catgcggagggtaatt_c.r1,sensitive
catgcggtcacggacc_t10.a.r1,resistant
catgcggtcatttcca_t10.a.r1,resistant
catgcggtccgctgtt_c.r1,sensitive
catgctcagcctattg_c.r1,sensitive
catgctccaggaggag_c.r1,sensitive
catgctctccgacata_c.r1,sensitive
catgctctccgtaggc_c.r1,sensitive
catggatcaagcaccc_t10.a.r1,resistant
catggatcattgaggg_c.r1,sensitive
catggattcgacacta_t10.a.r1,resistant
catggattcggtatgt_t10.a.r1,resistant
catggattctgcgagc_t10.a.r1,resistant
catggattctgtccgt_t10.a.r1,resistant
catggattcttcccag_c.r1,sensitive
catggtacaagtggtg_c.r1,sensitive
catggtagtcacagag_c.r1,sensitive
catggtagtcatccgg_c.r1,sensitive
catggtagttacagct_c.r1,sensitive
catggtatcaccgctt_c.r1,sensitive
cattcatagagcactg_t10.a.r1,resistant
cattcatagagttgta_c.r1,sensitive
cattcatcaacggctc_t10.a.r1,resistant
cattcatcagacaaat_t10.a.r1,resistant
cattcatcattaagcc_t10.a.r1,resistant
cattcattccacacct_c.r1,sensitive
cattcattctagcctc_c.r1,sensitive
cattccgagcacacag_t10.a.r1,resistant
cattccgaggttcatc_t10.a.r1,resistant
cattccgcacacgcca_t10.a.r1,resistant
cattccggtccgtttc_c.r1,sensitive
cattccggtctagtgt_t10.a.r1,resistant
cattccgtcacaacca_t10.a.r1,resistant
cattccgtccatagac_c.r1,sensitive
cattccgtccgagctg_c.r1,sensitive
cattctaaggattaca_c.r1,sensitive
cattctaagtaacctc_c.r1,sensitive
cattctacaaccgatt_c.r1,sensitive
cattgagagaaagcga_t10.a.r1,resistant
cattgagagacatgcg_c.r1,sensitive
cattgagagagtaact_c.r1,sensitive
cattgagaggctgtag_c.r1,sensitive
cattgagcaacggcct_c.r1,sensitive
cattgagcacactggc_c.r1,sensitive
cattgaggtggcaaca_c.r1,sensitive
cattgaggtggcttgc_t10.a.r1,resistant
cattgagtctgcgggt_t10.a.r1,resistant
cattgagtctggtcaa_t10.a.r1,resistant
cattgccagagagtga_c.r1,sensitive
cattgcccacgtcgtg_c.r1,sensitive
cattgttgttgtgtac_c.r1,sensitive
cattgtttcaatctct_t10.a.r1,resistant
catttcagttatgtgc_c.r1,sensitive
catttcatccatacag_t10.a.r1,resistant
ccaagcgagtgcctcg_t10.a.r1,resistant
ccaagcggtacgatct_t10.a.r1,resistant
ccaagcgtccactggg_t10.a.r1,resistant
ccaagcgtcggaatgg_c.r1,sensitive
ccaatgaagttagtag_t10.a.r1,resistant
ccaatgacaagaggct_c.r1,sensitive
ccaatgagtcgatttg_c.r1,sensitive
ccaatgagtggaacca_c.r1,sensitive
ccaatgatcgaaacaa_c.r1,sensitive
ccaatttagcaaatgt_c.r1,sensitive
ccaatttaggttggtg_c.r1,sensitive
ccaatttcactctgct_t10.a.r1,resistant
ccaatttcagaagtta_c.r1,sensitive
ccaatttcaggaatat_c.r1,sensitive
ccacaaaagtaagcat_c.r1,sensitive
ccacaaaagtgagcca_c.r1,sensitive
ccacaaaagttagtga_c.r1,sensitive
ccacaaacaatacctg_t10.a.r1,resistant
ccacaaacacagcatt_c.r1,sensitive
ccacaaagtatatgga_t10.a.r1,resistant
ccacaaagtccttaag_c.r1,sensitive
ccacaaagtgcaagac_c.r1,sensitive
ccacactagatacagt_c.r1,sensitive
ccacactagccgttat_t10.a.r1,resistant
ccacactagttggacg_c.r1,sensitive
ccacactgtgaagctg_c.r1,sensitive
ccacactgtggatacg_t10.a.r1,resistant
ccaccattcatctatc_c.r1,sensitive
ccaccattccgtacgg_t10.a.r1,resistant
ccaccattcgtcaaac_c.r1,sensitive
ccacgagagcactttg_c.r1,sensitive
ccacgagagggccctt_c.r1,sensitive
ccacgagagttgtaag_t10.a.r1,resistant
ccacgaggtgagatat_t10.a.r1,resistant
ccacgagtctctgaga_c.r1,sensitive
ccacgttagttagaac_c.r1,sensitive
ccacgtttcactccgt_c.r1,sensitive
ccacttgagacgcatg_c.r1,sensitive
ccacttgcacaaccgc_t10.a.r1,resistant
ccacttggtacggcaa_c.r1,sensitive
ccacttggtgtacatc_t10.a.r1,resistant
ccataagagctactgt_c.r1,sensitive
ccataagcaatcagct_c.r1,sensitive
ccataaggtggtctgc_t10.a.r1,resistant
ccataagtcagccttc_t10.a.r1,resistant
ccatcacagcatcagg_t10.a.r1,resistant
ccatcacagcgtctcg_c.r1,sensitive
ccatcacgtagggtac_t10.a.r1,resistant
ccatcacgtcgcatta_c.r1,sensitive
ccatcactcaggtgtt_c.r1,sensitive
cccaactagacacacg_c.r1,sensitive
cccaactagagccgat_t10.a.r1,resistant
cccaactaggttgagc_c.r1,sensitive
cccattgcagcttcgg_t10.a.r1,resistant
cccgaagcaatagtga_t10.a.r1,resistant
cccgaagcaatgggtg_t10.a.r1,resistant
cccgaaggttcttcat_c.r1,sensitive
cccgaagtctgggtcg_t10.a.r1,resistant
cccggaaaggctagca_t10.a.r1,resistant
cccggaaagggcttcc_c.r1,sensitive
cccggaacacaagcag_t10.a.r1,resistant
cccggaacacatatcg_c.r1,sensitive
cccggaagtataggat_c.r1,sensitive
cccggaagttcggtta_t10.a.r1,resistant
ccctaacagaaaccat_t10.a.r1,resistant
ccctaactctttcgat_t10.a.r1,resistant
ccctcaaagagtccga_c.r1,sensitive
ccctcaaaggttgttc_c.r1,sensitive
ccctcaacaaatgaac_t10.a.r1,resistant
ccctcaagtaacacct_t10.a.r1,resistant
ccctcaagtatttctc_t10.a.r1,resistant
ccctcaagttggctat_c.r1,sensitive
ccctcaatcaagccat_t10.a.r1,resistant
ccctctcgtcgttgcg_t10.a.r1,resistant
ccctctctcactcgaa_c.r1,sensitive
ccctctctctctatac_t10.a.r1,resistant
ccctgatcagtggctc_c.r1,sensitive
ccctgattcatcagtg_t10.a.r1,resistant
ccctgattcctcacca_c.r1,sensitive
cccttagcaataaccc_c.r1,sensitive
cccttagcacgtagag_t10.a.r1,resistant
cccttaggtacgtagg_t10.a.r1,resistant
cccttaggtcgcatcg_t10.a.r1,resistant
cccttagtccctcgta_t10.a.r1,resistant
cccttagtcctacaag_t10.a.r1,resistant
ccgatctagcagggag_t10.a.r1,resistant
ccgatctaggaacatt_c.r1,sensitive
ccgatctagtgattcc_t10.a.r1,resistant
ccgatctcaataccca_t10.a.r1,resistant
ccgatctcatccgcga_t10.a.r1,resistant
ccgatctcatggctgc_c.r1,sensitive
ccgatctgtagactgg_c.r1,sensitive
ccgatcttcagacatc_c.r1,sensitive
ccgatgggttcaaaga_t10.a.r1,resistant
ccgatggtcttcggaa_t10.a.r1,resistant
ccgcaagagctatctg_c.r1,sensitive
ccgcaagcagtcaact_t10.a.r1,resistant
ccgcaaggtacccgac_c.r1,sensitive
ccgcaaggtgcagtga_t10.a.r1,resistant
ccggacaagtaggatt_t10.a.r1,resistant
ccggacaagtgcacag_t10.a.r1,resistant
ccggacacaacagata_c.r1,sensitive
ccggacacaggtcaga_t10.a.r1,resistant
ccggacagtcggaaac_t10.a.r1,resistant
ccggacagtgtccacg_c.r1,sensitive
ccggacagttacccaa_t10.a.r1,resistant
ccggacagttctcgct_t10.a.r1,resistant
ccgggtaaggcgcttc_t10.a.r1,resistant
ccggtagcagccatta_c.r1,sensitive
ccggtaggtccggtgt_c.r1,sensitive
ccggtagtctctctaa_c.r1,sensitive
ccggtgagttcctacc_c.r1,sensitive
ccgtaggcaaatcaga_c.r1,sensitive
ccgtagggttgagtct_c.r1,sensitive
ccgtaggtcatacagc_t10.a.r1,resistant
ccgtaggtcttcggtc_c.r1,sensitive
ccgtgagcagactgcc_c.r1,sensitive
ccgtgagcatagctgt_c.r1,sensitive
ccgtgaggtccactct_c.r1,sensitive
ccgttcaagtagctct_c.r1,sensitive
ccgttcacagcccaca_t10.a.r1,resistant
ccgttcagtacacgtt_c.r1,sensitive
ccgttcagtcaccgac_t10.a.r1,resistant
ccgttcatccacaagt_c.r1,sensitive
cctaacccaccctgag_c.r1,sensitive
cctaaccgtgtgtcgc_c.r1,sensitive
cctaacctcactctta_t10.a.r1,resistant
cctaacctccgtagta_c.r1,sensitive
cctaacctcgttgtag_t10.a.r1,resistant
cctaagaagcctgaga_t10.a.r1,resistant
cctaagacaataaggt_t10.a.r1,resistant
cctaagagtggactag_t10.a.r1,resistant
cctaagatcaaacgtc_c.r1,sensitive
cctacgtagagagcaa_t10.a.r1,resistant
cctacgtcagctaccg_c.r1,sensitive
cctacgtgtgcaagac_t10.a.r1,resistant
cctacgttccttgacc_c.r1,sensitive
cctatcgagaaccgca_t10.a.r1,resistant
cctatcgagatttgcc_t10.a.r1,resistant
cctatcgaggatacat_t10.a.r1,resistant
cctatcgcaggaggag_t10.a.r1,resistant
cctcaacagctttctt_c.r1,sensitive
cctcaacgtccaagag_c.r1,sensitive
cctcaacgtttggagg_t10.a.r1,resistant
cctcaactctcctgca_c.r1,sensitive
cctcacacacagctta_t10.a.r1,resistant
cctcacagtatagctc_c.r1,sensitive
cctcacagtgtgatgg_c.r1,sensitive
cctcacagttgcgtat_t10.a.r1,resistant
cctcacatcgataacc_c.r1,sensitive
cctcagtaggcatcag_t10.a.r1,resistant
cctcagtcaaacaggc_c.r1,sensitive
cctcagtcacccaata_c.r1,sensitive
cctcagtcatgggtcc_c.r1,sensitive
cctcatggtattgcca_c.r1,sensitive
cctcatggtgcaataa_c.r1,sensitive
cctccaacagatcatc_c.r1,sensitive
cctccaagtgttcgta_c.r1,sensitive
cctccaatcatcgaca_c.r1,sensitive
cctccaatcggagatg_t10.a.r1,resistant
cctccaatctttctag_t10.a.r1,resistant
cctcctcgtcttgtcc_t10.a.r1,resistant
cctcctcgttctccac_c.r1,sensitive
cctcctctcgtctacc_c.r1,sensitive
cctctagagtcatggg_c.r1,sensitive
cctctaggtacgctat_t10.a.r1,resistant
cctctaggtcaggcaa_c.r1,sensitive
cctctcccacacggtc_c.r1,sensitive
cctctcccaccctgag_c.r1,sensitive
cctctcccatagctgt_c.r1,sensitive
cctctccgtcgcatcg_c.r1,sensitive
cctgcatagtaagact_t10.a.r1,resistant
cctgcatcaagctcta_c.r1,sensitive
cctgcatcatgcgtgc_t10.a.r1,resistant
cctgcattcgacctaa_c.r1,sensitive
cctgcattctcgcagg_t10.a.r1,resistant
cctgttgagcagtacg_c.r1,sensitive
cctgttgcaaggcctc_c.r1,sensitive
cctgttgcacttgagt_c.r1,sensitive
cctgttgcatcccgtt_c.r1,sensitive
cctgttggttcttcat_c.r1,sensitive
cctgttgtcgcgctga_c.r1,sensitive
ccttcagaggtcgtcc_c.r1,sensitive
ccttcagcataggcga_t10.a.r1,resistant
ccttcaggtacgtagg_c.r1,sensitive
ccttcaggtaggctcc_c.r1,sensitive
ccttcaggtgcatttg_t10.a.r1,resistant
ccttcagtcgagaagc_t10.a.r1,resistant
ccttcagtctcaccca_c.r1,sensitive
ccttcagtctcacgaa_c.r1,sensitive
ccttgtgagaatctag_c.r1,sensitive
ccttgtgagatgccga_c.r1,sensitive
ccttgtgagcctgtcg_c.r1,sensitive
ccttgtgagctcatac_t10.a.r1,resistant
ccttgtgaggcgtcct_c.r1,sensitive
ccttgtgaggtattga_c.r1,sensitive
ccttgtggtcatgact_c.r1,sensitive
cctttggaggctaacg_t10.a.r1,resistant
cctttggagtgacacg_t10.a.r1,resistant
cctttgggtatatgga_t10.a.r1,resistant
cctttggtcgcttaag_c.r1,sensitive
cgaaggaagtctctga_t10.a.r1,resistant
cgaaggacatcagcat_t10.a.r1,resistant
cgaaggagtccctgtt_c.r1,sensitive
cgaaggagtcctggtg_c.r1,sensitive
cgaagttagatagtgt_c.r1,sensitive
cgaagttagcagccct_t10.a.r1,resistant
cgaagttcacggcgtt_c.r1,sensitive
cgaagttcacggtaga_c.r1,sensitive
cgaagttcacgtcgtg_c.r1,sensitive
cgaagttcattctccg_c.r1,sensitive
cgaagttgtcgcacgt_c.r1,sensitive
cgaagtttccgtggca_c.r1,sensitive
cgaattggtacgacag_c.r1,sensitive
cgaattggtctacagt_t10.a.r1,resistant
cgaattggtgagatta_c.r1,sensitive
cgaattgtctgagatc_t10.a.r1,resistant
cgacagcagccgatag_t10.a.r1,resistant
cgacagcagtggttgg_c.r1,sensitive
cgacagccactctaga_c.r1,sensitive
cgacagccagagaatt_c.r1,sensitive
cgacagcgtcaacgcc_c.r1,sensitive
cgacagctccgcataa_t10.a.r1,resistant
cgagaagcaataggat_c.r1,sensitive
cgagaagcattgcctc_c.r1,sensitive
cgagaagtcttccacg_c.r1,sensitive
cgaggaaagtgtcatc_t10.a.r1,resistant
cgaggaaagttggacg_c.r1,sensitive
cgaggaagtgttacac_c.r1,sensitive
cgaggaatctatgtgg_t10.a.r1,resistant
cgaggctcacccttgt_t10.a.r1,resistant
cgaggctcagtcagcc_t10.a.r1,resistant
cgagtgcgtatcgcta_t10.a.r1,resistant
cgagtgcgtgatactc_c.r1,sensitive
cgagtgcgtgcctttc_t10.a.r1,resistant
cgagtgctcctcatat_t10.a.r1,resistant
cgagttaagtcgtcta_c.r1,sensitive
cgagttacactggacc_t10.a.r1,resistant
cgagttacatctttca_t10.a.r1,resistant
cgagttagtgagacgt_t10.a.r1,resistant
cgagttatcacgggaa_c.r1,sensitive
cgatcgggtaggctga_t10.a.r1,resistant
cgatcgggtgggcttc_c.r1,sensitive
cgatcgggttaggccc_c.r1,sensitive
cgatcggtcgagtgag_t10.a.r1,resistant
cgatgcgcacgcttaa_c.r1,sensitive
cgatgcgcaggacagt_t10.a.r1,resistant
cgatgcgtcggcatat_c.r1,sensitive
cgatggcagaaactca_c.r1,sensitive
cgatggcagggtacgt_c.r1,sensitive
cgatggcagttccgta_t10.a.r1,resistant
cgatggccaacagagc_c.r1,sensitive
cgatggccagcgtacc_c.r1,sensitive
cgatggccatcagcat_c.r1,sensitive
cgatggcgtagcgatg_c.r1,sensitive
cgatggctcgtaggga_t10.a.r1,resistant
cgcaggttcaacacca_c.r1,sensitive
cgcaggttcactcacc_c.r1,sensitive
cgcaggttcctctctt_c.r1,sensitive
cgcataacatagatga_c.r1,sensitive
cgcataatctgcctgt_c.r1,sensitive
cgcatggagcgagtac_c.r1,sensitive
cgcatggcagaccaga_c.r1,sensitive
cgcatggcagagcgta_t10.a.r1,resistant
cgcatgggttggatct_c.r1,sensitive
cgcatgggtttcggcg_t10.a.r1,resistant
cgcatggtcatttggg_t10.a.r1,resistant
cgccagaagacagcgt_c.r1,sensitive
cgccagaagttccagt_c.r1,sensitive
cgccagagtactggga_c.r1,sensitive
cgccattcaagcggat_t10.a.r1,resistant
cgccattgtccagcgt_c.r1,sensitive
cgccatttcccaactc_t10.a.r1,resistant
cgcgtgaagtgcgctc_t10.a.r1,resistant
cgcgtgacatggccac_t10.a.r1,resistant
cgcgtgagtctctcca_c.r1,sensitive
cggaacccaggctctg_t10.a.r1,resistant
cggaacccatctgggc_t10.a.r1,resistant
cggaaccgtactaacc_t10.a.r1,resistant
cggaacctcagatgct_t10.a.r1,resistant
cggaattagcgaggag_t10.a.r1,resistant
cggaattcagaccaga_c.r1,sensitive
cggaattgtacggttt_c.r1,sensitive
cggaattgtgccgtac_t10.a.r1,resistant
cggaattgtggcagat_t10.a.r1,resistant
cggacacgtacgtgtt_c.r1,sensitive
cggacactccaaatgc_t10.a.r1,resistant
cggacactcgttaccc_c.r1,sensitive
cggagaacagcgaaca_t10.a.r1,resistant
cggagaatcctagagt_c.r1,sensitive
cggcagtagtcgccca_c.r1,sensitive
cggcagtcacaaggtg_t10.a.r1,resistant
cggcagtcaccgaatt_c.r1,sensitive
cggcagtgtatcacgt_c.r1,sensitive
cggcagtgtctgcctt_t10.a.r1,resistant
cggcagttcatcactt_t10.a.r1,resistant
cgggactagaccagca_t10.a.r1,resistant
cgggactagtatagac_t10.a.r1,resistant
cgggactcagacaccc_t10.a.r1,resistant
cgggactgtcattccc_c.r1,sensitive
cgggacttcaggtaaa_c.r1,sensitive
cgggcatcacagagac_t10.a.r1,resistant
cgggcattccgtggtg_c.r1,sensitive
cgggtcaagctgtgcc_t10.a.r1,resistant
cgggtcaagggtggga_t10.a.r1,resistant
cgggtcatcgccgaac_t10.a.r1,resistant
cgggtcatcggtagag_c.r1,sensitive
cgggtgtagcataggc_t10.a.r1,resistant
cgggtgtcacaaagcg_c.r1,sensitive
cgggtgtcagttgaaa_t10.a.r1,resistant
cgggtgtcatgatgct_c.r1,sensitive
cgggtgtgtctacatg_t10.a.r1,resistant
cgggtgttcacttgtt_c.r1,sensitive
cgggtgttcattcact_t10.a.r1,resistant
cgggtgttctactatc_t10.a.r1,resistant
cggtcagagacgtccc_c.r1,sensitive
cggtcagagtctctga_c.r1,sensitive
cgtaagtaggtaggct_c.r1,sensitive
cgtaagtgtctcaggc_c.r1,sensitive
cgtaagtgttgtatgc_t10.a.r1,resistant
cgtaatgagcgtgttt_t10.a.r1,resistant
cgtaatggtggcatcc_c.r1,sensitive
cgtaatggttagagta_c.r1,sensitive
cgtagtaagtggcctc_c.r1,sensitive
cgtagtaagttatgga_c.r1,sensitive
cgtagtacatgccggt_c.r1,sensitive
cgtagtagtgtccata_c.r1,sensitive
cgtcaaacaactgccg_t10.a.r1,resistant
cgtcaaacaattcgtg_t10.a.r1,resistant
cgtcaaagtccaatca_t10.a.r1,resistant
cgtccatagactacgg_c.r1,sensitive
cgtccatcaccactgg_c.r1,sensitive
cgtccatcaccagtta_t10.a.r1,resistant
cgtccatgtacagttc_t10.a.r1,resistant
cgtccatgtccgaaga_t10.a.r1,resistant
cgtgaatagaatgttg_c.r1,sensitive
cgtgaatagcgacttt_t10.a.r1,resistant
cgtgaatcacgtacat_t10.a.r1,resistant
cgtgataagatactga_t10.a.r1,resistant
cgtgatacatggtgga_c.r1,sensitive
cgtgatagtccaagag_t10.a.r1,resistant
cgtgatagtcgtacta_c.r1,sensitive
cgtgatagtctaactg_t10.a.r1,resistant
cgtgatagttatccag_c.r1,sensitive
cgtgatatctaagcgt_t10.a.r1,resistant
cgtgcttagatgcgac_c.r1,sensitive
cgtgcttagctccata_t10.a.r1,resistant
cgtgcttcaaccagag_t10.a.r1,resistant
cgtgcttcaccctcta_t10.a.r1,resistant
cgtgcttcactcgata_t10.a.r1,resistant
cgtgcttgtacgttca_t10.a.r1,resistant
cgtgcttgttcttcat_c.r1,sensitive
cgtgcttgttgtagct_c.r1,sensitive
cgtgtctagagccgta_c.r1,sensitive
cgtgtctagagggtgg_t10.a.r1,resistant
cgtgtctaggtcactt_c.r1,sensitive
cgtgtctcaactggtt_t10.a.r1,resistant
cgtgtctgtacctgta_t10.a.r1,resistant
cgtgtcttcacttcta_t10.a.r1,resistant
cgtgtcttcccgaata_c.r1,sensitive
cgttagaagttgctca_t10.a.r1,resistant
cgttagacacgggtaa_t10.a.r1,resistant
cgttagacatacgcat_c.r1,sensitive
cgttagatctaacacg_c.r1,sensitive
cgttctgaggaagtag_c.r1,sensitive
cgttctgcaacgactt_c.r1,sensitive
cgttctgcacatacgt_c.r1,sensitive
cgttctgcagtcgtta_t10.a.r1,resistant
cgttctggtccaaagg_t10.a.r1,resistant
cgttctggtgagacca_c.r1,sensitive
cgttctggtgtacgcc_c.r1,sensitive
cgttgggagaagtgtt_c.r1,sensitive
cgttgggcaacaaagt_t10.a.r1,resistant
cgttgggcatctcgtc_c.r1,sensitive
cgttggggtacagcga_c.r1,sensitive
cgttggggtgctctct_c.r1,sensitive
cgttgggtcctagagt_c.r1,sensitive
ctaacccagacccgct_c.r1,sensitive
ctaaccccagggttga_t10.a.r1,resistant
ctaaccccaggttccg_c.r1,sensitive
ctaacccgtacgtagg_c.r1,sensitive
ctaactttcgaagaat_t10.a.r1,resistant
ctaagtgagcggtaac_c.r1,sensitive
ctaagtgtctcatgcc_c.r1,sensitive
ctaagtgtctccgcat_c.r1,sensitive
ctacagaagagccatg_c.r1,sensitive
ctacagaagcggtatg_c.r1,sensitive
ctacagagtattgacc_c.r1,sensitive
ctacagagtgctcttc_c.r1,sensitive
ctacattaggcgttga_t10.a.r1,resistant
ctacattagtgaacat_t10.a.r1,resistant
ctacattagtggtcag_t10.a.r1,resistant
ctacattcacttggcg_c.r1,sensitive
ctacattgtcctgtct_t10.a.r1,resistant
ctacatttcgtgagag_c.r1,sensitive
ctacccaaggactaat_c.r1,sensitive
ctacccaagtctcgta_t10.a.r1,resistant
ctacccagtgccgaaa_t10.a.r1,resistant
ctacccagttagtcgt_c.r1,sensitive
ctacccagttctctcg_c.r1,sensitive
ctacccatcaatcagc_t10.a.r1,resistant
ctacccatcactgctc_c.r1,sensitive
ctacccatcggctata_t10.a.r1,resistant
ctacccatctgtccgt_c.r1,sensitive
ctacctgcagatttcg_c.r1,sensitive
ctacctgcaggtccgt_t10.a.r1,resistant
ctacctgtcccagtgg_c.r1,sensitive
ctacgggcaccctgag_t10.a.r1,resistant
ctacgggcagacaagc_t10.a.r1,resistant
ctacgggcaggaagtc_t10.a.r1,resistant
ctacgggcaggctatt_c.r1,sensitive
ctacggggtgaggatc_t10.a.r1,resistant
ctacggggttaggctt_c.r1,sensitive
ctacgggtcaaaggat_t10.a.r1,resistant
ctacgggtccgatgta_c.r1,sensitive
ctactatagcgtatgg_c.r1,sensitive
ctactatcaagtccat_t10.a.r1,resistant
ctactatcatctccca_t10.a.r1,resistant
ctactatgtgctcttc_c.r1,sensitive
ctactatgtttgaacc_c.r1,sensitive
ctagacagtaagatac_t10.a.r1,resistant
ctagacagtcacttcc_c.r1,sensitive
ctagacagttgcggct_t10.a.r1,resistant
ctagacatcggactgc_c.r1,sensitive
ctagacatctcaaagc_c.r1,sensitive
ctaggtaagcaaatgt_t10.a.r1,resistant
ctaggtagttcaaggg_t10.a.r1,resistant
ctaggtatccctgttg_c.r1,sensitive
ctataggagaggatcc_c.r1,sensitive
ctataggcacgtacta_c.r1,sensitive
ctataggcatataccg_t10.a.r1,resistant
ctatagggtaaggaga_t10.a.r1,resistant
ctatagggtagcgcct_t10.a.r1,resistant
ctatccgagattagca_c.r1,sensitive
ctatccgcatctgttt_c.r1,sensitive
ctatccggtaagatca_t10.a.r1,resistant
ctatccgtccacgggt_c.r1,sensitive
ctatctaagactctac_c.r1,sensitive
ctatctaagcgctgct_t10.a.r1,resistant
ctatctaaggaaaggt_c.r1,sensitive
ctatctacaacgtaaa_c.r1,sensitive
ctatctagtccgaaag_c.r1,sensitive
ctatctagtgacagca_c.r1,sensitive
ctatctatccagtgcg_t10.a.r1,resistant
ctatctatcctcacgt_c.r1,sensitive
ctcaaccagactcgag_c.r1,sensitive
ctcaaccgtaagcaat_t10.a.r1,resistant
ctcaaccgtcctgttc_c.r1,sensitive
ctcaaccgtggtttac_c.r1,sensitive
ctcaaccgttaacaga_c.r1,sensitive
ctcaacctccatgagt_t10.a.r1,resistant
ctcaagaagccatgcc_c.r1,sensitive
ctcaagatccgattag_t10.a.r1,resistant
ctcaagatcgcgatcg_c.r1,sensitive
ctcaagatcgtaacca_c.r1,sensitive
ctcaattagccgcttg_t10.a.r1,resistant
ctcaattagcgccatc_c.r1,sensitive
ctcaattaggcccaaa_t10.a.r1,resistant
ctcaattcatctgcgg_c.r1,sensitive
ctcaattgtaggatat_c.r1,sensitive
ctcaattgtcttggta_c.r1,sensitive
ctcaatttctcgggac_c.r1,sensitive
ctcactgagttacggg_c.r1,sensitive
ctcactgcagtcagtt_c.r1,sensitive
ctcactggtcatcggc_c.r1,sensitive
ctcagaaagtcccagc_c.r1,sensitive
ctcagaagttgcaagg_c.r1,sensitive
ctcagggagaagtccg_t10.a.r1,resistant
ctcagggcacgccagt_t10.a.r1,resistant
ctcagggcatcatctt_c.r1,sensitive
ctcagtcagcgacatg_c.r1,sensitive
ctcagtcagtggatat_c.r1,sensitive
ctcagtctcgccagac_c.r1,sensitive
ctcatcgagatcacct_c.r1,sensitive
ctcatcgtcggttagt_t10.a.r1,resistant
ctcatgcagacctccg_t10.a.r1,resistant
ctcatgcgtgccttct_c.r1,sensitive
ctcatgctcgatactg_t10.a.r1,resistant
ctcattaagcttctag_c.r1,sensitive
ctcattagtcgttatg_c.r1,sensitive
ctcattatcgatggag_c.r1,sensitive
ctccaaccagcccaca_c.r1,sensitive
ctccaaccatgagata_c.r1,sensitive
ctccaacgtccgaaga_t10.a.r1,resistant
ctccaacgtgaactaa_t10.a.r1,resistant
ctccaacgttagttcg_c.r1,sensitive
ctccaacgttgcaact_c.r1,sensitive
ctccaacgtttaagga_c.r1,sensitive
ctccacaaggctctcg_t10.a.r1,resistant
ctccacacatggcacc_c.r1,sensitive
ctccacagtagacagc_t10.a.r1,resistant
ctccacagtttgatcg_c.r1,sensitive
ctccacatcaacgcta_t10.a.r1,resistant
ctccacatcagcttcc_c.r1,sensitive
ctccacatccctgttg_c.r1,sensitive
ctccacatccgtacgg_c.r1,sensitive
ctccatggtacaaagt_c.r1,sensitive
ctccatggtagagatt_t10.a.r1,resistant
ctccatggtagggagg_t10.a.r1,resistant
ctccatggtgagtgac_c.r1,sensitive
ctccatgtccaagcta_c.r1,sensitive
ctccatgtctcgaaca_t10.a.r1,resistant
ctcccaagtcacagag_c.r1,sensitive
ctcccaagtgcaacga_c.r1,sensitive
ctcccaagtggcttat_c.r1,sensitive
ctcccaagttcagtac_t10.a.r1,resistant
ctcccaatctcgtcac_c.r1,sensitive
ctccctccacgtgtgc_t10.a.r1,resistant
ctccctcgtatcatgc_c.r1,sensitive
ctccctctccgaagga_c.r1,sensitive
ctccctctcgcctagg_t10.a.r1,resistant
ctccctctcttcggaa_t10.a.r1,resistant
ctccgatagatcgacg_c.r1,sensitive
ctccgatagtggtggt_c.r1,sensitive
ctccgatcaccaaatc_c.r1,sensitive
ctccgatgtacgctta_c.r1,sensitive
ctccgatgtgtatacc_c.r1,sensitive
ctccgattccgtttcg_t10.a.r1,resistant
ctcctccgtataatgg_t10.a.r1,resistant
ctcctcctccgagatt_c.r1,sensitive
ctcctcctctcctgca_t10.a.r1,resistant
ctcctttagcgaccct_c.r1,sensitive
ctcctttagttgaagt_c.r1,sensitive
ctcctttcagatccat_c.r1,sensitive
ctcctttcatgacttg_t10.a.r1,resistant
ctcgaggaggtaagtt_t10.a.r1,resistant
ctcgagggtatttctc_c.r1,sensitive
ctcgaggtcaccttgc_c.r1,sensitive
ctctcagaggctaacg_c.r1,sensitive
ctctcagtcgagtccg_t10.a.r1,resistant
ctctcgacaatagagt_c.r1,sensitive
ctctggtaggcactcc_c.r1,sensitive
ctctggtgtatgaaac_t10.a.r1,resistant
ctctggtgtgcagtga_c.r1,sensitive
ctctggttcagagcag_c.r1,sensitive
ctgaatgcaacggtag_t10.a.r1,resistant
ctgaatgcatcccact_t10.a.r1,resistant
ctgaatggtacaggtg_c.r1,sensitive
ctgagcgagatgattg_t10.a.r1,resistant
ctgagcgagcgatggt_t10.a.r1,resistant
ctgagcgcaacaagat_t10.a.r1,resistant
ctgagcgcatcttagg_c.r1,sensitive
ctgagcggtacggatg_c.r1,sensitive
ctgagcgtcagcgcgt_t10.a.r1,resistant
ctgatccagcacacag_c.r1,sensitive
ctgatccagtggaaag_c.r1,sensitive
ctgatccgtagctcgc_c.r1,sensitive
ctgatcctccataagc_t10.a.r1,resistant
ctgatcctcgagccac_t10.a.r1,resistant
ctgcaggcaacctaac_t10.a.r1,resistant
ctgcaggcacagcgct_t10.a.r1,resistant
ctgcaggcagtggtga_t10.a.r1,resistant
ctgcatccaatgggtg_c.r1,sensitive
ctgcatccagctgtgc_c.r1,sensitive
ctgcatcgtttacacg_c.r1,sensitive
ctgcatctccatactt_c.r1,sensitive
ctgccatagcctgacc_c.r1,sensitive
ctgccataggaaagtg_t10.a.r1,resistant
ctgccatagtcgaata_t10.a.r1,resistant
ctgcctaaggatcata_c.r1,sensitive
ctgcctacacaaatcc_c.r1,sensitive
ctgcctacacggctac_c.r1,sensitive
ctgcgagagcatcttg_c.r1,sensitive
ctgcgagagtaggaag_c.r1,sensitive
ctgctcaagctatctg_t10.a.r1,resistant
ctgctcacaactgccg_t10.a.r1,resistant
ctgctcacagctttga_t10.a.r1,resistant
ctgctcagtcccggta_c.r1,sensitive
ctggacgagagctgac_t10.a.r1,resistant
ctggacggtgagaggg_t10.a.r1,resistant
ctggcagagtagatca_t10.a.r1,resistant
ctggcagagtatctgc_c.r1,sensitive
ctggcagcaagtgcag_c.r1,sensitive
ctggcaggttaacaga_c.r1,sensitive
ctggcagtcagtggga_c.r1,sensitive
ctggcagtcattggtg_c.r1,sensitive
ctggcagtcgctccta_t10.a.r1,resistant
ctggtctagccagtag_t10.a.r1,resistant
ctggtctaggctagca_c.r1,sensitive
ctggtctcatagtcgt_c.r1,sensitive
ctggtctgtccaagag_t10.a.r1,resistant
ctggtctgtctaatcg_c.r1,sensitive
ctgtaccagcacacag_c.r1,sensitive
ctgtacccattgcctc_c.r1,sensitive
ctgtacctcatgcagt_c.r1,sensitive
ctgtacctcggctggt_c.r1,sensitive
ctgtacctctggacta_t10.a.r1,resistant
ctgtagaagtggcctc_t10.a.r1,resistant
ctgtagacaccgtacg_t10.a.r1,resistant
ctgtagacacgatagg_c.r1,sensitive
ctgtagagtaaccagg_t10.a.r1,resistant
ctgtagatcgttgtga_t10.a.r1,resistant
ctgtattagccgttgc_c.r1,sensitive
ctgtattcaagaatgt_c.r1,sensitive
ctgtattcaaggacac_t10.a.r1,resistant
ctgtattgtgagtaat_c.r1,sensitive
ctgtcgtcacgttggc_c.r1,sensitive
ctgtcgtgtaccgcgt_t10.a.r1,resistant
ctgtcgtgtttgcagt_t10.a.r1,resistant
ctgtcgtgtttgtggt_t10.a.r1,resistant
ctgtcgttcaaaggat_c.r1,sensitive
ctgtgggcattaggaa_t10.a.r1,resistant
ctgtgggtcatttgtc_c.r1,sensitive
ctgtgggtccgggact_t10.a.r1,resistant
ctgtgggtctgcatga_t10.a.r1,resistant
cttaccgcaaagaact_c.r1,sensitive
cttaccgtcgagtcta_t10.a.r1,resistant
cttaggacattaggaa_c.r1,sensitive
cttcaataggaacatt_c.r1,sensitive
cttcaataggttccat_c.r1,sensitive
cttcaatagtatgcaa_c.r1,sensitive
cttcaatcaccaacat_c.r1,sensitive
cttcaatgtagttacc_t10.a.r1,resistant
cttcaatgtttccaag_c.r1,sensitive
cttccgaaggaatcgc_c.r1,sensitive
cttccgaagtcggcct_t10.a.r1,resistant
cttccgaagtgagtta_t10.a.r1,resistant
cttccgacatgaatag_t10.a.r1,resistant
cttccgatcttaaggc_c.r1,sensitive
cttccttaggattcct_t10.a.r1,resistant
cttcggtagacgagct_t10.a.r1,resistant
cttcggtcaagctcta_t10.a.r1,resistant
cttcggtgtttagacc_t10.a.r1,resistant
cttcggttcagtgcgc_c.r1,sensitive
cttcggttccgagtgc_t10.a.r1,resistant
cttcggttctcgacgg_c.r1,sensitive
cttcggttctgtctcg_t10.a.r1,resistant
cttctaaagtgtagta_t10.a.r1,resistant
cttctaatcgacgacc_c.r1,sensitive
cttctaatctgcctca_t10.a.r1,resistant
cttctctagcacacag_t10.a.r1,resistant
cttctctgtcgacgct_t10.a.r1,resistant
cttctcttcgcgtttc_t10.a.r1,resistant
cttctcttcttcccag_t10.a.r1,resistant
cttgagaagatcgccc_c.r1,sensitive
cttgagagttgctgat_t10.a.r1,resistant
cttgagagtttcggcg_t10.a.r1,resistant
cttgagatctctagga_c.r1,sensitive
cttgagatctgggtcg_c.r1,sensitive
cttgattcaccgctga_t10.a.r1,resistant
cttgattcatatgcgt_t10.a.r1,resistant
cttgattgtcgactta_c.r1,sensitive
ctttcaagtggctctg_t10.a.r1,resistant
ctttcaagttgcttga_c.r1,sensitive
ctttcaatcttggatg_c.r1,sensitive
ctttcggagcgaggag_c.r1,sensitive
ctttcggagttgctgt_c.r1,sensitive
ctttcggcactctgct_c.r1,sensitive
ctttcgggtgttcctc_t10.a.r1,resistant
ctttcggtccgtatag_t10.a.r1,resistant
ctttcggtcgcaattg_c.r1,sensitive
gaaacctagaacgtgc_c.r1,sensitive
gaaacctagacgtccc_c.r1,sensitive
gaaacctcactagtac_c.r1,sensitive
gaaaccttcctaccac_c.r1,sensitive
gaaatgacacaattcg_t10.a.r1,resistant
gaaatgagttggagac_c.r1,sensitive
gaaatgatcaaggctt_c.r1,sensitive
gaacactagttcgcat_c.r1,sensitive
gaacactcataccaca_c.r1,sensitive
gaacactgtccaggtc_c.r1,sensitive
gaacgttagaagggat_t10.a.r1,resistant
gaacgttaggatgcgt_c.r1,sensitive
gaacgttagtctcctc_t10.a.r1,resistant
gaacgttcacgatagg_c.r1,sensitive
gaacgttgtagggtac_c.r1,sensitive
gaacgttgtgatcgtt_t10.a.r1,resistant
gaacgtttcccttccc_c.r1,sensitive
gaactgtagcgatcga_c.r1,sensitive
gaactgtcaccgctag_c.r1,sensitive
gaactgtcagcaccca_t10.a.r1,resistant
gaactgttcagtgcgc_c.r1,sensitive
gaactgttctacaggt_t10.a.r1,resistant
gaactgttctgcccta_c.r1,sensitive
gaagaatcaaactgct_c.r1,sensitive
gaagaatcaactggtt_c.r1,sensitive
gaagaatgtcaaggca_t10.a.r1,resistant
gaagaatgtgcccaca_t10.a.r1,resistant
gaagaattcatacggt_t10.a.r1,resistant
gaagaattcctgctac_c.r1,sensitive
gaagaattctcaaccc_c.r1,sensitive
gaagcccagtcctgcg_t10.a.r1,resistant
gaagcccagtggttaa_t10.a.r1,resistant
gaagccctccgtttcg_t10.a.r1,resistant
gaagcgaagagggtct_t10.a.r1,resistant
gaagcgacacgtacat_t10.a.r1,resistant
gaagcgagtaactgct_t10.a.r1,resistant
gaaggacagggatcgt_c.r1,sensitive
gaaggacgtctagtgt_t10.a.r1,resistant
gaaggacgtgtatacc_t10.a.r1,resistant
gaaggactcgtgcagc_t10.a.r1,resistant
gaaggactctaggccg_c.r1,sensitive
gaagggtagcaaatca_t10.a.r1,resistant
gaagggtagcactcta_t10.a.r1,resistant
gaagggtcaccctcta_c.r1,sensitive
gaagggtgtagcgtcc_c.r1,sensitive
gaagggtgtcggccta_t10.a.r1,resistant
gaagggtgtctacgat_c.r1,sensitive
gaagggtgttcggtat_c.r1,sensitive
gaagggttctagcatg_t10.a.r1,resistant
gaagtaacatgggaac_c.r1,sensitive
gaagtaagtcgactgc_c.r1,sensitive
gaagtaagtgcacaag_c.r1,sensitive
gaagtaagttgggatg_c.r1,sensitive
gaagtaatccggcaac_c.r1,sensitive
gaatagacatcggatt_c.r1,sensitive
gaatagagtatacctg_t10.a.r1,resistant
gaatagagttctccac_c.r1,sensitive
gaatcactcacacgat_c.r1,sensitive
gaatcgtcaagcaata_t10.a.r1,resistant
gaatcgtcagaggact_c.r1,sensitive
gaatcgtgtacttgtg_c.r1,sensitive
gaatcgttctcaaccc_t10.a.r1,resistant
gacacgcagccatccg_t10.a.r1,resistant
gacacgccaattagga_c.r1,sensitive
gacacgccaattgcac_t10.a.r1,resistant
gacagcccatcctgtc_t10.a.r1,resistant
gacagccgtggacagt_t10.a.r1,resistant
gacatcaagggtcaca_c.r1,sensitive
gacatcaagttagtga_c.r1,sensitive
gacatcaagttggctt_c.r1,sensitive
gacatcacaacagata_c.r1,sensitive
gacatcagtaagttag_t10.a.r1,resistant
gacatcagtctgtgta_c.r1,sensitive
gacatcatcctctcga_c.r1,sensitive
gacatcatctagccaa_t10.a.r1,resistant
gacatcatctgctgaa_c.r1,sensitive
gaccaatagaacccga_t10.a.r1,resistant
gaccaatcattcatct_c.r1,sensitive
gaccaatgtccgcagt_t10.a.r1,resistant
gaccaatgttcatctt_c.r1,sensitive
gaccaattcccaagcg_c.r1,sensitive
gaccaattctcggtaa_t10.a.r1,resistant
gacccagagtcgccca_c.r1,sensitive
gacccagcagatccat_t10.a.r1,resistant
gacccagcagtctctc_c.r1,sensitive
gacccagcatactttc_t10.a.r1,resistant
gacccagcatgagggt_c.r1,sensitive
gacccaggtaccagag_c.r1,sensitive
gacccaggtccgcagt_c.r1,sensitive
gacccagtcattatcc_t10.a.r1,resistant
gacccagtcgatgcta_c.r1,sensitive
gacccagtctgaacgt_c.r1,sensitive
gacccagtctggtgcg_t10.a.r1,resistant
gacccttcaccatatg_c.r1,sensitive
gacccttgtgtgtccg_c.r1,sensitive
gaccctttcaagtggg_t10.a.r1,resistant
gaccctttccatatgg_c.r1,sensitive
gaccctttcggctctt_t10.a.r1,resistant
gaccctttcttacgga_c.r1,sensitive
gaccttcgtcacgacc_c.r1,sensitive
gaccttcgtgatggca_c.r1,sensitive
gaccttcgtgtgagca_c.r1,sensitive
gacgctgcatccaatg_t10.a.r1,resistant
gacgctgcatgggaac_c.r1,sensitive
gacgttacaggtccca_c.r1,sensitive
gacgttacatgacact_c.r1,sensitive
gacgttatcgatccaa_c.r1,sensitive
gactatgagcaacagc_t10.a.r1,resistant
gactatgagcctgaga_c.r1,sensitive
gactatgagctcttcc_t10.a.r1,resistant
gactatgcaagcccac_c.r1,sensitive
gactatgtcatcctgc_t10.a.r1,resistant
gactatgtcctaccgt_c.r1,sensitive
gactatgtctactcat_t10.a.r1,resistant
gactatgtctgcccta_c.r1,sensitive
gactcaacactatccc_c.r1,sensitive
gactcaacagaggttg_t10.a.r1,resistant
gactcaagtccgacgt_c.r1,sensitive
gactcaagttcagcta_c.r1,sensitive
gactcaatcaagcgtt_t10.a.r1,resistant
gactcaatcaggaagc_t10.a.r1,resistant
gactctcagctaaaca_c.r1,sensitive
gactctccagacaata_c.r1,sensitive
gactctccagggaatc_t10.a.r1,resistant
gactctcgtagcgttt_c.r1,sensitive
gactctcgttctccac_c.r1,sensitive
gactgatcatccgcga_t10.a.r1,resistant
gactgatcatgtttgg_t10.a.r1,resistant
gactgatgtgccgttg_c.r1,sensitive
gactgattcggtaact_c.r1,sensitive
gacttcccacgtcata_c.r1,sensitive
gacttcctcgtctacc_t10.a.r1,resistant
gacttcctctcaaccc_t10.a.r1,resistant
gagaaatcacagctgc_c.r1,sensitive
gagaaatcagtccgtg_t10.a.r1,resistant
gagacccagcgagaaa_c.r1,sensitive
gagaccccactagtac_c.r1,sensitive
gagaccccatggaacg_c.r1,sensitive
gagaccctcatctact_c.r1,sensitive
gagaccctccgtagta_t10.a.r1,resistant
gagaccctcgtagtgt_c.r1,sensitive
gagaccctctttacac_c.r1,sensitive
gagacttcaccattcc_t10.a.r1,resistant
gagacttcagatacct_t10.a.r1,resistant
gagacttcaggacatg_c.r1,sensitive
gagacttcagtcagcc_t10.a.r1,resistant
gagacttcatagaaac_c.r1,sensitive
gagacttgtggcgtaa_c.r1,sensitive
gagacttgtttactgg_c.r1,sensitive
gagactttcattggtg_c.r1,sensitive
gagaggtagatgggct_c.r1,sensitive
gagaggtgtgtcctaa_c.r1,sensitive
gagaggtgtttcgctc_t10.a.r1,resistant
gagaggttccttctaa_t10.a.r1,resistant
gagatggagttgtaag_t10.a.r1,resistant
gagcctgagccatgcc_t10.a.r1,resistant
gagcctgaggttatag_c.r1,sensitive
gagcctggttaacaga_c.r1,sensitive
gagctgcagtcgccca_c.r1,sensitive
gagctgccatctcaag_t10.a.r1,resistant
gagctgctccatctcg_c.r1,sensitive
gaggcaaagtcgaata_c.r1,sensitive
gaggcaacagcggata_t10.a.r1,resistant
gaggcaagttcctaag_t10.a.r1,resistant
gaggcaatcgctctca_c.r1,sensitive
gaggcaatcgttgcct_c.r1,sensitive
gaggcctagaaactgt_c.r1,sensitive
gaggcctagcaacttc_t10.a.r1,resistant
gaggcctaggcactag_c.r1,sensitive
gaggcctcaggctatt_t10.a.r1,resistant
gaggcctgtgtcatgt_t10.a.r1,resistant
gaggccttcttagttc_c.r1,sensitive
gagggatagacgtccc_c.r1,sensitive
gagggatagatgttga_t10.a.r1,resistant
gagggatcaggttccg_c.r1,sensitive
gagggatgtaacgata_c.r1,sensitive
gagggatgtggcatcc_t10.a.r1,resistant
gagggattcgttagtg_c.r1,sensitive
gagggtaagagttgat_t10.a.r1,resistant
gagggtaagcatttcg_t10.a.r1,resistant
gagggtagtttaagga_t10.a.r1,resistant
gagtcatagacgactg_t10.a.r1,resistant
gagtcatcagcccaca_t10.a.r1,resistant
gagtcatgtctacaac_t10.a.r1,resistant
gagtcattctctatac_c.r1,sensitive
gagtctacacagcatt_t10.a.r1,resistant
gagtctagtcgcacac_c.r1,sensitive
gagtctagttgtctag_c.r1,sensitive
gagtctatcatcgaca_c.r1,sensitive
gagtgaggtgacagca_c.r1,sensitive
gagtgagtctgcggac_c.r1,sensitive
gagtgttagccgtaag_c.r1,sensitive
gagtgttagcctttcc_t10.a.r1,resistant
gagtgttagcttctag_t10.a.r1,resistant
gagtgttgtaactgct_c.r1,sensitive
gagtgttgtggatcag_c.r1,sensitive
gagtgtttcaccacaa_t10.a.r1,resistant
gagttacagaagtccg_t10.a.r1,resistant
gagttacagagctgca_c.r1,sensitive
gagttacagattaccc_c.r1,sensitive
gagttacagcatactc_c.r1,sensitive
gagttacagtgcactt_c.r1,sensitive
gagttacgtgagtaat_t10.a.r1,resistant
gagttacgtgatggca_c.r1,sensitive
gagttacgttgatcgt_c.r1,sensitive
gagttacgttgcatac_c.r1,sensitive
gagttactcaccgacg_t10.a.r1,resistant
gagttactctggttga_t10.a.r1,resistant
gagttgtagcgaatgc_c.r1,sensitive
gagttgtcagtctaca_c.r1,sensitive
gagttgtgtagtaagt_t10.a.r1,resistant
gagttgtgtgggtcaa_t10.a.r1,resistant
gagttgtgtggtttac_t10.a.r1,resistant
gagtttgcaggctctg_c.r1,sensitive
gagtttgtctcgaaca_t10.a.r1,resistant
gatagaaaggtactgg_t10.a.r1,resistant
gatagaagtactgccg_t10.a.r1,resistant
gatagaatctcagtcc_c.r1,sensitive
gatagctcaggcaatg_c.r1,sensitive
gatagctgtactagct_c.r1,sensitive
gatagcttcacgatac_t10.a.r1,resistant
gatcacaagagcaacc_c.r1,sensitive
gatcacaaggctctat_t10.a.r1,resistant
gatcacacatgtaacc_c.r1,sensitive
gatcacagtgccgtac_c.r1,sensitive
gatcacatcgttgttt_c.r1,sensitive
gatcagtagtaattgg_c.r1,sensitive
gatcagtagtttcggt_c.r1,sensitive
gatcagtcaagtcatc_c.r1,sensitive
gatcagtcatgcgtgc_t10.a.r1,resistant
gatcagtgtaacgttc_t10.a.r1,resistant
gatcagttcagacatc_c.r1,sensitive
gatcagttcgtgtggc_t10.a.r1,resistant
gatcagttctgcccta_c.r1,sensitive
gatcagttctttggag_t10.a.r1,resistant
gatcatgcaatagtcc_t10.a.r1,resistant
gatcatgtcctgatag_c.r1,sensitive
gatccctagaagaacg_t10.a.r1,resistant
gatccctaggagtatt_c.r1,sensitive
gatccctgtgcttcaa_c.r1,sensitive
gatccctgtgtgtttg_t10.a.r1,resistant
gatcccttcctgtaag_t10.a.r1,resistant
gatcgtacaaacacgg_t10.a.r1,resistant
gatcgtacaagctcta_c.r1,sensitive
gatcgtacagcgtaga_t10.a.r1,resistant
gatcgtatccgtgtaa_c.r1,sensitive
gatgactagagagcct_t10.a.r1,resistant
gatgactagcgggtat_c.r1,sensitive
gatgactcaagtttgc_c.r1,sensitive
gatgactgtcaccctt_c.r1,sensitive
gatgacttccttcgac_c.r1,sensitive
gatgaggagacataca_t10.a.r1,resistant
gatgaggagagtcttc_c.r1,sensitive
gatgaggagggaacaa_c.r1,sensitive
gatgaggagtcccagc_c.r1,sensitive
gatgaggagtttcagc_t10.a.r1,resistant
gatgaggcaccacata_c.r1,sensitive
gatgaggcagcgtatt_c.r1,sensitive
gatgaggcatgggcaa_c.r1,sensitive
gatgatcagattcgaa_c.r1,sensitive
gatgatcagtttcggt_c.r1,sensitive
gatgatcgtgccaaga_t10.a.r1,resistant
gatgatctcttctcaa_c.r1,sensitive
gatgctagtcaaagcg_t10.a.r1,resistant
gatgctagtgcctgca_c.r1,sensitive
gatgctagtttccatt_t10.a.r1,resistant
gatggagcaagggcat_c.r1,sensitive
gatggagcacataacc_c.r1,sensitive
gatggagcattgtgca_t10.a.r1,resistant
gatggaggtgagacca_c.r1,sensitive
gatggaggttccacgg_c.r1,sensitive
gatgttgagacagcgt_t10.a.r1,resistant
gatgttgcagtagttc_t10.a.r1,resistant
gatgttggtattgacc_t10.a.r1,resistant
gatgttggtcatgact_c.r1,sensitive
gatgttggtgaagcgt_c.r1,sensitive
gatgttggttgagagc_t10.a.r1,resistant
gatgttgtcgctttat_c.r1,sensitive
gattcgaagtgacctt_t10.a.r1,resistant
gattcgacaatcacgt_t10.a.r1,resistant
gattcgacacaacgag_t10.a.r1,resistant
gattcgagtagtggca_c.r1,sensitive
gattcgatccatttac_c.r1,sensitive
gattcgatccctaggg_t10.a.r1,resistant
gattcgatccgtttcg_c.r1,sensitive
gattcttaggcttaaa_t10.a.r1,resistant
gattcttcaatctgca_t10.a.r1,resistant
gattcttcacgacaag_t10.a.r1,resistant
gattcttgtcgacgct_c.r1,sensitive
gattctttcaacgtgt_c.r1,sensitive
gattctttcccaggac_c.r1,sensitive
gattctttctcatgcc_c.r1,sensitive
gatttctaggaactcg_c.r1,sensitive
gatttctagtgccaga_t10.a.r1,resistant
gatttctcaacaaagt_c.r1,sensitive
gatttctgtagtcgtt_t10.a.r1,resistant
gatttcttcctcactg_t10.a.r1,resistant
gcaacatcagctgaag_t10.a.r1,resistant
gcaacatgtacctaac_c.r1,sensitive
gcaacattcgaacgga_t10.a.r1,resistant
gcaacattcgcgaaga_t10.a.r1,resistant
gcaaccgagatgaccg_c.r1,sensitive
gcaaccggtagcgttt_t10.a.r1,resistant
gcaaccgtcatcctgc_t10.a.r1,resistant
gcaaccgtctcattac_t10.a.r1,resistant
gcaaccgtctggaccg_t10.a.r1,resistant
gcacataagcctgcca_t10.a.r1,resistant
gcacataagctggctc_c.r1,sensitive
gcacatacaaggtctt_t10.a.r1,resistant
gcacatacagcgcgtt_t10.a.r1,resistant
gcacatacatggacag_t10.a.r1,resistant
gcacggtagtattgcc_t10.a.r1,resistant
gcacggtgttatagcc_t10.a.r1,resistant
gcacggttcgtcaaca_c.r1,sensitive
gcactaacaactgccg_t10.a.r1,resistant
gcactaacaagggtca_c.r1,sensitive
gcactaacacagctta_c.r1,sensitive
gcactaacaggaggag_c.r1,sensitive
gcactaagttcctaag_c.r1,sensitive
gcactaagttgatcgt_t10.a.r1,resistant
gcactaatcatacagc_c.r1,sensitive
gcactaatccgcaacg_c.r1,sensitive
gcactaatcttctgta_t10.a.r1,resistant
gcagccaagcgcaatg_c.r1,sensitive
gcagccaagggtaatt_t10.a.r1,resistant
gcagccacagctgcca_c.r1,sensitive
gcagccacagtgtact_t10.a.r1,resistant
gcagccagtagatgta_c.r1,sensitive
gcagctgagagtgtta_t10.a.r1,resistant
gcagctgagtgattcc_t10.a.r1,resistant
gcagctgcacaatgaa_t10.a.r1,resistant
gcagctggttcggcca_t10.a.r1,resistant
gcagctgtctaggcat_t10.a.r1,resistant
gcaggctcaggctatt_c.r1,sensitive
gcaggcttcaacgcta_c.r1,sensitive
gcagttaagtgcctcg_t10.a.r1,resistant
gcagttaagttcatgc_t10.a.r1,resistant
gcagttacaaccgacc_c.r1,sensitive
gcagttacacacttag_c.r1,sensitive
gcagttatcattccta_t10.a.r1,resistant
gcagttatccggttct_t10.a.r1,resistant
gcagttatcggtaagg_c.r1,sensitive
gcagttatctaggcat_c.r1,sensitive
gcagttatctattgtc_c.r1,sensitive
gcagttatctgctgaa_c.r1,sensitive
gcatcggcaacacagg_c.r1,sensitive
gcatcggcagcatgcc_c.r1,sensitive
gcatcggtcatttacc_t10.a.r1,resistant
gcatctccaatgggtg_c.r1,sensitive
gcatctccagagctag_c.r1,sensitive
gcatctccaggactag_t10.a.r1,resistant
gcatctccatcggaag_c.r1,sensitive
gcatgatagtgagtgc_t10.a.r1,resistant
gcatgatagtgagtta_c.r1,sensitive
gcatgatgttgctagt_c.r1,sensitive
gcatgattcggtcata_t10.a.r1,resistant
gcattagaggatcacg_t10.a.r1,resistant
gcattaggtgtatcca_c.r1,sensitive
gccaacgagagtcttc_c.r1,sensitive
gccaacgaggaatcgc_c.r1,sensitive
gccaacgcaccattcc_c.r1,sensitive
gccaacgcatccgata_c.r1,sensitive
gccaacgcatcggcca_c.r1,sensitive
gccaacggtacgtagg_t10.a.r1,resistant
gccaacggtcgtgcca_c.r1,sensitive
gccaacgtcgagaagc_c.r1,sensitive
gccagcaaggctctat_c.r1,sensitive
gccagcacaactgtgt_t10.a.r1,resistant
gccagcacaagtgata_c.r1,sensitive
gccagcacaggacttt_c.r1,sensitive
gccagcacatcatctt_c.r1,sensitive
gccagcagtctctcac_t10.a.r1,resistant
gccagcagtttacgtg_t10.a.r1,resistant
gccaggtagcaggcat_t10.a.r1,resistant
gccaggtagccggaat_t10.a.r1,resistant
gccaggtagcgtcaga_c.r1,sensitive
gccaggtagggtgaaa_c.r1,sensitive
gccaggtgtctagtgt_c.r1,sensitive
gccaggttcgctacaa_c.r1,sensitive
gccagtgcaatgcagg_t10.a.r1,resistant
gccagtgcacgacgaa_c.r1,sensitive
gccagtggtgactatc_c.r1,sensitive
gccagtggttcctaga_c.r1,sensitive
gccatggcatggaata_c.r1,sensitive
gccatgggtattcctt_c.r1,sensitive
gccatgggtcaggtga_c.r1,sensitive
gccatgggttgatcgt_c.r1,sensitive
gccattctcggtcata_c.r1,sensitive
gcccagaagacggttg_t10.a.r1,resistant
gcccagaaggcctaag_c.r1,sensitive
gcccagaagtatgtag_c.r1,sensitive
gcccagacaagttggg_c.r1,sensitive
gcccagacaccttcca_t10.a.r1,resistant
gcccagatctaacggt_c.r1,sensitive
gcccgaaagattaccc_t10.a.r1,resistant
gcccgaacaagagtta_t10.a.r1,resistant
gcccgaacattgtacg_c.r1,sensitive
gcccgaagtgtttctt_t10.a.r1,resistant
gccgatgaggtgcctc_t10.a.r1,resistant
gccgatggtccggact_t10.a.r1,resistant
gccgatggtctgtgat_t10.a.r1,resistant
gccgatggttggatct_t10.a.r1,resistant
gccgatgtcgagatgg_c.r1,sensitive
gccgtgaagccggata_c.r1,sensitive
gccgtgaagtttgtcg_c.r1,sensitive
gccgtgatcaatgtcg_c.r1,sensitive
gccgtgatcttcgctg_c.r1,sensitive
gcctgttaggccatag_c.r1,sensitive
gcctgttaggcctgct_t10.a.r1,resistant
gcctgttcagggatac_c.r1,sensitive
gcctgtttcattgctt_t10.a.r1,resistant
gcgagaaagaggatga_t10.a.r1,resistant
gcgagaacatgagtaa_c.r1,sensitive
gcgagaatcactccgt_t10.a.r1,resistant
gcgatcggtacagtct_c.r1,sensitive
gcgatcggtcatatgc_t10.a.r1,resistant
gcgatcggtccacttc_c.r1,sensitive
gcgatcggtgcatgag_t10.a.r1,resistant
gcgatcggtggcccat_t10.a.r1,resistant
gcggaaaagccgcact_t10.a.r1,resistant
gcggaaacagcgtatt_t10.a.r1,resistant
gcggaaagtagctgcc_c.r1,sensitive
gcggaaatctacccac_c.r1,sensitive
gcggatcagcatgata_c.r1,sensitive
gcggatcagtcttggt_t10.a.r1,resistant
gcggatccaatgaaac_c.r1,sensitive
gcggatccatcgaagg_t10.a.r1,resistant
gcggatcgtaggctcc_t10.a.r1,resistant
gcggatctcacctcac_t10.a.r1,resistant
gcggatctcgccagac_c.r1,sensitive
gcgtgcacaaacacct_t10.a.r1,resistant
gcgtgcacattgcttt_c.r1,sensitive
gcgtttcagaaacact_c.r1,sensitive
gcgtttcagaaattgc_c.r1,sensitive
gcgtttccaagatgta_c.r1,sensitive
gcgtttcgttgtgcat_c.r1,sensitive
gcgtttctctgtccgt_c.r1,sensitive
gctacaaagagggtaa_t10.a.r1,resistant
gctacaaagcgacttt_c.r1,sensitive
gctacaaagcgtcgaa_c.r1,sensitive
gctacaagtcacaatc_c.r1,sensitive
gctacctagcgatggt_t10.a.r1,resistant
gctacctagtgagtta_c.r1,sensitive
gctacctcacattctt_c.r1,sensitive
gctaccttcggctggt_c.r1,sensitive
gctcaaaagcgcatcc_c.r1,sensitive
gctcaaacaatctcga_c.r1,sensitive
gctcaaagtggactag_t10.a.r1,resistant
gctgaatcaattctct_c.r1,sensitive
gctgaatgtaagatca_t10.a.r1,resistant
gctgaatgtcagtcta_c.r1,sensitive
gctgcagagatcactc_t10.a.r1,resistant
gctgcagagcacgatg_t10.a.r1,resistant
gctgcagcaaagggtc_c.r1,sensitive
gctgcagcaataccca_c.r1,sensitive
gctgcagcatgctgcg_c.r1,sensitive
gctgcaggtgaagctg_c.r1,sensitive
gctgcaggtgggcttc_c.r1,sensitive
gctgcagtcacatacg_c.r1,sensitive
gctgggtcacctgcag_t10.a.r1,resistant
gctgggtcagctggtc_c.r1,sensitive
gctgggtcataatgag_c.r1,sensitive
gctgggtcatggctgc_t10.a.r1,resistant
gctgggttcaagcccg_c.r1,sensitive
gctgggttcgagaagc_c.r1,sensitive
gcttcacagcttcatg_t10.a.r1,resistant
gcttcacaggtcacag_t10.a.r1,resistant
gcttcaccacataacc_t10.a.r1,resistant
gcttcaccagtgcctg_c.r1,sensitive
gcttcaccataagcgg_t10.a.r1,resistant
gcttgggagaccagac_t10.a.r1,resistant
gcttgggcaattcgtg_c.r1,sensitive
gcttggggtagagctg_t10.a.r1,resistant
gcttggggtaggagtc_c.r1,sensitive
gcttggggtgagaacc_c.r1,sensitive
gcttgggtccagcacg_c.r1,sensitive
gctttcgaggcatctt_c.r1,sensitive
ggaacccagctcgtgc_t10.a.r1,resistant
ggaacccaggtgctag_t10.a.r1,resistant
ggaacccgtggcgtaa_c.r1,sensitive
ggaacccgtgtgtcgc_t10.a.r1,resistant
ggaaccctccgggact_c.r1,sensitive
ggaaccctctttctag_t10.a.r1,resistant
ggaagtgaggtgcctc_t10.a.r1,resistant
ggaagtgcacagctgc_t10.a.r1,resistant
ggaagtggtagaaact_c.r1,sensitive
ggaagtgtcctacggg_t10.a.r1,resistant
ggaatctagaacgtgc_t10.a.r1,resistant
ggaatctcaaccgcca_t10.a.r1,resistant
ggaatctgtcttccgt_t10.a.r1,resistant
ggaatgggtcgtgcca_c.r1,sensitive
ggaatggtcagggatg_c.r1,sensitive
ggaatggtccacacaa_c.r1,sensitive
ggacgtcagtaagcat_t10.a.r1,resistant
ggacgtccacaattcg_c.r1,sensitive
ggagaacagcatttcg_t10.a.r1,resistant
ggagaacgtaacccta_c.r1,sensitive
ggagaacgttatagag_t10.a.r1,resistant
ggagatgagaagtccg_t10.a.r1,resistant
ggagatgcactatcga_c.r1,sensitive
ggagatgcagtagata_c.r1,sensitive
ggagcaatcgaaccta_c.r1,sensitive
ggaggatcatgacgtt_c.r1,sensitive
ggaggattcgaagaat_t10.a.r1,resistant
ggaggattctttctag_t10.a.r1,resistant
ggaggtaagcagtacg_c.r1,sensitive
ggaggtaagtcgtcta_c.r1,sensitive
ggaggtagtccacgca_t10.a.r1,resistant
ggaggtagtgtgctta_t10.a.r1,resistant
ggaggtatctctctaa_t10.a.r1,resistant
ggatctaagtgaggtc_c.r1,sensitive
ggatctacagaggact_c.r1,sensitive
ggatctatcggtaagg_c.r1,sensitive
ggatgttcatggccac_t10.a.r1,resistant
ggcacgtagtagggtc_c.r1,sensitive
ggcacgtcagtcccga_c.r1,sensitive
ggcacgtgtcagcgtc_t10.a.r1,resistant
ggcacgttctcatttg_c.r1,sensitive
ggcagtcagattgcgg_c.r1,sensitive
ggcagtcgtcatcaca_t10.a.r1,resistant
ggcagtctcaagcccg_c.r1,sensitive
ggcgtcaagacgactg_c.r1,sensitive
ggcgtcacattgcttt_c.r1,sensitive
ggcgtcagtactgccg_c.r1,sensitive
ggcgtcagtgttcgat_c.r1,sensitive
ggcgtcatcagtgtgt_c.r1,sensitive
ggctgtgcataccaca_t10.a.r1,resistant
ggctgtggtatgagat_t10.a.r1,resistant
ggctgtgtcctaagtg_t10.a.r1,resistant
ggcttggagaagcgct_c.r1,sensitive
ggcttggtcatcgtag_t10.a.r1,resistant
ggcttggtcgtgcagc_t10.a.r1,resistant
ggctttcaggcacaac_c.r1,sensitive
ggctttcagggcaagg_t10.a.r1,resistant
ggctttccaaatccca_c.r1,sensitive
ggctttcgtaacgcga_c.r1,sensitive
ggctttcgtactccct_c.r1,sensitive
ggctttcgtgcatcta_c.r1,sensitive
ggctttcgttcccaaa_t10.a.r1,resistant
ggctttcgtttcccac_t10.a.r1,resistant
ggctttctcatgaaag_c.r1,sensitive
ggctttctcgtcgata_c.r1,sensitive
gggaagtagaggatcc_c.r1,sensitive
gggaagtcacaagcag_c.r1,sensitive
gggaagtcaccggtca_t10.a.r1,resistant
gggaagtcatgagtaa_c.r1,sensitive
gggaagtgtgagctcc_t10.a.r1,resistant
gggaagtgtgagttgg_c.r1,sensitive
gggaagtgtgtgaccc_t10.a.r1,resistant
gggaagttcagctgta_c.r1,sensitive
gggaagttcgttagac_c.r1,sensitive
gggacaaagatagtgt_t10.a.r1,resistant
gggacaaagcctccag_c.r1,sensitive
gggacaaaggagaggc_c.r1,sensitive
gggacaacaagcaggt_t10.a.r1,resistant
gggacaacacgggtaa_t10.a.r1,resistant
gggacaacaggcccta_t10.a.r1,resistant
gggacaatcgcgatcg_t10.a.r1,resistant
gggacctcatctgttt_t10.a.r1,resistant
gggacctgtgacctgc_c.r1,sensitive
gggaccttcaagtaag_c.r1,sensitive
gggactcagcctcgtg_t10.a.r1,resistant
gggactcagtgctagg_c.r1,sensitive
gggactccaggtggat_c.r1,sensitive
gggactcgtagcgttt_t10.a.r1,resistant
gggagatcacgcgcat_c.r1,sensitive
gggagatcagacatct_c.r1,sensitive
gggagattcttgaacg_t10.a.r1,resistant
gggagtacaggaggag_c.r1,sensitive
gggagtagtactaaga_c.r1,sensitive
gggagtagttcggtta_c.r1,sensitive
gggagtatcaaaggat_c.r1,sensitive
gggagtatcctacggg_t10.a.r1,resistant
gggatccgtaccgtcg_t10.a.r1,resistant
gggatccgtcactcgg_t10.a.r1,resistant
gggatccgttgggtag_c.r1,sensitive
gggatcctctgggtcg_c.r1,sensitive
gggatgacacaaatga_t10.a.r1,resistant
gggatgacattgcctc_c.r1,sensitive
gggatgagtaggctcc_c.r1,sensitive
gggatgagtcagcgtc_t10.a.r1,resistant
gggatgatccatcaga_c.r1,sensitive
gggatgatccgatctc_t10.a.r1,resistant
gggatgatcgtgcacg_c.r1,sensitive
gggccataggagcaaa_t10.a.r1,resistant
gggccatagtagtcct_t10.a.r1,resistant
gggccatcacagcgct_c.r1,sensitive
gggccatcactccttg_t10.a.r1,resistant
gggccatcaggcactc_t10.a.r1,resistant
gggccatcatccttcg_c.r1,sensitive
gggcgttcaccgtacg_c.r1,sensitive
gggcgttcactagtac_t10.a.r1,resistant
gggcgttcagacgctc_t10.a.r1,resistant
gggcgttgtggatgac_t10.a.r1,resistant
gggcgttgtgtcttcc_t10.a.r1,resistant
gggcgttgttagaagt_c.r1,sensitive
gggctacgtagctgtt_t10.a.r1,resistant
gggctacgtgatgtaa_t10.a.r1,resistant
gggctactcactgggc_t10.a.r1,resistant
gggctactccctatta_t10.a.r1,resistant
gggctcaagacggttg_t10.a.r1,resistant
gggctcaagagttgcg_t10.a.r1,resistant
gggctcaagctcgaag_t10.a.r1,resistant
gggctcaaggagctgt_t10.a.r1,resistant
gggctcacacacacta_t10.a.r1,resistant
gggctcacacgtacta_c.r1,sensitive
gggctcagtaacatag_c.r1,sensitive
gggctcagttgcgtat_t10.a.r1,resistant
gggctcatcttcacgc_c.r1,sensitive
gggtagaagtcgaaat_t10.a.r1,resistant
gggtagacaaaggtta_t10.a.r1,resistant
gggtagacatggcacc_t10.a.r1,resistant
gggtattagctcttcc_t10.a.r1,resistant
gggtattgtgtattgc_t10.a.r1,resistant
gggtatttcaaagaac_c.r1,sensitive
gggtatttcctaccac_t10.a.r1,resistant
gggtatttcctgttgc_c.r1,sensitive
gggtatttctcattac_c.r1,sensitive
gggtcacaggagtatt_t10.a.r1,resistant
gggtcaccatatggct_c.r1,sensitive
gggtcaccattgccgg_c.r1,sensitive
gggtcactccgtacgg_c.r1,sensitive
gggtctgagaaactca_c.r1,sensitive
gggtctgagcgcctac_t10.a.r1,resistant
gggtctgagggagtgg_t10.a.r1,resistant
gggtctgagggttagc_t10.a.r1,resistant
gggtctgagtcgctat_c.r1,sensitive
gggtctggtgaggatc_c.r1,sensitive
gggtctggtgctattg_c.r1,sensitive
gggtgaagttgaagta_c.r1,sensitive
gggtgaatcgctacaa_t10.a.r1,resistant
gggtgaatcttggaac_c.r1,sensitive
gggtgtcagatgccga_c.r1,sensitive
gggtgtcgtccacacg_c.r1,sensitive
gggtgtctcacagagg_c.r1,sensitive
gggtgtctcggaccac_c.r1,sensitive
gggtgtctctacgggc_t10.a.r1,resistant
gggttatgtttcgtga_t10.a.r1,resistant
gggtttaagcagaaag_t10.a.r1,resistant
gggtttacacaccgac_c.r1,sensitive
gggtttacaggatctt_c.r1,sensitive
gggtttacataactcg_c.r1,sensitive
gggtttagtgaattga_c.r1,sensitive
gggtttatcaagccgc_c.r1,sensitive
gggtttatcctaacag_c.r1,sensitive
ggtaactagagatgcc_t10.a.r1,resistant
ggtaactagctagttc_c.r1,sensitive
ggtaactcaacagctt_c.r1,sensitive
ggtaatcagccggaat_t10.a.r1,resistant
ggtaatccaccttcca_c.r1,sensitive
ggtaatcgtgagccaa_t10.a.r1,resistant
ggtaatctcagtcatg_t10.a.r1,resistant
ggtaatctccacttta_c.r1,sensitive
ggtagaggttaagggc_t10.a.r1,resistant
ggtcacgtcatgaggg_c.r1,sensitive
ggtctggcactacaca_c.r1,sensitive
ggtctgggtcactagt_t10.a.r1,resistant
ggtctgggttgactgt_c.r1,sensitive
ggtctggtcacaacca_c.r1,sensitive
ggtctggtcaccatga_c.r1,sensitive
ggtctggtctctgaga_c.r1,sensitive
ggtgaagagaagtccg_t10.a.r1,resistant
ggtgaagcaaatccca_c.r1,sensitive
ggtgaagcactacttt_t10.a.r1,resistant
ggtgaagtctcaatct_t10.a.r1,resistant
ggtgattgttgttgca_t10.a.r1,resistant
ggtggctgtagtcttg_c.r1,sensitive
ggtggctgtagtgcga_t10.a.r1,resistant
ggtggctgttatccag_t10.a.r1,resistant
ggtggcttcatcgcaa_t10.a.r1,resistant
ggtgtcgagacgtccc_c.r1,sensitive
ggtgtcgaggaacgtc_t10.a.r1,resistant
ggtgtcgagttgggac_c.r1,sensitive
ggtgtcggttcctacc_c.r1,sensitive
ggtgtcgtcgtaatgc_t10.a.r1,resistant
ggtgttagtgtttctt_c.r1,sensitive
ggtgttatccgaagga_t10.a.r1,resistant
ggtgttatcgaacgga_t10.a.r1,resistant
ggttaacaggtagacc_c.r1,sensitive
ggttaaccaagcgaac_t10.a.r1,resistant
ggttaaccacacagcc_c.r1,sensitive
ggttaacgtttcgaca_c.r1,sensitive
ggttaactcaagcttg_t10.a.r1,resistant
ggttaactcggacgtc_c.r1,sensitive
ggttaactctctcgac_c.r1,sensitive
ggttctccaaataagc_t10.a.r1,resistant
ggttctccaacaagat_c.r1,sensitive
ggttctccacaccttc_c.r1,sensitive
ggttctccatgttcag_t10.a.r1,resistant
ggttctcgtcaatctg_c.r1,sensitive
ggttctcgtgagaacc_t10.a.r1,resistant
ggttctcgtgcggtaa_c.r1,sensitive
ggttctctcagaacct_t10.a.r1,resistant
ggttctctcagtcaca_c.r1,sensitive
ggttgtacaacacact_t10.a.r1,resistant
ggttgtacagccgtca_c.r1,sensitive
ggttgtacagtgtgcc_t10.a.r1,resistant
ggttgtagtgtctaac_c.r1,sensitive
ggttgtagttatggtc_c.r1,sensitive
gtaacaccaagtgcag_t10.a.r1,resistant
gtaacaccagctcctt_t10.a.r1,resistant
gtaacacgttgactgt_c.r1,sensitive
gtaacactccatccgt_t10.a.r1,resistant
gtaaccaagtcaagcg_c.r1,sensitive
gtaaccagttcttcat_t10.a.r1,resistant
gtaaccatctgagaaa_c.r1,sensitive
gtaagtcagcgtgcct_c.r1,sensitive
gtaagtcaggttacct_t10.a.r1,resistant
gtaagtcagtgtgttc_c.r1,sensitive
gtaagtccacggctac_t10.a.r1,resistant
gtaagtccataactcg_c.r1,sensitive
gtaagtcgtagcgatg_t10.a.r1,resistant
gtaagtcgtgatggca_c.r1,sensitive
gtaagtctcgcgctga_t10.a.r1,resistant
gtaagtctctcgcgtt_c.r1,sensitive
gtaatcgagcctgtcg_c.r1,sensitive
gtaatcgagggatcgt_c.r1,sensitive
gtaatcggtgtctaac_t10.a.r1,resistant
gtaatcgtcaagtgtc_c.r1,sensitive
gtaatgcaggttgttc_c.r1,sensitive
gtaatgccaaccaact_c.r1,sensitive
gtaatgccaagagtta_t10.a.r1,resistant
gtaatgcgtctacaac_t10.a.r1,resistant
gtaatgctcgacatca_c.r1,sensitive
gtaatgctcgtcctca_t10.a.r1,resistant
gtaatgctctcgagta_t10.a.r1,resistant
gtacaacagcagaaag_c.r1,sensitive
gtacaacagcgttagg_t10.a.r1,resistant
gtacaacagtattccg_t10.a.r1,resistant
gtacaacagtcgccac_c.r1,sensitive
gtacaaccactgcacg_t10.a.r1,resistant
gtacaaccatcttcgc_c.r1,sensitive
gtacaacgtcggattt_t10.a.r1,resistant
gtacaactcgccgagt_t10.a.r1,resistant
gtacaactcgtgctct_c.r1,sensitive
gtacaactctagtgtg_t10.a.r1,resistant
gtacaactcttggctc_t10.a.r1,resistant
gtacagtagattgaca_t10.a.r1,resistant
gtacagtcaagaggct_t10.a.r1,resistant
gtacagtgttgtgcat_c.r1,sensitive
gtagaaaagttcctga_t10.a.r1,resistant
gtagaaacactgattg_c.r1,sensitive
gtagaaatctcgacgg_c.r1,sensitive
gtagaaatcttctgta_c.r1,sensitive
gtagaggagacgccct_c.r1,sensitive
gtagaggtcctaagtg_t10.a.r1,resistant
gtagatcagacataac_c.r1,sensitive
gtagatctcagggatg_c.r1,sensitive
gtagatctcctatgga_c.r1,sensitive
gtagctacattctgtt_t10.a.r1,resistant
gtagctagtgcacgct_t10.a.r1,resistant
gtaggagaggctgtag_c.r1,sensitive
gtaggagcatcctcac_c.r1,sensitive
gtaggaggtattgcca_t10.a.r1,resistant
gtaggagtcagctagt_c.r1,sensitive
gtaggagtcatcctgc_c.r1,sensitive
gtaggttagaggccat_t10.a.r1,resistant
gtaggttagggttagc_t10.a.r1,resistant
gtaggttcaacgatct_c.r1,sensitive
gtaggttgtaactaag_t10.a.r1,resistant
gtaggttgtacgaaat_c.r1,sensitive
gtagtacgttccgcag_t10.a.r1,resistant
gtattggcacgggtaa_t10.a.r1,resistant
gtattggtccacaggc_t10.a.r1,resistant
gtattggtcgtctacc_t10.a.r1,resistant
gtatttcgtgtctaac_c.r1,sensitive
gtatttcgttccgcga_t10.a.r1,resistant
gtatttctcactgatg_c.r1,sensitive
gtatttctctacggta_c.r1,sensitive
gtcaaacagtgttcca_t10.a.r1,resistant
gtcaaaccaccattcc_c.r1,sensitive
gtcaaacgtccagcgt_t10.a.r1,resistant
gtcaaacgttagggac_c.r1,sensitive
gtcaaactcacaatgc_c.r1,sensitive
gtcaaactcatcgggc_c.r1,sensitive
gtcaagtaggactata_c.r1,sensitive
gtcaagtcagcgacct_c.r1,sensitive
gtcaagttccacccta_t10.a.r1,resistant
gtcacggagccagagt_t10.a.r1,resistant
gtcacggagtcagagc_t10.a.r1,resistant
gtcacggcactaaacc_t10.a.r1,resistant
gtcacggcatcgatgt_t10.a.r1,resistant
gtcacggcatgacgga_t10.a.r1,resistant
gtcacgggtacgagca_t10.a.r1,resistant
gtcacgggtcgtttcc_t10.a.r1,resistant
gtcacggtcattgtgg_t10.a.r1,resistant
gtcacggtctttgatc_c.r1,sensitive
gtcactctcgctaatg_c.r1,sensitive
gtcagcgcacttgtcc_t10.a.r1,resistant
gtcagcgcaggtggat_c.r1,sensitive
gtcagcggtgtggtcc_c.r1,sensitive
gtcagcgtcagacaaa_t10.a.r1,resistant
gtcagcgtcagcagag_t10.a.r1,resistant
gtcatccagagagttt_c.r1,sensitive
gtcatcccaaagagtt_c.r1,sensitive
gtcatcccaactccaa_c.r1,sensitive
gtcatcccatgtacgt_c.r1,sensitive
gtcatccgtctacatg_c.r1,sensitive
gtcatcctcacagagg_c.r1,sensitive
gtcatcctctttccaa_c.r1,sensitive
gtcatgaagcatttcg_c.r1,sensitive
gtcatgacagtcacgc_t10.a.r1,resistant
gtcatgatccctcaac_c.r1,sensitive
gtcatgatcggactta_t10.a.r1,resistant
gtcatgatcgttcgct_c.r1,sensitive
gtcattttcaacacca_c.r1,sensitive
gtcattttcctacacc_t10.a.r1,resistant
gtccactagacaacta_t10.a.r1,resistant
gtccactcagttacca_c.r1,sensitive
gtccactgtttcccac_c.r1,sensitive
gtcccatcaaattgcc_c.r1,sensitive
gtcccatcaatctgca_c.r1,sensitive
gtcccatcaggcattt_c.r1,sensitive
gtcccatgttaatgag_c.r1,sensitive
gtcccattctacttca_c.r1,sensitive
gtcccattctagtacg_t10.a.r1,resistant
gtcctcagtagacaat_t10.a.r1,resistant
gtcctcagtagggtac_c.r1,sensitive
gtcctcagtatcagct_c.r1,sensitive
gtcctcatcaagcttg_t10.a.r1,resistant
gtcgaatagtttgaga_t10.a.r1,resistant
gtcgaatcaacagtgg_c.r1,sensitive
gtcgaattcatttggg_t10.a.r1,resistant
gtcgcgaagcatcccg_t10.a.r1,resistant
gtcgcgaagcgtctgc_c.r1,sensitive
gtcgcgagtaatcaga_t10.a.r1,resistant
gtcgcgagtacaaaca_t10.a.r1,resistant
gtcgtaaagtcgctat_t10.a.r1,resistant
gtcgtaacaggtccgt_c.r1,sensitive
gtcgtaagttcagcgc_c.r1,sensitive
gtcgtaatccctctag_c.r1,sensitive
gtcgttcagtagtgcg_t10.a.r1,resistant
gtcgttccagctcata_c.r1,sensitive
gtcgttctcagtggga_c.r1,sensitive
gtcgttctctcgttta_c.r1,sensitive
gtcgttctctgagaaa_c.r1,sensitive
gtctaccagcggacat_t10.a.r1,resistant
gtctaccagtcatacc_c.r1,sensitive
gtctacccagtgtact_c.r1,sensitive
gtctagaaggagaggc_t10.a.r1,resistant
gtctcacagatacatg_t10.a.r1,resistant
gtctcacagggagaat_c.r1,sensitive
gtctcacagggctaac_t10.a.r1,resistant
gtctcactctactgcc_c.r1,sensitive
gtctgtccatgactac_t10.a.r1,resistant
gtctgtcgtcttagtg_c.r1,sensitive
gtctgtctcacgtcct_t10.a.r1,resistant
gtctgtctcgaactca_c.r1,sensitive
gtctgtctcgataacc_c.r1,sensitive
gtctttaagtctaacc_c.r1,sensitive
gtctttacaggcatga_t10.a.r1,resistant
gtctttacatgaaagt_t10.a.r1,resistant
gtctttagtgatggca_t10.a.r1,resistant
gtctttatcaaggtgg_c.r1,sensitive
gtctttatcattgttc_t10.a.r1,resistant
gtctttatcctctaat_c.r1,sensitive
gtctttatctgaggcc_t10.a.r1,resistant
gtgacgcagttggaat_c.r1,sensitive
gtgacgctcagtgtgt_c.r1,sensitive
gtgagccagccatgcc_t10.a.r1,resistant
gtgagccaggtctact_c.r1,sensitive
gtgagcccaataaggt_c.r1,sensitive
gtgagccgtatcagct_c.r1,sensitive
gtgagcctccctcaac_c.r1,sensitive
gtgaggagtacctatg_c.r1,sensitive
gtgaggagtatttctc_t10.a.r1,resistant
gtgaggagttagaaac_t10.a.r1,resistant
gtgaggatcccataag_c.r1,sensitive
gtgaggatcctaccgt_c.r1,sensitive
gtgagttcaaatgagt_c.r1,sensitive
gtgagttgtggacctc_c.r1,sensitive
gtgagtttcggtcgac_c.r1,sensitive
gtgatgtagaatcgcg_c.r1,sensitive
gtgatgtcatgtcagt_t10.a.r1,resistant
gtgatgtgtagcgcct_c.r1,sensitive
gtgatgtgtttgatcg_t10.a.r1,resistant
gtgatgttccacgtct_t10.a.r1,resistant
gtgatgttcgccagtg_t10.a.r1,resistant
gtgatgttctgatggt_t10.a.r1,resistant
gtgcacgcactaccct_c.r1,sensitive
gtgcacgtcacgatac_t10.a.r1,resistant
gtgcagcagacgccct_c.r1,sensitive
gtgcagcaggacccaa_t10.a.r1,resistant
gtgcagccatcaacca_c.r1,sensitive
gtgcagcgtagaggaa_c.r1,sensitive
gtgcagcgtgtgtact_c.r1,sensitive
gtgcagcgttgggatg_c.r1,sensitive
gtgcgtgagtcaatcc_t10.a.r1,resistant
gtgcgtgagtcctaca_t10.a.r1,resistant
gtgcgtggtgttacac_t10.a.r1,resistant
gtgcgtgtcttcgacc_t10.a.r1,resistant
gtgctggcactagtac_c.r1,sensitive
gtgctgggtatcacca_c.r1,sensitive
gtgctgggttaagtcc_t10.a.r1,resistant
gtgcttcagcgtacag_c.r1,sensitive
gtgcttccagaagtta_t10.a.r1,resistant
gtgcttctccatcgtc_t10.a.r1,resistant
gtggaagcatgcgtgc_c.r1,sensitive
gtggaaggtgactaaa_t10.a.r1,resistant
gtggagaagagcgact_t10.a.r1,resistant
gtggagaagtaagact_c.r1,sensitive
gtggagaagtttagga_c.r1,sensitive
gtggagagtaataccc_c.r1,sensitive
gtggagagtatcaaga_t10.a.r1,resistant
gtggagagtcggccta_t10.a.r1,resistant
gtggagatctccaaga_c.r1,sensitive
gtggcgtagatgttga_c.r1,sensitive
gtggcgtcaccgtgac_c.r1,sensitive
gtggcgtcacgctata_c.r1,sensitive
gtggcgtgtaccacgc_t10.a.r1,resistant
gtggcgtgttcaagtc_c.r1,sensitive
gtggcgttcatggagg_c.r1,sensitive
gtgggaaagcgtataa_c.r1,sensitive
gtgggaaaggtcactt_t10.a.r1,resistant
gtgggaagtaacccta_t10.a.r1,resistant
gtgggaagtcttcatt_t10.a.r1,resistant
gtgggaagtgtcacat_t10.a.r1,resistant
gtgggaagttcctacc_c.r1,sensitive
gtgggaatcagcgcac_c.r1,sensitive
gtggttaagcgtataa_t10.a.r1,resistant
gtggttacaagttggg_c.r1,sensitive
gtggttagtaagatca_c.r1,sensitive
gtggttagtttcactt_t10.a.r1,resistant
gtggttatctggaccg_c.r1,sensitive
gtgtaacaggcgaagg_c.r1,sensitive
gtgtaacgtaacacct_c.r1,sensitive
gtgtaacgtattcctt_t10.a.r1,resistant
gtgtcctagaatcgat_t10.a.r1,resistant
gtgtcctcaagcaggt_t10.a.r1,resistant
gtgtcctcattgacac_t10.a.r1,resistant
gtgtcctgtagaggaa_c.r1,sensitive
gtgtcctgtcacgctg_c.r1,sensitive
gtgtccttcattacct_t10.a.r1,resistant
gtgtgatagacatcct_t10.a.r1,resistant
gtgtgatagggaccat_c.r1,sensitive
gtgtgatagtattccg_t10.a.r1,resistant
gtgtgatagtcagggt_t10.a.r1,resistant
gtgtgatgtggcatcc_c.r1,sensitive
gtgtgattcccggtag_t10.a.r1,resistant
gtgtgattctacgcaa_t10.a.r1,resistant
gtgtggccaacgggta_c.r1,sensitive
gtgtggccagagccct_t10.a.r1,resistant
gtgtggccagcatcta_t10.a.r1,resistant
gtgtggccattcaccc_t10.a.r1,resistant
gtgtggcgtaatgtga_c.r1,sensitive
gtgtggctccatgatg_t10.a.r1,resistant
gtgttagcagcctacg_c.r1,sensitive
gtgttaggtgggttga_c.r1,sensitive
gtgttccagtccgcca_c.r1,sensitive
gtgttccgtcgactgc_c.r1,sensitive
gttacagagtaccatc_c.r1,sensitive
gttacagagtgcaggt_c.r1,sensitive
gttacagtcgctgacg_t10.a.r1,resistant
gttacccagactcaaa_t10.a.r1,resistant
gttaccccaatacaga_c.r1,sensitive
gttaccccaatgctca_t10.a.r1,resistant
gttaccccacacacta_c.r1,sensitive
gttacccgtgttaacc_t10.a.r1,resistant
gttaccctcaccatag_c.r1,sensitive
gttaccctctgcgtct_c.r1,sensitive
gttacgacaagatcct_c.r1,sensitive
gttacgacacttggcg_c.r1,sensitive
gttacgacagtgtgcc_t10.a.r1,resistant
gttacgatcagactgt_t10.a.r1,resistant
gttagacagtagggtc_t10.a.r1,resistant
gttagaccacataacc_c.r1,sensitive
gttagaccatgtgtca_t10.a.r1,resistant
gttagaccattcaggt_c.r1,sensitive
gttagacgtaacacgg_c.r1,sensitive
gttagacgtatttctc_t10.a.r1,resistant
gttagacgtccggtgt_t10.a.r1,resistant
gttagactcatgcagt_c.r1,sensitive
gttagtgagttagtga_t10.a.r1,resistant
gttagtgcaaggcctc_c.r1,sensitive
gttagtggtgcattac_t10.a.r1,resistant
gttagtggttgggttt_t10.a.r1,resistant
gttagtgtccggcttt_t10.a.r1,resistant
gttatggagacatagt_t10.a.r1,resistant
gttatggagatagtgt_t10.a.r1,resistant
gttatggagcctgtcg_c.r1,sensitive
gttatggcacaccttc_t10.a.r1,resistant
gttatgggtaagtcaa_c.r1,sensitive
gttatgggtttacacg_c.r1,sensitive
gttcattagatgattg_c.r1,sensitive
gttcattagtacccta_c.r1,sensitive
gttcattcactgattg_c.r1,sensitive
gttcattcactggaag_t10.a.r1,resistant
gttcattcattgcaac_t10.a.r1,resistant
gttcattgttctccca_t10.a.r1,resistant
gttcatttcgatggag_t10.a.r1,resistant
gttccgtagactctac_t10.a.r1,resistant
gttccgtagcttaaga_t10.a.r1,resistant
gttccgtcaggcccta_c.r1,sensitive
gttccgtcattgacca_c.r1,sensitive
gttccgtgtacacgcc_c.r1,sensitive
gttccgtgtacttccc_c.r1,sensitive
gttccgtgtatacggg_t10.a.r1,resistant
gttccgtgtttgacac_c.r1,sensitive
gttcgctcatcgtggc_c.r1,sensitive
gttcgctgtactgttg_t10.a.r1,resistant
gttctatcaagcccac_t10.a.r1,resistant
gttctatcacgcttaa_t10.a.r1,resistant
gttctatcacgtagag_t10.a.r1,resistant
gttctatgtacagaat_t10.a.r1,resistant
gttgaacgtgagacca_c.r1,sensitive
gttgaacgtttgccgg_c.r1,sensitive
gttgaactcactcgaa_c.r1,sensitive
gttgaactctcgtggg_c.r1,sensitive
gttgcggagaagagca_c.r1,sensitive
gttgcggagagcaacc_t10.a.r1,resistant
gttgcggagcaccgtc_t10.a.r1,resistant
gttgcggagctatctg_t10.a.r1,resistant
gttgcggcaagcctgc_c.r1,sensitive
gttgcggcagtagaat_t10.a.r1,resistant
gttgcgggttgccgca_t10.a.r1,resistant
gttgctcaggtactgg_t10.a.r1,resistant
gttgctccaaatggat_c.r1,sensitive
gttgctctcacccatc_t10.a.r1,resistant
gttgctctctagtgtg_c.r1,sensitive
gttgctctcttggtcc_c.r1,sensitive
gttgtagagtcagagc_c.r1,sensitive
gttgtagagtctcctc_t10.a.r1,resistant
gttgtagcacagagca_c.r1,sensitive
gttgtagtcgagtgga_c.r1,sensitive
gttgtagtctggtggc_c.r1,sensitive
gttgtccaggacatcg_c.r1,sensitive
gttgtccagtttagga_c.r1,sensitive
gttgtcccaggtccca_c.r1,sensitive
gttgtccgtatttctc_t10.a.r1,resistant
gttgtccgttgggatg_t10.a.r1,resistant
gttgtgaaggttggtg_t10.a.r1,resistant
gttgtgacaaactctg_t10.a.r1,resistant
gttgtgacaacggtag_t10.a.r1,resistant
gttgtgacacgttggc_c.r1,sensitive
gttgtgacaggtttac_c.r1,sensitive
gttgtgagtttgggtt_c.r1,sensitive
gtttactagcagcgat_c.r1,sensitive
gtttggaagcaccgaa_t10.a.r1,resistant
gtttggaagtccgcca_t10.a.r1,resistant
gtttggacataatcgc_c.r1,sensitive
gtttggacatgactgt_t10.a.r1,resistant
gtttggagtttacctt_c.r1,sensitive
gtttggatcagtccgg_c.r1,sensitive
gtttggatcttcctaa_c.r1,sensitive
taacacgagatggtat_c.r1,sensitive
taaccagcaaccgatt_c.r1,sensitive
taaccagcagcgtgct_t10.a.r1,resistant
taaccaggtgaacggt_t10.a.r1,resistant
taaccaggttgaggac_t10.a.r1,resistant
taaccagtccatttca_t10.a.r1,resistant
taacgacagaggtgct_t10.a.r1,resistant
taacgacagcagtctt_t10.a.r1,resistant
taacgaccacttgagt_c.r1,sensitive
taacgaccattcctat_c.r1,sensitive
taacgaccattgggag_t10.a.r1,resistant
taacgacgtctacgta_c.r1,sensitive
taacgacgtgtgtcgc_t10.a.r1,resistant
taacttccaatgtcac_c.r1,sensitive
taacttccacaaatcc_c.r1,sensitive
taacttccagtcacgc_c.r1,sensitive
taacttccagtcgctg_c.r1,sensitive
taacttcgtcactcaa_t10.a.r1,resistant
taacttcgtcggtgaa_t10.a.r1,resistant
taacttcgtggcctca_c.r1,sensitive
taacttcgtggcttat_t10.a.r1,resistant
taacttctcccataag_c.r1,sensitive
taagccaagacatagt_t10.a.r1,resistant
taagccacatgatctg_t10.a.r1,resistant
taagccatcacgatac_t10.a.r1,resistant
taagccatccgtccta_t10.a.r1,resistant
taagcgtgtcgccaca_t10.a.r1,resistant
taagcgtgtggtaata_t10.a.r1,resistant
taagcgttctcaaccc_c.r1,sensitive
taagcgttctcgaaca_t10.a.r1,resistant
taagtcgagatgaatc_t10.a.r1,resistant
taagtcgagcttgtgt_t10.a.r1,resistant
taagtcgagtatgatg_t10.a.r1,resistant
taagtcgcataatgcc_t10.a.r1,resistant
taagtcggtcattccc_c.r1,sensitive
taagtcggtccaacgc_c.r1,sensitive
taagtcggtgagacgt_t10.a.r1,resistant
taatctcagcacctgc_c.r1,sensitive
taatctccacaaagta_c.r1,sensitive
taatctccagtcggtc_c.r1,sensitive
taattccagccattgt_c.r1,sensitive
taattcccagaatcgg_c.r1,sensitive
taattccgtatgatcc_c.r1,sensitive
taattcctccagctct_t10.a.r1,resistant
tacaacgagggccaat_t10.a.r1,resistant
tacaacgcagtgtact_c.r1,sensitive
tacacccagtagtcct_t10.a.r1,resistant
tacaccccaactagaa_t10.a.r1,resistant
tacacccgttctatct_t10.a.r1,resistant
tacacccgttgtacgt_t10.a.r1,resistant
tacaccctcaaggagc_c.r1,sensitive
tacaggtagcgtcaga_t10.a.r1,resistant
tacaggtcactaccgg_c.r1,sensitive
tacaggtcagcagatg_t10.a.r1,resistant
tacaggtgtcgaagca_t10.a.r1,resistant
tacaggtgtggctctg_c.r1,sensitive
tacaggttccaaaggg_c.r1,sensitive
tacattcagaccaaat_c.r1,sensitive
tacattcagcctttcc_t10.a.r1,resistant
tacattccactgcgtg_t10.a.r1,resistant
tacattcgtcgcctag_t10.a.r1,resistant
tacattcgtgtcttag_c.r1,sensitive
tacattctctagaacc_c.r1,sensitive
tacccacagctaaaca_c.r1,sensitive
tacccacagctaagta_c.r1,sensitive
tacccaccaactagaa_t10.a.r1,resistant
tacccacgtaattagg_c.r1,sensitive
tacccacgttcaagtc_t10.a.r1,resistant
tacccactctagacac_t10.a.r1,resistant
tacccgtagcctcgtg_t10.a.r1,resistant
tacccgtagctttgtg_t10.a.r1,resistant
tacccgtgtgagtgac_t10.a.r1,resistant
taccgaagtttagtcg_t10.a.r1,resistant
taccgaatccatactt_c.r1,sensitive
taccgaatctcttcaa_c.r1,sensitive
taccggggtgcaatgg_t10.a.r1,resistant
taccggggtggaccaa_c.r1,sensitive
tacctcgcagcgcgtt_c.r1,sensitive
tacctcggtaagctct_c.r1,sensitive
tacctcggtgagatcg_c.r1,sensitive
tacctcggtggcctca_t10.a.r1,resistant
tacctgcagaattgtg_c.r1,sensitive
tacctgccactaccgg_c.r1,sensitive
tacctgcgtcgaattc_c.r1,sensitive
tacctgctcatcactt_t10.a.r1,resistant
tacgctcgtggctgct_c.r1,sensitive
tacgctctcgcggtac_t10.a.r1,resistant
tacgctctctccctag_c.r1,sensitive
tacgggcagaacagga_c.r1,sensitive
tacgggcagcacaaat_t10.a.r1,resistant
tacgggcagtaacctc_c.r1,sensitive
tacgggccactggcca_t10.a.r1,resistant
tacgggccattgtgca_t10.a.r1,resistant
tacgggcgtatggagc_c.r1,sensitive
tacgggcgtctgtgat_c.r1,sensitive
tacgggcgttagagta_c.r1,sensitive
tacgggcgttgtggcc_t10.a.r1,resistant
tacggtacaaatgagt_c.r1,sensitive
tacggtacaaatgcgg_c.r1,sensitive
tacggtacactgtcgg_t10.a.r1,resistant
tacggtacagagtctt_c.r1,sensitive
tacggtagtaatcaga_t10.a.r1,resistant
tacggtagtacggatg_c.r1,sensitive
tacggtagtcaggcaa_c.r1,sensitive
tacggtagtgtacatc_t10.a.r1,resistant
tacgtccagggccctt_t10.a.r1,resistant
tacgtccagttccgta_c.r1,sensitive
tacgtcccaaatgaac_c.r1,sensitive
tacgtcccagatactc_t10.a.r1,resistant
tacgtccgttgctcgg_c.r1,sensitive
tacgtccgttgtttgg_c.r1,sensitive
tacgtcctccatagac_t10.a.r1,resistant
tacgtcctctcgacgg_t10.a.r1,resistant
tactgcccaacaacaa_c.r1,sensitive
tactgcccaggtcaag_t10.a.r1,resistant
tactgcctcacccttg_c.r1,sensitive
tactgcctccactaga_t10.a.r1,resistant
tactgcctcgctgata_c.r1,sensitive
tacttacagcactaaa_c.r1,sensitive
tacttacgttggcctg_c.r1,sensitive
tacttactcctcactg_t10.a.r1,resistant
tacttcaaggctatct_t10.a.r1,resistant
tacttcacaccgaatt_c.r1,sensitive
tacttcagtgactatc_t10.a.r1,resistant
tacttcagtgatggca_t10.a.r1,resistant
tacttcatctacgcaa_t10.a.r1,resistant
tacttgtagcactttg_c.r1,sensitive
tacttgtagcgcacaa_c.r1,sensitive
tacttgtcagagccct_t10.a.r1,resistant
tacttgtgtgagtcag_c.r1,sensitive
tagaccagtgtggaca_c.r1,sensitive
tagactgaggaatcgc_t10.a.r1,resistant
tagactgcaaggtcga_t10.a.r1,resistant
tagactgcaagtgtct_t10.a.r1,resistant
tagactgcacatgaaa_t10.a.r1,resistant
tagactgcataatcgc_t10.a.r1,resistant
tagactggtgcatgtt_c.r1,sensitive
tagactgtcgcctatc_c.r1,sensitive
tagagtcgtcgttcaa_t10.a.r1,resistant
tagatcgaggctaaat_t10.a.r1,resistant
tagatcgagtgagtta_c.r1,sensitive
tagatcgtctgaccct_t10.a.r1,resistant
tagcacaagcatgcga_c.r1,sensitive
tagcacaagctgccac_t10.a.r1,resistant
tagcacacaacggctc_c.r1,sensitive
tagcacacaccactgg_c.r1,sensitive
tagcacacattcgggc_c.r1,sensitive
tagcacagtgctctct_c.r1,sensitive
taggaggcaccctcta_c.r1,sensitive
taggagggtactgccg_c.r1,sensitive
taggaggtcgccagtg_t10.a.r1,resistant
taggaggtctctagga_c.r1,sensitive
tagggttcagaacttc_c.r1,sensitive
tagggttgtctcgggt_c.r1,sensitive
tagggttgttacgccg_c.r1,sensitive
tagggttgttcaaacc_c.r1,sensitive
tagggtttcgatggag_c.r1,sensitive
taggtacagggagtgg_t10.a.r1,resistant
taggtaccacacctaa_t10.a.r1,resistant
taggtaccattgaaga_t10.a.r1,resistant
taggtacgtaatgatg_c.r1,sensitive
taggtacgtcactagt_t10.a.r1,resistant
taggtacgtgtaacgg_c.r1,sensitive
taggtactcaacgtgt_c.r1,sensitive
taggtactcaaggctt_c.r1,sensitive
taggttgagatcccgc_t10.a.r1,resistant
taggttgcaacgaggt_c.r1,sensitive
taggttgcaactcgta_t10.a.r1,resistant
taggttgcatagaatg_t10.a.r1,resistant
taggttgtcggctgac_c.r1,sensitive
tagtgcaagcgatgac_c.r1,sensitive
tagtgcaaggagaatg_c.r1,sensitive
tagtgcaagtcatgaa_c.r1,sensitive
tagtgcacaaaccact_c.r1,sensitive
tagtgcacagcattgt_c.r1,sensitive
tagtgcagtgcttcaa_c.r1,sensitive
tagtgcagttgccgca_c.r1,sensitive
tagtgcatctacctta_t10.a.r1,resistant
tatacctagtatctgc_c.r1,sensitive
tatacctgtcacttag_c.r1,sensitive
tatacctgtgggttga_c.r1,sensitive
tataccttccacgtgg_c.r1,sensitive
tatatccagacataca_t10.a.r1,resistant
tatatccagagcaacc_c.r1,sensitive
tatatccagatcacct_c.r1,sensitive
tatatcccaatcctag_c.r1,sensitive
tatatccgtagtaagt_c.r1,sensitive
tatatccgtcaacgcc_t10.a.r1,resistant
tatcaggaggtccaga_c.r1,sensitive
tatcaggagtcatacc_c.r1,sensitive
tatcaggcaagattga_c.r1,sensitive
tatcaggcagagggtt_t10.a.r1,resistant
tatcctaagacataac_c.r1,sensitive
tatcctacaggaacca_c.r1,sensitive
tatcctagtatctctt_t10.a.r1,resistant
tatctgtagcacctgc_c.r1,sensitive
tatctgtagtctcctc_t10.a.r1,resistant
tatctgtagtgacacg_c.r1,sensitive
tatctgtgtgggctct_t10.a.r1,resistant
tatctgttcaaccgat_c.r1,sensitive
tatctgttcgatccct_t10.a.r1,resistant
tatcttgagatggtcg_t10.a.r1,resistant
tatcttgagcgtgaac_c.r1,sensitive
tatcttgcataagatg_t10.a.r1,resistant
tatgttccaaactaag_c.r1,sensitive
tatgttccaatcgcat_c.r1,sensitive
tatgttccatacagaa_c.r1,sensitive
tatgttcgtcattgca_t10.a.r1,resistant
tatgttctccatctat_t10.a.r1,resistant
tattccaagctctatg_c.r1,sensitive
tattccacagctaact_c.r1,sensitive
tattccagtagattga_t10.a.r1,resistant
tattccagtatgaagt_t10.a.r1,resistant
tattccatcttaccgc_t10.a.r1,resistant
tattgctcatggcacc_t10.a.r1,resistant
tattgctgtcacagtt_c.r1,sensitive
tattgctgtcatacca_t10.a.r1,resistant
tattgcttcaagtgtc_t10.a.r1,resistant
tattgggagcctcacg_t10.a.r1,resistant
tattgggagcttacgt_c.r1,sensitive
tattgggcatatcggt_c.r1,sensitive
tattggggttgcatgt_c.r1,sensitive
tatttcgaggcctgaa_c.r1,sensitive
tatttcgtcaagccat_t10.a.r1,resistant
tatttcgtcacaccct_t10.a.r1,resistant
tcaagacagcagccct_c.r1,sensitive
tcaagacaggatacat_c.r1,sensitive
tcaagacagggcagga_t10.a.r1,resistant
tcaagaccagcgattt_c.r1,sensitive
tcaagaccagtcagag_t10.a.r1,resistant
tcaagacgtacctaac_c.r1,sensitive
tcaagacgttaatgag_t10.a.r1,resistant
tcaagactcacagtgt_c.r1,sensitive
tcaagactcattggtg_c.r1,sensitive
tcaagcacaggttcgc_t10.a.r1,resistant
tcaagcagtgaatgat_c.r1,sensitive
tcaagtgagatgaccg_c.r1,sensitive
tcaagtgagttgggac_t10.a.r1,resistant
tcaagtgcacacagag_c.r1,sensitive
tcaagtgcatcccact_c.r1,sensitive
tcaagtgtctttgcat_t10.a.r1,resistant
tcaatctagacgactg_c.r1,sensitive
tcaatctcaagcccac_c.r1,sensitive
tcaatctcagagctag_c.r1,sensitive
tcaatctcatggaagc_c.r1,sensitive
tcaattcaggttcttg_t10.a.r1,resistant
tcaattcgtcgaaacg_t10.a.r1,resistant
tcaattctcccaagcg_c.r1,sensitive
tcaattctcgagccac_t10.a.r1,resistant
tcacaagagcgtgtcc_c.r1,sensitive
tcacaaggtatggtaa_c.r1,sensitive
tcacaccagctagccc_c.r1,sensitive
tcacaccagggatctg_c.r1,sensitive
tcacacctcatacggt_t10.a.r1,resistant
tcacattagaatctag_t10.a.r1,resistant
tcacattcagtcgtta_t10.a.r1,resistant
tcacattcagtgagca_c.r1,sensitive
tcacgctagcctcgtg_c.r1,sensitive
tcacgctcaggagact_t10.a.r1,resistant
tcacgctgtaacacgg_t10.a.r1,resistant
tcacgctgttgctagt_t10.a.r1,resistant
tcacgcttccaacaca_c.r1,sensitive
tcacgcttcgcttaag_t10.a.r1,resistant
tcacggggttatcttc_c.r1,sensitive
tcacggggttgaatcc_t10.a.r1,resistant
tcactatagcaattcc_c.r1,sensitive
tcactatagtgaatac_c.r1,sensitive
tcactatgtcgcttgg_c.r1,sensitive
tcactatgtgcgttta_c.r1,sensitive
tcactattcggaaacg_t10.a.r1,resistant
tcactcgaggcactcc_c.r1,sensitive
tcagcaaagcactttg_t10.a.r1,resistant
tcagcaacaactgatc_c.r1,sensitive
tcagcaatcacgggaa_c.r1,sensitive
tcagcctagcttaaga_t10.a.r1,resistant
tcagcctcagcgtaga_t10.a.r1,resistant
tcagcctcatagtcac_t10.a.r1,resistant
tcagcctgtgatcgtt_c.r1,sensitive
tcagccttccatgatg_c.r1,sensitive
tcagggccaaccaatc_t10.a.r1,resistant
tcagggccatatgaag_c.r1,sensitive
tcagggcgtaatcaag_t10.a.r1,resistant
tcagggcgtccgaaag_c.r1,sensitive
tcagggcgttgcacgc_t10.a.r1,resistant
tcagggctcacctcac_c.r1,sensitive
tcaggtaagcgagaaa_c.r1,sensitive
tcaggtacatagaggc_c.r1,sensitive
tcaggtagtactgcgc_c.r1,sensitive
tcaggtagtagctttg_t10.a.r1,resistant
tcagtccgtaagaccg_c.r1,sensitive
tcagtccgtggaatgc_t10.a.r1,resistant
tcagtcctcccttccc_c.r1,sensitive
tcagtcctcgacattg_c.r1,sensitive
tcagtgaagactcgag_c.r1,sensitive
tcagtgaaggagacct_t10.a.r1,resistant
tcagtgagttagggac_t10.a.r1,resistant
tcagtgatcccgttca_t10.a.r1,resistant
tcagtttcacgttcgg_c.r1,sensitive
tcagtttgtagatgta_c.r1,sensitive
tcagtttgtatacaga_c.r1,sensitive
tcagtttgtcgagttt_t10.a.r1,resistant
tcagtttgtgttgccg_t10.a.r1,resistant
tcagttttcgtcacct_c.r1,sensitive
tcagttttcgtcgctt_t10.a.r1,resistant
tcatactagtcggcaa_t10.a.r1,resistant
tcatactgtatgtctg_t10.a.r1,resistant
tcatactgttgtggcc_t10.a.r1,resistant
tcatacttcgcctagg_t10.a.r1,resistant
tcatatcgtctgtggc_c.r1,sensitive
tcatatctctcgtggg_c.r1,sensitive
tcatatctctctggtc_c.r1,sensitive
tcatcataggactggt_c.r1,sensitive
tcatcataggataatc_c.r1,sensitive
tcatcatgtagttacc_c.r1,sensitive
tcatcatgtctgcgca_c.r1,sensitive
tcatcattcacacgat_c.r1,sensitive
tcatcattctctgacc_t10.a.r1,resistant
tcatccggtagcgatg_c.r1,sensitive
tcatgagagccacaag_c.r1,sensitive
tcatgaggtacagagc_t10.a.r1,resistant
tcatgaggtgcatttg_c.r1,sensitive
tcatgaggttgtgcat_c.r1,sensitive
tcatgccgtatcggtt_t10.a.r1,resistant
tcatgccgtccggatc_t10.a.r1,resistant
tcatgcctcacaccgg_c.r1,sensitive
tcatgcctcccaactc_c.r1,sensitive
tcatgcctcgctgcga_t10.a.r1,resistant
tcatggacataactcg_c.r1,sensitive
tcatggagtcgcttgg_c.r1,sensitive
tcatggagtttgtggt_t10.a.r1,resistant
tcatggatcaccatga_c.r1,sensitive
tcatgttagattgagt_c.r1,sensitive
tcatgttgtctcgggt_t10.a.r1,resistant
tcatgttgttcggtcg_t10.a.r1,resistant
tcatgtttcctctttc_t10.a.r1,resistant
tcatgtttcttactgt_c.r1,sensitive
tcattacagcatcaaa_c.r1,sensitive
tcattacagcggatca_c.r1,sensitive
tcattactcactcgaa_c.r1,sensitive
tcattactcagggtag_c.r1,sensitive
tcattactcgccgagt_c.r1,sensitive
tcattactctcgctca_t10.a.r1,resistant
tcattactcttacact_c.r1,sensitive
tcattcagttagggac_c.r1,sensitive
tcattgtagaacccga_c.r1,sensitive
tcattgtcaggcctgt_c.r1,sensitive
tcattgtcatgtttgg_c.r1,sensitive
tcattgtgtctacaac_c.r1,sensitive
tcattgtgttgtgttg_t10.a.r1,resistant
tcattgttcctcaggg_c.r1,sensitive
tcatttgagacggaaa_t10.a.r1,resistant
tcatttgcacaacgcc_t10.a.r1,resistant
tcatttgcagtttggt_c.r1,sensitive
tcatttggtagatcct_t10.a.r1,resistant
tcatttgtcgtaggag_t10.a.r1,resistant
tccaccacaccagcgt_c.r1,sensitive
tccaccacaccgtctt_c.r1,sensitive
tccaccacatgggttt_t10.a.r1,resistant
tccaccagtaagaccg_c.r1,sensitive
tccaccagtcagacga_c.r1,sensitive
tccaccagtcatcgcg_c.r1,sensitive
tccaccagtgtcgctg_c.r1,sensitive
tccaccatcatggccg_c.r1,sensitive
tccaccatcatttcca_c.r1,sensitive
tccaccatcgtcgctt_c.r1,sensitive
tccacgtagagtcttc_c.r1,sensitive
tccacgtcacggctac_t10.a.r1,resistant
tccacgtgtccaagag_t10.a.r1,resistant
tccacgtgtgttcatg_c.r1,sensitive
tccacgtgttgtggag_c.r1,sensitive
tccacgttcctgtaag_t10.a.r1,resistant
tccagaagtgtgaccc_t10.a.r1,resistant
tccatcgagtgtcatc_c.r1,sensitive
tccatcgcagtcgcac_t10.a.r1,resistant
tccatcggtaggctga_c.r1,sensitive
tccatgcagcaattcc_t10.a.r1,resistant
tccatgccacacgtgc_c.r1,sensitive
tccatgccactatcga_c.r1,sensitive
tccatgcgttccacaa_t10.a.r1,resistant
tccatgctctcactcg_c.r1,sensitive
tcccacaagttgctgt_t10.a.r1,resistant
tcccacacaagcccac_c.r1,sensitive
tcccacacagattcgt_c.r1,sensitive
tcccacagtatgtgtc_c.r1,sensitive
tcccacagtgtcatgt_c.r1,sensitive
tcccacagttcacgat_c.r1,sensitive
tcccacatcatcctgc_t10.a.r1,resistant
tcccacatccgatgta_c.r1,sensitive
tcccagtagtccgtcg_c.r1,sensitive
tcccagtgtaggctcc_t10.a.r1,resistant
tcccagtgtcaccttc_c.r1,sensitive
tcccatgagatccaaa_c.r1,sensitive
tcccatgaggtgcgat_c.r1,sensitive
tcccatggtcgcggtt_c.r1,sensitive
tcccatggttagctac_t10.a.r1,resistant
tcccatgtcagctgta_c.r1,sensitive
tccgatcagggtaatt_c.r1,sensitive
tccgatccaataacga_t10.a.r1,resistant
tccgatcgtttacgac_c.r1,sensitive
tccgatctcactacga_c.r1,sensitive
tccgatctcagcattg_t10.a.r1,resistant
tccgggaagcaggcta_t10.a.r1,resistant
tccgggaagccgaatg_t10.a.r1,resistant
tccgggaagcttcgta_t10.a.r1,resistant
tccgggaaggccatag_c.r1,sensitive
tccgggacatggaata_c.r1,sensitive
tccgggacattcaccc_c.r1,sensitive
tccgggagtattctct_t10.a.r1,resistant
tccgggagtcctgtct_c.r1,sensitive
tccgtgtcagcttcgg_c.r1,sensitive
tccgtgtcatggatct_c.r1,sensitive
tccgtgtgtacaaagt_c.r1,sensitive
tccgtgtgtaggaggg_c.r1,sensitive
tccgtgttcagtggga_c.r1,sensitive
tccgtgttctgcgata_c.r1,sensitive
tcctaatcaagtggac_c.r1,sensitive
tcctaatcatgacagg_t10.a.r1,resistant
tcctaattcagcgcac_c.r1,sensitive
tcctaattctgaatgc_t10.a.r1,resistant
tcctccccaagcctgc_t10.a.r1,resistant
tcctccccacccataa_c.r1,sensitive
tcctccccagaactct_c.r1,sensitive
tcctccccagagttgg_c.r1,sensitive
tcctccccatccgata_t10.a.r1,resistant
tcctccctcgcactct_c.r1,sensitive
tcctccctcgttatct_c.r1,sensitive
tcctcgaagggtagct_c.r1,sensitive
tcctcgaagtatgcaa_c.r1,sensitive
tcctcgacagaagctg_c.r1,sensitive
tcctcgagtaccttcc_t10.a.r1,resistant
tcctcgagtcttcatt_c.r1,sensitive
tcctcgagtggctacc_c.r1,sensitive
tcctcgagtttgggtt_t10.a.r1,resistant
tcctcgatccatagac_c.r1,sensitive
tcctcgatccgctagg_c.r1,sensitive
tcctcttcaagtccat_c.r1,sensitive
tcctcttcacagaagc_t10.a.r1,resistant
tcctcttgtacagaat_c.r1,sensitive
tcctcttgtttactgg_c.r1,sensitive
tcctctttctttcagt_c.r1,sensitive
tcctgcacattgaaag_c.r1,sensitive
tcctgcatcacgatac_t10.a.r1,resistant
tccttctagcctcttc_c.r1,sensitive
tccttctagggctaac_t10.a.r1,resistant
tccttctagttagtga_c.r1,sensitive
tcctttccaaacaggc_c.r1,sensitive
tcctttcgtcacagtt_c.r1,sensitive
tcctttctctatcgtt_c.r1,sensitive
tcgaacaagcgtgcct_c.r1,sensitive
tcgaacacaagcgctc_t10.a.r1,resistant
tcgaacacaggatgac_t10.a.r1,resistant
tcgaacacatcagcta_c.r1,sensitive
tcgaacacatcgaagg_c.r1,sensitive
tcgaacagtcctatag_t10.a.r1,resistant
tcgaacatcttcccag_c.r1,sensitive
tcgaagtagcatcttg_c.r1,sensitive
tcgaagtcacaagctt_t10.a.r1,resistant
tcgaagttcattatcc_c.r1,sensitive
tcgaagttccatcacc_c.r1,sensitive
tcgaagttcgtgttcc_c.r1,sensitive
tcgaagttctctggtc_t10.a.r1,resistant
tcgaagttcttaccat_c.r1,sensitive
tcgaagttcttctcaa_t10.a.r1,resistant
tcgacctaggattaca_c.r1,sensitive
tcgacctcaggctacc_c.r1,sensitive
tcgacgggtcatctag_t10.a.r1,resistant
tcgacggtcaaacgaa_t10.a.r1,resistant
tcgacggtctaacacg_t10.a.r1,resistant
tcgatttgtaggagtc_c.r1,sensitive
tcgatttgttacgtac_c.r1,sensitive
tcgcactagcctgcca_t10.a.r1,resistant
tcgcactgtcggccta_c.r1,sensitive
tcgcactgtctacagt_t10.a.r1,resistant
tcgcacttcctctcga_c.r1,sensitive
tcgcaggagattgaca_c.r1,sensitive
tcgcaggagtgcagca_c.r1,sensitive
tcgcaggcaaataagc_c.r1,sensitive
tcgcagggttgactgt_c.r1,sensitive
tcgcaggtcgcctagg_c.r1,sensitive
tcgctcatcacccttg_t10.a.r1,resistant
tcgctcatcacctacc_t10.a.r1,resistant
tcgcttgagctttgtg_t10.a.r1,resistant
tcgcttggtcggcact_c.r1,sensitive
tcgcttgtcagagcga_c.r1,sensitive
tcgcttgtcggtcgac_t10.a.r1,resistant
tcggataagtcgcgaa_t10.a.r1,resistant
tcggatatctgggcgt_c.r1,sensitive
tcgggacagcagcaca_t10.a.r1,resistant
tcgggaccatggtgga_t10.a.r1,resistant
tcgggcaagcctgaag_c.r1,sensitive
tcgggcagttcgaact_t10.a.r1,resistant
tcgggcagttcgtaca_c.r1,sensitive
tcgggcagttgttgac_t10.a.r1,resistant
tcgggcatcaagtaag_c.r1,sensitive
tcgggtgagttccggc_t10.a.r1,resistant
tcgggtgcaactcgat_t10.a.r1,resistant
tcgggtgcaatagtag_c.r1,sensitive
tcgggtggtagcgagt_c.r1,sensitive
tcgggtggtatgtcac_t10.a.r1,resistant
tcggtctgtgtctaac_c.r1,sensitive
tcggtcttctaagcgt_t10.a.r1,resistant
tcggtcttctgtgcaa_t10.a.r1,resistant
tcgtagacaggttccg_c.r1,sensitive
tcgtagatcgcctcta_c.r1,sensitive
tcgtccaaggatcacg_c.r1,sensitive
tcgtccagttgcacgc_t10.a.r1,resistant
tcgtccatctgtcgtc_c.r1,sensitive
tcgtgctgtctaacgt_c.r1,sensitive
tcgtgggagttctacg_t10.a.r1,resistant
tcgtgggcaaccacgc_t10.a.r1,resistant
tcgtggggttaatgag_c.r1,sensitive
tcgtgggtcttagcag_c.r1,sensitive
tctaacttcattgtgg_t10.a.r1,resistant
tctacatagtgttcac_t10.a.r1,resistant
tctacatcagatccta_c.r1,sensitive
tctacatgtgcatgag_c.r1,sensitive
tctaccgcagagatgc_t10.a.r1,resistant
tctaccggtgtatacc_t10.a.r1,resistant
tctatacagcgatcga_t10.a.r1,resistant
tctataccagctgtcg_c.r1,sensitive
tctatacgtgatactc_c.r1,sensitive
tctatactcacggaga_c.r1,sensitive
tctatactcactggta_c.r1,sensitive
tctatcagtagcgtag_c.r1,sensitive
tctcacgaggctctat_t10.a.r1,resistant
tctcacgcataccagt_c.r1,sensitive
tctcacggttctcgct_t10.a.r1,resistant
tctcacgtctgcagcg_t10.a.r1,resistant
tctcagcagaatttgg_c.r1,sensitive
tctcagcagctgactt_c.r1,sensitive
tctcagcagggcatgt_c.r1,sensitive
tctcagccattaggct_c.r1,sensitive
tctcagcgtaggcaac_t10.a.r1,resistant
tctcagcgtttacgtg_c.r1,sensitive
tctcagcgtttgaacc_t10.a.r1,resistant
tctcagctcattatcc_c.r1,sensitive
tctcagctccttcgac_c.r1,sensitive
tctccgacactatcga_c.r1,sensitive
tctccgagtttagtcg_c.r1,sensitive
tctccgatcaggtgtt_t10.a.r1,resistant
tctccgatcccgagtg_c.r1,sensitive
tctccgatcgctgttc_t10.a.r1,resistant
tctctggcaaattgcc_t10.a.r1,resistant
tctctgggtccacttc_c.r1,sensitive
tctctggtcattgtgg_t10.a.r1,resistant
tctctggtccacgtct_c.r1,sensitive
tctgccaagctatcca_t10.a.r1,resistant
tctgccaaggtgcgat_t10.a.r1,resistant
tctgccaagtgggaaa_t10.a.r1,resistant
tctgccacacactggc_t10.a.r1,resistant
tctgccatccgcaacg_c.r1,sensitive
tctggctagaagtcta_t10.a.r1,resistant
tctggctagcaccaga_t10.a.r1,resistant
tctggctcaactgccg_t10.a.r1,resistant
tctggctcacgcggtt_t10.a.r1,resistant
tctggctgtaagatca_c.r1,sensitive
tctggctgtggtctta_c.r1,sensitive
tctggcttcgctccta_t10.a.r1,resistant
tctgtcgagccgatcc_c.r1,sensitive
tctgtcgcacgctgca_t10.a.r1,resistant
tctgtcggtagcacag_t10.a.r1,resistant
tcttagtagctgaaat_c.r1,sensitive
tcttagtagtccgtcg_c.r1,sensitive
tcttagtgttcttcat_t10.a.r1,resistant
tcttagttcttcgtgc_c.r1,sensitive
tcttcctagcggatca_t10.a.r1,resistant
tcttcctaggtaatca_c.r1,sensitive
tcttccttcccataga_t10.a.r1,resistant
tcttccttctaccacc_t10.a.r1,resistant
tcttccttctgtaacg_t10.a.r1,resistant
tcttgcggttccacaa_t10.a.r1,resistant
tcttgcgtccatccgt_t10.a.r1,resistant
tctttgaagactgttc_c.r1,sensitive
tctttgatcgtcaaca_t10.a.r1,resistant
tgaacgtagtagagtt_c.r1,sensitive
tgaacgtgtgtaaatg_t10.a.r1,resistant
tgaatcgcaagcacag_t10.a.r1,resistant
tgaatcgcagcgtgaa_c.r1,sensitive
tgaatcggttgtggcc_t10.a.r1,resistant
tgaatgctctcctgac_c.r1,sensitive
tgacagtagacgccct_c.r1,sensitive
tgacagtagtagccag_t10.a.r1,resistant
tgacagtcacgttggc_t10.a.r1,resistant
tgacagtcagcaagac_c.r1,sensitive
tgacagtcatgacact_t10.a.r1,resistant
tgacagtcatggctgc_t10.a.r1,resistant
tgacagtgtaggaggg_t10.a.r1,resistant
tgaccctagtcctgcg_c.r1,sensitive
tgaccctcacgactat_t10.a.r1,resistant
tgaccctcagcccagt_t10.a.r1,resistant
tgacgcgcatcatctt_t10.a.r1,resistant
tgacgcgcatctcaag_c.r1,sensitive
tgacgcgtccgcgagt_t10.a.r1,resistant
tgacgcgtccttatca_c.r1,sensitive
tgactccaggtaaact_t10.a.r1,resistant
tgactccgtagtacgg_t10.a.r1,resistant
tgagactagacggaaa_t10.a.r1,resistant
tgagactcataagatg_c.r1,sensitive
tgagacttctgtccgt_c.r1,sensitive
tgagcatcatagaggc_t10.a.r1,resistant
tgagcatgtcaaggca_c.r1,sensitive
tgagcatgtcataaag_c.r1,sensitive
tgagcatgttctgaca_t10.a.r1,resistant
tgagcgcagcaccaga_c.r1,sensitive
tgagcgcagcactcta_c.r1,sensitive
tgagcgcaggctgtag_t10.a.r1,resistant
tgagcgcagtgagtgc_t10.a.r1,resistant
tgagcgccacttgagt_t10.a.r1,resistant
tgagcgcgtacgtact_t10.a.r1,resistant
tgagcgcgtatgaggc_c.r1,sensitive
tgaggagagatgggct_t10.a.r1,resistant
tgaggagagctcgacc_c.r1,sensitive
tgaggagaggatttcc_c.r1,sensitive
tgaggaggtgagtcag_c.r1,sensitive
tgaggagtcccgtgtt_c.r1,sensitive
tgaggagtctgtacag_t10.a.r1,resistant
tgagggaagagtaact_c.r1,sensitive
tgagggaagcgggtta_t10.a.r1,resistant
tgagggaaggtgccaa_t10.a.r1,resistant
tgagggaagtctcctc_c.r1,sensitive
tgagggagtcgcgtca_c.r1,sensitive
tgagggagttaccttt_t10.a.r1,resistant
tgaggtttcattactc_c.r1,sensitive
tgagtcacactaccgg_t10.a.r1,resistant
tgagtcacatcaacca_c.r1,sensitive
tgagtcagtcgtcata_t10.a.r1,resistant
tgagtcatcctagctc_t10.a.r1,resistant
tgagtcatctgtccca_t10.a.r1,resistant
tgatcagagtaaatgc_t10.a.r1,resistant
tgatcagcaagcggat_c.r1,sensitive
tgatcttagtgattcc_t10.a.r1,resistant
tgatcttgttgtggcc_c.r1,sensitive
tgatcttgtttacttc_t10.a.r1,resistant
tgatcttgtttgttct_c.r1,sensitive
tgatctttcaagcttg_c.r1,sensitive
tgatgcagtagacaat_c.r1,sensitive
tgatggtagagcatta_t10.a.r1,resistant
tgatggtcatcgttcc_c.r1,sensitive
tgatggtgtaaggcca_c.r1,sensitive
tgatggttcttgcgct_c.r1,sensitive
tgattctagctgactt_c.r1,sensitive
tgattctcaccagcca_c.r1,sensitive
tgattctcaggcatga_t10.a.r1,resistant
tgattctgtctgtgat_t10.a.r1,resistant
tgattctgtgcaggat_c.r1,sensitive
tgatttccagctatac_t10.a.r1,resistant
tgatttccatccgaat_c.r1,sensitive
tgatttctccacacaa_c.r1,sensitive
tgcacggcactagagg_c.r1,sensitive
tgcacggcactcaagt_c.r1,sensitive
tgcacggcagaaaccg_c.r1,sensitive
tgcacggtcagcaatc_c.r1,sensitive
tgcagatagccgcttg_t10.a.r1,resistant
tgcagataggtaagag_c.r1,sensitive
tgcagatgtaccggct_t10.a.r1,resistant
tgcagatgtgtctaac_t10.a.r1,resistant
tgcagattcttagctt_c.r1,sensitive
tgcaggcaggcagtca_t10.a.r1,resistant
tgcaggccacaaagcg_t10.a.r1,resistant
tgcagtaagacagcgt_c.r1,sensitive
tgcagtagtcaaccat_c.r1,sensitive
tgcagtatccgaacgc_c.r1,sensitive
tgcatccagccgcact_c.r1,sensitive
tgcatcccaagagtat_c.r1,sensitive
tgcatccgtaacttcg_c.r1,sensitive
tgcatccgtaatgatg_t10.a.r1,resistant
tgcatccgtctacagt_t10.a.r1,resistant
tgcatccgttcttcat_t10.a.r1,resistant
tgcatcctcagcgtcg_t10.a.r1,resistant
tgcatcctctatgtgg_c.r1,sensitive
tgcatgaagataacac_c.r1,sensitive
tgcatgaagctcgacc_t10.a.r1,resistant
tgcatgaagtgcaacg_t10.a.r1,resistant
tgcatgacaatgtggg_c.r1,sensitive
tgcatgacacgcttaa_t10.a.r1,resistant
tgcatgacatcgctaa_c.r1,sensitive
tgcatgagtctgcata_t10.a.r1,resistant
tgcatgatcgcctcta_c.r1,sensitive
tgcatgatcttcttcc_c.r1,sensitive
tgccgagagagttgcg_c.r1,sensitive
tgccgagcacagcatt_c.r1,sensitive
tgccgaggtatggtaa_c.r1,sensitive
tgccgaggtgtcatgt_c.r1,sensitive
tgccgaggtgttacac_t10.a.r1,resistant
tgccgagtctcttaac_c.r1,sensitive
tgcgacgagcgagaaa_c.r1,sensitive
tgcgacgaggcctaag_c.r1,sensitive
tgcgacgcaagttcgt_c.r1,sensitive
tgcgacggtgcaataa_c.r1,sensitive
tgcgacggtgtattcg_t10.a.r1,resistant
tgcgacgtcgctgacg_t10.a.r1,resistant
tgcgataagacgccct_c.r1,sensitive
tgcgatatctatactc_t10.a.r1,resistant
tgcgatatctctcgac_t10.a.r1,resistant
tgcggcaagcgaatgc_c.r1,sensitive
tgcggcaagtacaaca_c.r1,sensitive
tgcggcacaagtggca_c.r1,sensitive
tgcggcacaatacctg_c.r1,sensitive
tgcggcacagcacaag_t10.a.r1,resistant
tgcggcacagtcgtta_t10.a.r1,resistant
tgcggcatcaaaggta_t10.a.r1,resistant
tgcggcatcatgcagt_c.r1,sensitive
tgcggcatcattgttc_t10.a.r1,resistant
tgctccaagaccataa_c.r1,sensitive
tgctccaagcaacagc_c.r1,sensitive
tgctccaagcatttcg_c.r1,sensitive
tgctccaagtcgcgaa_c.r1,sensitive
tgctccacacttacag_t10.a.r1,resistant
tgctccacagttctag_t10.a.r1,resistant
tgctccatctcaggcg_t10.a.r1,resistant
tgctccatctttgcgc_c.r1,sensitive
tgctcgtagttgtaag_t10.a.r1,resistant
tgctcgtcataccgta_c.r1,sensitive
tgctcgtgtcttacag_t10.a.r1,resistant
tgctcgttctttcagt_c.r1,sensitive
tgctgaaagaagctgc_c.r1,sensitive
tgctgaaagagtaact_t10.a.r1,resistant
tgctgaagtgtgctta_t10.a.r1,resistant
tgctgaatcccgtgag_c.r1,sensitive
tgctgaatctccgatc_c.r1,sensitive
tgcttcggtgatgaat_t10.a.r1,resistant
tgcttgcagtgcaggt_c.r1,sensitive
tgcttgcgttggatct_c.r1,sensitive
tggaactagctgacag_c.r1,sensitive
tggaactagtcattgc_c.r1,sensitive
tggaactgtccagcgt_t10.a.r1,resistant
tggaactgttcggacc_t10.a.r1,resistant
tggaactgttgcggct_t10.a.r1,resistant
tggaacttccacggac_t10.a.r1,resistant
tggaacttccattcat_c.r1,sensitive
tggaacttctgcgata_c.r1,sensitive
tggagagagaaggatg_t10.a.r1,resistant
tggagaggtctacaac_c.r1,sensitive
tggagaggttaggagc_c.r1,sensitive
tggagagtctagaacc_t10.a.r1,resistant
tggaggaagatacgat_c.r1,sensitive
tggaggaagctgttac_c.r1,sensitive
tggaggatcatctact_c.r1,sensitive
tggatcaagaggtcac_c.r1,sensitive
tggatcaaggaactat_c.r1,sensitive
tggatgtcagtagttc_c.r1,sensitive
tggatgtgtatcgcgc_t10.a.r1,resistant
tggatgttcaaccttt_t10.a.r1,resistant
tggcgtgagaggttat_c.r1,sensitive
tggcgtgcagagtgac_t10.a.r1,resistant
tggcgtgtccatctat_c.r1,sensitive
tggcgtgtcgaccata_c.r1,sensitive
tgggaagagcgtgttt_t10.a.r1,resistant
tgggaagcaagaggct_t10.a.r1,resistant
tgggaaggtggaatgc_c.r1,sensitive
tgggaagtccagtgta_c.r1,sensitive
tgggaagtcttacgtt_t10.a.r1,resistant
tgggagaagcggtaac_t10.a.r1,resistant
tgggagacaatctctt_c.r1,sensitive
tgggagagtagcacga_t10.a.r1,resistant
tgggagagtctcacgg_c.r1,sensitive
tgggagagttatggtc_t10.a.r1,resistant
tgggagatcactttgt_c.r1,sensitive
tgggagatctacaggt_c.r1,sensitive
tgggattagagtgtgc_t10.a.r1,resistant
tgggattcaagacggt_c.r1,sensitive
tgggatttcttctggc_t10.a.r1,resistant
tgggcgtcacaagttc_c.r1,sensitive
tgggcgtgtatcgatc_t10.a.r1,resistant
tgggcgtgttctcgct_t10.a.r1,resistant
tgggcgttccttgaag_t10.a.r1,resistant
tgggcgttcgcctatc_t10.a.r1,resistant
tgggctgagagtcacg_t10.a.r1,resistant
tgggctgcaggtgagt_t10.a.r1,resistant
tgggctgcattgactg_c.r1,sensitive
tgggctggttagctac_c.r1,sensitive
tgggctggttccacgg_c.r1,sensitive
tgggttaagtgtagta_c.r1,sensitive
tgggttacaagattga_t10.a.r1,resistant
tgggttagtacattgc_c.r1,sensitive
tgggttagttatgtgc_t10.a.r1,resistant
tggtacaagtgatagt_c.r1,sensitive
tggtacacaattgcca_c.r1,sensitive
tggtacagtgcccagt_t10.a.r1,resistant
tggtacatctagagct_c.r1,sensitive
tggtacatctctcgac_c.r1,sensitive
tggtagtagaccaaat_c.r1,sensitive
tggtagtagtaaccgg_t10.a.r1,resistant
tggtagtcacttcaga_t10.a.r1,resistant
tggtagtcagagaaag_t10.a.r1,resistant
tggtagttcgttcgct_c.r1,sensitive
tggtgatagatttgcc_t10.a.r1,resistant
tggtgatgtagacgtg_c.r1,sensitive
tggtgatgtagcgtcc_c.r1,sensitive
tggtgattcgccactt_c.r1,sensitive
tggttagcatccgcga_t10.a.r1,resistant
tggttagtcggataaa_c.r1,sensitive
tggttagtctcatgcc_c.r1,sensitive
tgtaacgtctcattac_t10.a.r1,resistant
tgtaagcagcatcaaa_t10.a.r1,resistant
tgtaagcagccggata_t10.a.r1,resistant
tgtaagcaggttcact_c.r1,sensitive
tgtaagccacgcggtt_t10.a.r1,resistant
tgtaagccacgtatac_c.r1,sensitive
tgtaagcgtcctccat_c.r1,sensitive
tgtaagcgtctacgta_c.r1,sensitive
tgtaagctcccattcg_t10.a.r1,resistant
tgtaagctccgggact_c.r1,sensitive
tgtacagagacttaag_t10.a.r1,resistant
tgtacagcaagtgctt_t10.a.r1,resistant
tgtacagcaccactgg_t10.a.r1,resistant
tgtacagcagctctgg_c.r1,sensitive
tgtacagcagttgaaa_c.r1,sensitive
tgtacagcatcagcgc_t10.a.r1,resistant
tgtacaggtactccgg_t10.a.r1,resistant
tgtacaggtggaatgc_t10.a.r1,resistant
tgtacaggtttagacc_t10.a.r1,resistant
tgtacagtccgggact_c.r1,sensitive
tgtagacagaccattc_t10.a.r1,resistant
tgtagacagttacgaa_c.r1,sensitive
tgtagaccagacccgt_t10.a.r1,resistant
tgtagacgtcagattc_t10.a.r1,resistant
tgtagacgtgaattag_c.r1,sensitive
tgtagactcaatcggt_c.r1,sensitive
tgtagactcattacgg_c.r1,sensitive
tgtagactcctacggg_t10.a.r1,resistant
tgtcagagtactcgat_c.r1,sensitive
tgtcagatcacgatac_t10.a.r1,resistant
tgtcagatcctaccgt_t10.a.r1,resistant
tgtccacgtaagtcaa_c.r1,sensitive
tgtccacgtggtaata_t10.a.r1,resistant
tgtccactctagcaac_c.r1,sensitive
tgtcccaaggatatac_t10.a.r1,resistant
tgtcccacaactcgat_c.r1,sensitive
tgtcccacaacttggt_t10.a.r1,resistant
tgtcccacaatctgca_c.r1,sensitive
tgtcccacagcttcct_t10.a.r1,resistant
tgtcccatccacggac_c.r1,sensitive
tgtcccatccgtagta_c.r1,sensitive
tgtcccatcgtcctca_t10.a.r1,resistant
tgtcctgagcctgtgc_t10.a.r1,resistant
tgtcctgaggacaaga_c.r1,sensitive
tgtcctgcaaaccgga_c.r1,sensitive
tgtcctggtaacaagt_t10.a.r1,resistant
tgtcctggtaacatcc_t10.a.r1,resistant
tgtcctggtgcccagt_c.r1,sensitive
tgtcctggttgggaca_t10.a.r1,resistant
tgtgagtagatcgctt_c.r1,sensitive
tgtgagtagatgggct_c.r1,sensitive
tgtgagtcacaaagcg_c.r1,sensitive
tgtgagtcatgccggt_t10.a.r1,resistant
tgtgagtcatgtgact_t10.a.r1,resistant
tgtgagtgtaacttcg_c.r1,sensitive
tgtgagttcctctagc_t10.a.r1,resistant
tgtgatgagagtcgac_c.r1,sensitive
tgtgatgcataggtaa_c.r1,sensitive
tgtgatggtgtaacgg_t10.a.r1,resistant
tgtgatgtcctctgca_t10.a.r1,resistant
tgtgcggcacttctcg_t10.a.r1,resistant
tgtgcgggtccaacgc_c.r1,sensitive
tgtgcgggtgccggtt_c.r1,sensitive
tgtgcgggtgtacagg_c.r1,sensitive
tgtggcgagacgccct_c.r1,sensitive
tgtggcggtccttgtc_c.r1,sensitive
tgtggcggtcgcgttg_t10.a.r1,resistant
tgtggcgtcaccacaa_c.r1,sensitive
tgtgtgacatcctcac_c.r1,sensitive
tgtgtgagtctcggac_t10.a.r1,resistant
tgtgtgagtgctcgtg_t10.a.r1,resistant
tgttactaggtaatca_c.r1,sensitive
tgttactagtaatacg_c.r1,sensitive
tgttactcaacgggta_t10.a.r1,resistant
tgttactgtttgttct_c.r1,sensitive
tgttacttctctgaga_c.r1,sensitive
tgttcataggttctac_c.r1,sensitive
tgttcatcacgcgcat_c.r1,sensitive
tgttcatgtaccatac_c.r1,sensitive
tgttccgaggttacct_c.r1,sensitive
tgttccgcacgttggc_c.r1,sensitive
tgttctaagataccaa_t10.a.r1,resistant
tgttctaagcgatgca_c.r1,sensitive
tgttctagtgcccagt_t10.a.r1,resistant
tgttctatccttaccg_t10.a.r1,resistant
tgttgagaggctccca_c.r1,sensitive
tgttgagcagtaggac_c.r1,sensitive
tgttgaggtagagtta_c.r1,sensitive
tgttgaggtcctcagg_t10.a.r1,resistant
tgttgaggtgcctacg_c.r1,sensitive
tgttgagtcgagtccg_c.r1,sensitive
tgttgagtctaacacg_t10.a.r1,resistant
tgttgagtctacctta_c.r1,sensitive
tgttggaagcctcata_t10.a.r1,resistant
tgttggaagtatgagt_c.r1,sensitive
tgttggagtccgcagt_c.r1,sensitive
tgttggatcatgcggc_t10.a.r1,resistant
tgtttgtcaggcacaa_c.r1,sensitive
tgtttgtgtgtcacat_t10.a.r1,resistant
tgtttgttcgccgaac_c.r1,sensitive
ttaatccagtcataga_c.r1,sensitive
ttaatcccacgcagtc_t10.a.r1,resistant
ttaatcccactacttt_c.r1,sensitive
ttaatcctcgcggtac_t10.a.r1,resistant
ttaatcctctcctgac_c.r1,sensitive
ttacaggagaagagca_t10.a.r1,resistant
ttacaggagcgtacag_t10.a.r1,resistant
ttacaggagcttctag_t10.a.r1,resistant
ttacaggcagaaaccg_c.r1,sensitive
ttacagggtaacccta_t10.a.r1,resistant
ttacagggttagggac_c.r1,sensitive
ttacagggttgttgtg_t10.a.r1,resistant
ttacaggtcagacatc_t10.a.r1,resistant
ttaccataggtcgtcc_t10.a.r1,resistant
ttaccattcgaaatcc_t10.a.r1,resistant
ttaccgcagaccctta_c.r1,sensitive
ttaccgcagcacgatg_t10.a.r1,resistant
ttaccgcagctagttc_t10.a.r1,resistant
ttaccgcaggcgatac_c.r1,sensitive
ttaccgccagagttct_t10.a.r1,resistant
ttaccgccagccatta_t10.a.r1,resistant
ttaccgcgttcatctt_t10.a.r1,resistant
ttaccgctcctacgaa_c.r1,sensitive
ttacgccagggcaact_c.r1,sensitive
ttacgcccacaatctg_c.r1,sensitive
ttacgccgtgcggata_t10.a.r1,resistant
ttacgccgtgtgtgtt_c.r1,sensitive
ttacgccgttgtatgc_t10.a.r1,resistant
ttacgcctcaactgac_t10.a.r1,resistant
ttacgcctcagtcttt_c.r1,sensitive
ttacgcctcgtaacca_c.r1,sensitive
ttacgttagcacctgc_c.r1,sensitive
ttacgttaggcccgtt_c.r1,sensitive
ttactgtagctggctc_c.r1,sensitive
ttactgtagggatgtc_t10.a.r1,resistant
ttactgtgtaaccagg_c.r1,sensitive
ttactgttctggtcaa_c.r1,sensitive
ttaggcagtcctccta_c.r1,sensitive
ttaggcatcatttcca_t10.a.r1,resistant
ttagggtcacattctt_c.r1,sensitive
ttagggtcaccagtta_c.r1,sensitive
ttagggtgtatacggg_c.r1,sensitive
ttagggtgtcatagtc_c.r1,sensitive
ttagggttcgtgtggc_c.r1,sensitive
ttagtctcaaagcgtg_c.r1,sensitive
ttagtctcaacctatg_t10.a.r1,resistant
ttagtctgtacatacc_c.r1,sensitive
ttagtctgtggctaga_c.r1,sensitive
ttattgcagcgtataa_t10.a.r1,resistant
ttattgcagtgcaaat_t10.a.r1,resistant
ttattgcagttgaaac_c.r1,sensitive
ttattgccaataccca_c.r1,sensitive
ttattgccacgtctct_c.r1,sensitive
ttattgccagaaccga_c.r1,sensitive
ttattgccagaatgta_c.r1,sensitive
ttattgcgtaacggtg_t10.a.r1,resistant
ttattgcgtgaacggt_t10.a.r1,resistant
ttattgctcttcgatt_c.r1,sensitive
ttcaatcaggagtatt_t10.a.r1,resistant
ttcaatccaggttccg_c.r1,sensitive
ttcaccgagtaggcca_t10.a.r1,resistant
ttcaccgcacccaagc_t10.a.r1,resistant
ttcaccggtgattcac_c.r1,sensitive
ttcaccgtcccgttgt_t10.a.r1,resistant
ttcaccgtccgcataa_c.r1,sensitive
ttcaccgtcgacacta_c.r1,sensitive
ttcacgcagcgttcat_c.r1,sensitive
ttcacgccataggagc_t10.a.r1,resistant
ttcacgccatcccact_c.r1,sensitive
ttcaggacaaaggtta_t10.a.r1,resistant
ttcaggatccacttta_c.r1,sensitive
ttcatgtaggtcacag_t10.a.r1,resistant
ttcatgtcagattaag_t10.a.r1,resistant
ttcatgtgtgcatttg_c.r1,sensitive
ttcatgtgttcttcat_t10.a.r1,resistant
ttcattgcaatcgaaa_t10.a.r1,resistant
ttcattggtgtccata_c.r1,sensitive
ttcattgtcaggaaat_c.r1,sensitive
ttcattgtctcttaac_t10.a.r1,resistant
ttccaatcaagctgcc_c.r1,sensitive
ttccaatcagggcttc_t10.a.r1,resistant
ttccaatcagttaggg_c.r1,sensitive
ttccaattcgctcatc_c.r1,sensitive
ttccacgagtagcata_c.r1,sensitive
ttccacgcaaggcaac_c.r1,sensitive
ttccacggtcgaatgg_t10.a.r1,resistant
ttccacggtgagccaa_t10.a.r1,resistant
ttccacgtcaacgcta_t10.a.r1,resistant
ttccggtagaatgttg_t10.a.r1,resistant
ttccggtagggttaat_c.r1,sensitive
ttccggtagtacgagc_t10.a.r1,resistant
ttccggtcaataccca_c.r1,sensitive
ttccggtgtagtcgga_t10.a.r1,resistant
ttccggttccgtgtaa_t10.a.r1,resistant
ttcctaagtagcgctc_c.r1,sensitive
ttcctaatcaagtctg_c.r1,sensitive
ttcctctagcaaccag_t10.a.r1,resistant
ttcctctagttgcatc_c.r1,sensitive
ttcctctcattcacag_c.r1,sensitive
ttcctctgtatcgcat_t10.a.r1,resistant
ttcctcttccacccta_c.r1,sensitive
ttcctcttctagtacg_c.r1,sensitive
ttccttcagacttcca_t10.a.r1,resistant
ttccttcagccagtag_t10.a.r1,resistant
ttccttcagtctctga_c.r1,sensitive
ttccttccagcagatg_c.r1,sensitive
ttccttcgtgacgcct_c.r1,sensitive
ttccttcgttgtttgg_c.r1,sensitive
ttccttctcctctaat_t10.a.r1,resistant
ttcgattcagacacag_t10.a.r1,resistant
ttcgattcagtgtgcc_c.r1,sensitive
ttcgattcatccgata_c.r1,sensitive
ttcgattgtcaccttc_c.r1,sensitive
ttcgattgtcttcatt_t10.a.r1,resistant
ttcgatttcgtttact_c.r1,sensitive
ttcgctgaggttccat_t10.a.r1,resistant
ttcgctgtcccgtgag_c.r1,sensitive
ttcggtcagagaatct_c.r1,sensitive
ttcggtcagcgtcaga_t10.a.r1,resistant
ttcggtcaggtaaact_c.r1,sensitive
ttcggtctcactcacc_c.r1,sensitive
ttcggtctcatgcagt_t10.a.r1,resistant
ttctaacagacggtca_t10.a.r1,resistant
ttctaacaggaggttc_c.r1,sensitive
ttctaacagttcctga_c.r1,sensitive
ttctaaccaagtgcag_t10.a.r1,resistant
ttctaaccagttggtt_t10.a.r1,resistant
ttctaacgttgtctag_c.r1,sensitive
ttctaacgttgtgtac_c.r1,sensitive
ttctaactcccgaacg_c.r1,sensitive
ttctaactcgcagatt_c.r1,sensitive
ttctagtcaacgcatt_c.r1,sensitive
ttctagtgtatagctc_t10.a.r1,resistant
ttctagttccgctagg_c.r1,sensitive
ttctagttctggagag_t10.a.r1,resistant
ttctctcagcaaggaa_c.r1,sensitive
ttctctccaaggtcag_c.r1,sensitive
ttctctccaggaacca_t10.a.r1,resistant
ttctctctctagaacc_c.r1,sensitive
ttctgtacaagctcta_c.r1,sensitive
ttctgtacagtatacc_t10.a.r1,resistant
ttctgtatcacccatc_c.r1,sensitive
ttctgtatcctgtaga_c.r1,sensitive
ttctgtatcggctata_c.r1,sensitive
ttctgtatctctccga_c.r1,sensitive
ttcttcccacccgtag_t10.a.r1,resistant
ttcttcctcaactgac_t10.a.r1,resistant
ttcttcctcgattccc_c.r1,sensitive
ttcttgaagtaattgg_c.r1,sensitive
ttcttgagtcttcatt_t10.a.r1,resistant
ttcttgagtcttggta_t10.a.r1,resistant
ttcttgagttcctaag_c.r1,sensitive
ttcttgatcgactcct_c.r1,sensitive
ttgaacgagctacaaa_c.r1,sensitive
ttgaacgcatagtcgt_t10.a.r1,resistant
ttgaacgtcaggaagc_c.r1,sensitive
ttgaacgtctagagct_t10.a.r1,resistant
ttgaccccaacagata_c.r1,sensitive
ttgaccctcactggta_c.r1,sensitive
ttgatggtcggccttt_c.r1,sensitive
ttgatggtctggccag_c.r1,sensitive
ttgcattgttcgcgtg_c.r1,sensitive
ttgcatttctcccatg_t10.a.r1,resistant
ttgcctgagttccatg_c.r1,sensitive
ttgcctgcagtcggtc_t10.a.r1,resistant
ttgcctggtggcactc_c.r1,sensitive
ttgcctgtcaatcggt_c.r1,sensitive
ttgcctgtccgagatt_c.r1,sensitive
ttgcctgtctgagatc_c.r1,sensitive
ttgcgtcagattgcgg_c.r1,sensitive
ttgcgtccagcacaga_c.r1,sensitive
ttgcgtccaggtccgt_t10.a.r1,resistant
ttgcgtcgtaacaagt_t10.a.r1,resistant
ttgcgtcgtccctaaa_t10.a.r1,resistant
ttgctgcaggtacagc_c.r1,sensitive
ttgctgcaggtgatat_c.r1,sensitive
ttgctgccaccgctga_t10.a.r1,resistant
ttgctgccaggcgaat_c.r1,sensitive
ttgctgcgtctgtgcg_t10.a.r1,resistant
ttgctgctcttagcag_c.r1,sensitive
ttggatgcatgtggtt_c.r1,sensitive
ttggatggtagacggt_t10.a.r1,resistant
ttggatggtggaacca_t10.a.r1,resistant
ttggatgtcttaccgc_t10.a.r1,resistant
ttgggatagtgagcca_t10.a.r1,resistant
ttgggatcaatgtggg_t10.a.r1,resistant
ttgggcgagattcgct_t10.a.r1,resistant
ttgggcgagcgtataa_c.r1,sensitive
ttgggcgaggataatc_t10.a.r1,resistant
ttgggcggtaggctcc_t10.a.r1,resistant
ttgggcggtcccgcaa_t10.a.r1,resistant
ttgggcgtccgcacga_c.r1,sensitive
ttgggcgtctaacgca_t10.a.r1,resistant
ttgggcgtctcttcaa_c.r1,sensitive
ttgggtaagccttctc_c.r1,sensitive
ttgggtaagttccggc_t10.a.r1,resistant
ttgggtagtttctatc_c.r1,sensitive
ttgggtatcatggatc_c.r1,sensitive
ttggtttagctttccc_c.r1,sensitive
ttggtttcaggtcaag_c.r1,sensitive
ttggtttcatcgttcc_c.r1,sensitive
ttggttttcacctacc_t10.a.r1,resistant
ttggttttccgaacgc_c.r1,sensitive
ttgtggaagttcaacc_c.r1,sensitive
ttgtggacagcacaag_t10.a.r1,resistant
ttgtggacatcgttcc_c.r1,sensitive
ttgtggatcaaaccca_c.r1,sensitive
ttgtggatctaagcca_c.r1,sensitive
ttgtgttagcgcaatg_t10.a.r1,resistant
ttgtgttcaaccgtgc_t10.a.r1,resistant
ttgtgttcacggcgtt_c.r1,sensitive
ttgttcaagaatctag_c.r1,sensitive
ttgttcaagacgcagt_t10.a.r1,resistant
ttgttcaaggccacct_c.r1,sensitive
ttgttcaagtgagcca_c.r1,sensitive
ttgttcacacagtatc_t10.a.r1,resistant
ttgttcacattgtacg_t10.a.r1,resistant
ttgttcagtacccgca_t10.a.r1,resistant
ttgttcatcgaggcaa_c.r1,sensitive
ttgttcatctccatat_c.r1,sensitive
ttgttgtcaccgtctt_c.r1,sensitive
ttgttgtgtggcttat_t10.a.r1,resistant
ttgttgtgttccaggc_c.r1,sensitive
ttgttgtgttgaatcc_c.r1,sensitive
ttgttgttccgcaaat_c.r1,sensitive
ttgtttgagtaggtta_c.r1,sensitive
ttgtttgtcagcattg_t10.a.r1,resistant
ttgtttgtcgcgtttc_c.r1,sensitive
ttgtttgtctttctag_t10.a.r1,resistant
tttaccaagcaattag_t10.a.r1,resistant
tttaccaagcgactag_t10.a.r1,resistant
tttaccacacctaaac_c.r1,sensitive
tttaccacagcagtcc_t10.a.r1,resistant
tttaccagtggtccgt_c.r1,sensitive
tttaccatcatcaccc_t10.a.r1,resistant
tttaccatcctcaggg_t10.a.r1,resistant
tttaccatcttagttc_t10.a.r1,resistant
tttacgtagacacacg_c.r1,sensitive
tttacgttccagcacg_c.r1,sensitive
tttacgttctatttcg_c.r1,sensitive
tttactgagttagtag_c.r1,sensitive
tttactggtgccgttg_c.r1,sensitive
tttactgtcaaagaca_c.r1,sensitive
tttagtcagcgatcga_t10.a.r1,resistant
tttagtccaaccgcca_c.r1,sensitive
tttagtccagaggact_c.r1,sensitive
tttagtcgtatagctc_c.r1,sensitive
tttagtcgtcacattg_t10.a.r1,resistant
tttagtcgttcctacc_c.r1,sensitive
tttatgccaacgactt_t10.a.r1,resistant
tttatgccagatgcga_c.r1,sensitive
tttatgccataacaga_c.r1,sensitive
tttatgcgtacgtgtt_t10.a.r1,resistant
tttatgctctcgtcgt_t10.a.r1,resistant
tttcacaagacttcca_c.r1,sensitive
tttcacaaggcctgaa_c.r1,sensitive
tttcacaagtctagaa_c.r1,sensitive
tttcacatcgatactg_c.r1,sensitive
tttcacatcgttctcg_t10.a.r1,resistant
tttcagtgtatagctc_c.r1,sensitive
tttcagtgtatgcttg_t10.a.r1,resistant
tttcagtgtcataaag_t10.a.r1,resistant
tttcagtgttgttgca_c.r1,sensitive
tttcagttcatgacac_t10.a.r1,resistant
tttcatgagatcgccc_c.r1,sensitive
tttcatgaggtgcttt_t10.a.r1,resistant
tttcatgagttcaacc_t10.a.r1,resistant
tttcatgcaacaacaa_c.r1,sensitive
tttcatgcactgagga_c.r1,sensitive
tttcatgcagctacat_t10.a.r1,resistant
tttcatggttgtgccg_t10.a.r1,resistant
tttcctcagtaggaag_t10.a.r1,resistant
tttcctccatcggaag_t10.a.r1,resistant
tttcgatagactctac_t10.a.r1,resistant
tttcgatgtgtttgca_c.r1,sensitive
tttcgattctaagcca_t10.a.r1,resistant
tttgactagtagaccg_c.r1,sensitive
tttgactcaacaagta_c.r1,sensitive
tttgactcaaccgatt_t10.a.r1,resistant
tttgactgttcgtaca_t10.a.r1,resistant
tttgacttccacggac_c.r1,sensitive
tttgatcagagcatcg_c.r1,sensitive
tttgatcagaggttat_c.r1,sensitive
tttgatcagcgttagg_c.r1,sensitive
tttgatccaaccctaa_c.r1,sensitive
tttgatcgtgttcgta_c.r1,sensitive
tttggagagaatcgat_c.r1,sensitive
tttggagagccgtcgt_t10.a.r1,resistant
tttggagcagcacaga_c.r1,sensitive
tttggaggtttatgcg_c.r1,sensitive
tttggttagatcgccc_t10.a.r1,resistant
tttggttagtgaggtc_c.r1,sensitive
tttggttcaacagctt_t10.a.r1,resistant
tttggttcacacagag_c.r1,sensitive
tttggttgtagacgtg_t10.a.r1,resistant
tttggtttctggttga_c.r1,sensitive
tttgttgagtcacact_c.r1,sensitive
tttgttgcaactcgat_c.r1,sensitive
aaacccaagtctgtac_t10.a.r2,resistant
aaacccacacgagaac_t10.a.r2,resistant
aaacccagtgtaaaca_t10.a.r2,resistant
aaacgaaagacttcgt_t10.a.r2,resistant
aaacgaaagcggctct_t10.a.r2,resistant
aaacgaagtaggatat_t10.a.r2,resistant
aaacgaagtagtcgga_c.r2,sensitive
aaacgaagttaagaca_c.r2,sensitive
aaacgaagttcaagtc_c.r2,sensitive
aaacgctagccagtag_c.r2,sensitive
aaacgctaggctccca_t10.a.r2,resistant
aaacgctagtcgttac_t10.a.r2,resistant
aaacgctgtgcttcaa_t10.a.r2,resistant
aaacgcttcgcgtttc_c.r2,sensitive
aaacgcttctgcgata_c.r2,sensitive
aaagaacgttacgtac_c.r2,sensitive
aaagaactccttatca_c.r2,sensitive
aaaggatagctgaagc_t10.a.r2,resistant
aaaggatcagggcttc_c.r2,sensitive
aaagggctcacttgtt_c.r2,sensitive
aaaggtaagcagccct_c.r2,sensitive
aaaggtacatcgatca_t10.a.r2,resistant
aaaggtagtaagctct_c.r2,sensitive
aaaggtagtcgatgcc_c.r2,sensitive
aaaggtatcaaaccca_c.r2,sensitive
aaaggtatcaatcagc_c.r2,sensitive
aaaggtatccgattag_t10.a.r2,resistant
aaagtccagatagtgt_t10.a.r2,resistant
aaagtccgtaacatag_c.r2,sensitive
aaagtccgtgctagcc_t10.a.r2,resistant
aaagtccgtgtaacgg_t10.a.r2,resistant
aaagtcctctatcgtt_t10.a.r2,resistant
aaagtcctcttcgatt_c.r2,sensitive
aaagtgacaaacacct_c.r2,sensitive
aaagtgacacataacc_c.r2,sensitive
aaagtgatcgtgtggc_c.r2,sensitive
aaatggacaatacgct_c.r2,sensitive
aaatggatcccgttgt_t10.a.r2,resistant
aacaaagagtgtcatc_c.r2,sensitive
aacaaaggtcgccaca_t10.a.r2,resistant
aacaaccgttccgctt_t10.a.r2,resistant
aacaacctcaacacca_c.r2,sensitive
aacaagacacgcaaag_t10.a.r2,resistant
aacaagatctagcaac_c.r2,sensitive
aacaagatctgtccgt_t10.a.r2,resistant
aacaagatcttgaacg_c.r2,sensitive
aacacacagagctgca_t10.a.r2,resistant
aacacacagataacac_t10.a.r2,resistant
aacacacagcgattct_t10.a.r2,resistant
aacacaccaacatcgt_t10.a.r2,resistant
aacacaccactggcca_t10.a.r2,resistant
aacacaccagctggtc_t10.a.r2,resistant
aacagggagacgtcga_t10.a.r2,resistant
aacagggcactaccct_c.r2,sensitive
aacagggcagtaggac_t10.a.r2,resistant
aacagggcagtcagcc_c.r2,sensitive
aacaggggtatggtaa_c.r2,sensitive
aacagggtctaattcc_c.r2,sensitive
aaccaacgtactgcgc_c.r2,sensitive
aaccaacgttgtcagt_c.r2,sensitive
aaccaactctgcgtct_t10.a.r2,resistant
aaccacacaatttcgg_c.r2,sensitive
aaccacatcacttgga_c.r2,sensitive
aaccacatcgtcagat_c.r2,sensitive
aaccacatctcgtcgt_t10.a.r2,resistant
aaccacatctcttgcg_c.r2,sensitive
aaccatgagtattgcc_t10.a.r2,resistant
aaccatgagtgtagat_c.r2,sensitive
aaccatggttaagaca_c.r2,sensitive
aacccaaagaatgttg_c.r2,sensitive
aacccaacatgacgtt_c.r2,sensitive
aacccaagtatgcttg_c.r2,sensitive
aacctgaagtaaggga_c.r2,sensitive
aacctgacataccatg_t10.a.r2,resistant
aacctgatcacagagg_c.r2,sensitive
aacctgatcttcgctg_t10.a.r2,resistant
aacctttagaaattgc_c.r2,sensitive
aacctttaggcaatgc_c.r2,sensitive
aacctttcagagtaat_c.r2,sensitive
aacctttcatcgatgt_c.r2,sensitive
aacctttgtagtccta_c.r2,sensitive
aaccttttcaagtgtc_t10.a.r2,resistant
aaccttttcccgttgt_t10.a.r2,resistant
aacgaaaagatcctac_t10.a.r2,resistant
aacgaaaagtaaatgc_c.r2,sensitive
aacgaaagtagtccta_c.r2,sensitive
aacgaaagttaaagtg_c.r2,sensitive
aacgggacacaatgtc_t10.a.r2,resistant
aacgggacatctgttt_c.r2,sensitive
aacgggagtaggactg_c.r2,sensitive
aacgggagtgcaacga_c.r2,sensitive
aacgggatctctctaa_t10.a.r2,resistant
aacgtcaagactgggt_c.r2,sensitive
aacgtcaagcaactct_c.r2,sensitive
aacgtcagtcaaatcc_t10.a.r2,resistant
aacgtcatcagcccag_c.r2,sensitive
aacgtcatccacaagt_t10.a.r2,resistant
aacttctgtgagaacc_c.r2,sensitive
aacttcttcattgagc_c.r2,sensitive
aacttcttcgtacctc_c.r2,sensitive
aagaacacaaatggat_c.r2,sensitive
aagaacacataccaca_t10.a.r2,resistant
aagaacagtggctctg_t10.a.r2,resistant
aagaacatccctctag_c.r2,sensitive
aagacaaagaaactac_t10.a.r2,resistant
aagacaatcctttgat_c.r2,sensitive
aagacaatcgacgaga_c.r2,sensitive
aagactcagtacaaca_c.r2,sensitive
aagactctcacaccct_c.r2,sensitive
aagatagtcaatgtcg_c.r2,sensitive
aagatagtcacgagga_c.r2,sensitive
aagcatcagcacacag_t10.a.r2,resistant
aagcatcagccttgat_c.r2,sensitive
aagcatccacagtatc_c.r2,sensitive
aagcatccactgattg_t10.a.r2,resistant
aagcatcgtaatgtga_t10.a.r2,resistant
aagcatcgtatcgcta_c.r2,sensitive
aagcatctccaagcat_c.r2,sensitive
aagccatcaagtcatc_t10.a.r2,resistant
aagccatgtcgccaca_c.r2,sensitive
aagccatgtctgtcaa_t10.a.r2,resistant
aagccatgtgaattag_c.r2,sensitive
aagcgagcacatgaaa_c.r2,sensitive
aagcgaggtagtcgtt_t10.a.r2,resistant
aagcgaggtcaaccat_t10.a.r2,resistant
aagcgaggtgtattcg_c.r2,sensitive
aagcgaggttgtccct_t10.a.r2,resistant
aagcgagtcgaggcaa_c.r2,sensitive
aagcgttcaagctact_c.r2,sensitive
aagcgttcagagaaag_t10.a.r2,resistant
aagcgttcatatgaag_t10.a.r2,resistant
aagcgttgttgatgtc_t10.a.r2,resistant
aagcgttgtttagacc_c.r2,sensitive
aagcgtttcgccgtga_c.r2,sensitive
aaggaatagctacaaa_t10.a.r2,resistant
aaggaatcatccgata_t10.a.r2,resistant
aaggaattccgttgaa_c.r2,sensitive
aaggtaacacataacc_c.r2,sensitive
aaggtaatctctgctg_c.r2,sensitive
aagtacccagacctat_t10.a.r2,resistant
aagtcgtagctgaccc_t10.a.r2,resistant
aagtcgtcatcctgtc_t10.a.r2,resistant
aagtcgtgtggatacg_t10.a.r2,resistant
aagtcgtgttctcgtc_t10.a.r2,resistant
aagtcgttccaatccc_c.r2,sensitive
aagtcgttcccattta_t10.a.r2,resistant
aagtcgttcgaagcag_c.r2,sensitive
aagtgaaagacaagcc_t10.a.r2,resistant
aagtgaaagtcaagcg_c.r2,sensitive
aagtgaagtatgaagt_c.r2,sensitive
aagtgaatcaccctca_t10.a.r2,resistant
aagtgaatcgacatca_t10.a.r2,resistant
aagtgaatcttcggtc_c.r2,sensitive
aagttcgagcactcat_t10.a.r2,resistant
aagttcggtatgcaaa_c.r2,sensitive
aagttcgtcctagagt_t10.a.r2,resistant
aagttcgtcctttagt_c.r2,sensitive
aagttcgtcttctggc_c.r2,sensitive
aatagagagctcgcac_t10.a.r2,resistant
aatagagaggcttccg_c.r2,sensitive
aatagagaggtgagaa_c.r2,sensitive
aatagagcagagatta_t10.a.r2,resistant
aatagaggtcactcgg_c.r2,sensitive
aatagagtcacttgtt_t10.a.r2,resistant
aatagagtcaggagac_c.r2,sensitive
aatagagtctcaccca_c.r2,sensitive
aatcacgagagggcga_c.r2,sensitive
aatcacgcaatagtag_c.r2,sensitive
aatcacggtggcactc_t10.a.r2,resistant
aatcacgtcatgacac_c.r2,sensitive
aatcgactcgaagccc_c.r2,sensitive
aatcgactcgtagtgt_t10.a.r2,resistant
aatcgtgcacagtcat_c.r2,sensitive
aatcgtgcatgatgct_t10.a.r2,resistant
aatcgtggtaagttag_t10.a.r2,resistant
aatgaagcaccctcta_t10.a.r2,resistant
aatgaagtccgaggct_t10.a.r2,resistant
aatgaccaggaagtcc_c.r2,sensitive
aatgacccattgcttt_c.r2,sensitive
aatgccagtacgtgag_c.r2,sensitive
aatgccagtctaggcc_t10.a.r2,resistant
aatgccagtgacgcct_c.r2,sensitive
aatgccatcaacacca_t10.a.r2,resistant
aatggaacaggcacaa_t10.a.r2,resistant
aatggaagtcctacaa_c.r2,sensitive
aatggaatcagcaccg_c.r2,sensitive
aatggaatcctttgat_t10.a.r2,resistant
aatggctagcaaatca_t10.a.r2,resistant
aatggctgtagagatt_t10.a.r2,resistant
aatggctgtgcttcaa_t10.a.r2,resistant
aatggctgttagggtg_c.r2,sensitive
aatggcttcggaactt_c.r2,sensitive
aattcctagaccaaat_t10.a.r2,resistant
aattcctagctgagca_c.r2,sensitive
aattcctgtttctatc_c.r2,sensitive
aatttccagctgagtg_c.r2,sensitive
aatttccgttgagagc_t10.a.r2,resistant
aatttcctcccattta_c.r2,sensitive
acaaagaagcttacgt_c.r2,sensitive
acaaagagttcgattg_c.r2,sensitive
acaaagatcatggtac_c.r2,sensitive
acaaccatccctgttg_c.r2,sensitive
acaagctcatgcggtc_t10.a.r2,resistant
acaagctgtttacacg_t10.a.r2,resistant
acacagtcactggcgt_c.r2,sensitive
acacagtgtccagaag_t10.a.r2,resistant
acacagtgtgcatgag_c.r2,sensitive
acacagttcgaaatcc_c.r2,sensitive
acaccaacaggtccgt_c.r2,sensitive
acaccaagttcgtgcg_c.r2,sensitive
acaccaatcgacattg_c.r2,sensitive
acaccaatcgccagac_t10.a.r2,resistant
acacgcgaggctttca_c.r2,sensitive
acacgcggtagcgtag_t10.a.r2,resistant
acacgcgtctcaaagc_c.r2,sensitive
acacgcgtctgggtcg_c.r2,sensitive
acactgacaagttcgt_t10.a.r2,resistant
acactgacatcggaag_c.r2,sensitive
acactgatcaaaggta_t10.a.r2,resistant
acactgatccacgtaa_c.r2,sensitive
acagaaacaggacatg_c.r2,sensitive
acagaaagtagctcgc_t10.a.r2,resistant
acagaaagtgagaggg_c.r2,sensitive
acagaaatcaagtggg_t10.a.r2,resistant
acagaaatcatgaggg_c.r2,sensitive
acagccgaggtcgcct_c.r2,sensitive
acagccgaggtcgtag_c.r2,sensitive
acagccgcacagcatt_c.r2,sensitive
acagccgtcccgttgt_c.r2,sensitive
acagccgtcgcggact_t10.a.r2,resistant
acagggacagaaccga_t10.a.r2,resistant
acagggacagaggaaa_t10.a.r2,resistant
acagggagtcaggtga_t10.a.r2,resistant
acagggatcaaggacg_t10.a.r2,resistant
acagggatcgcgtgca_c.r2,sensitive
acatccccagaccaag_c.r2,sensitive
acatcccgtctgtaac_c.r2,sensitive
acatccctcgtgagag_c.r2,sensitive
acatccctctaacgca_c.r2,sensitive
acatccctctggtgcg_c.r2,sensitive
acatcgaagccgatag_c.r2,sensitive
acatcgaagcttcgta_c.r2,sensitive
acatcgagttactcag_t10.a.r2,resistant
acatcgagttgatgtc_c.r2,sensitive
acatcgatctccctag_c.r2,sensitive
acatgcatcaactgac_t10.a.r2,resistant
acatttccaggaggtt_c.r2,sensitive
acatttccattgacac_c.r2,sensitive
acatttcgtaagattg_c.r2,sensitive
acatttctcaaagaca_c.r2,sensitive
accaaaccaagtcgtt_c.r2,sensitive
accaaaccaggtcaga_c.r2,sensitive
accaaacgttcgtgcg_t10.a.r2,resistant
accaaactccacgggt_t10.a.r2,resistant
accaacaaggaagaac_t10.a.r2,resistant
accaacacaccctcta_c.r2,sensitive
accaacacagcaagac_t10.a.r2,resistant
accaacagtgtggtcc_c.r2,sensitive
accacaacaagtccat_c.r2,sensitive
accatttaggttacct_c.r2,sensitive
accatttagtacgagc_c.r2,sensitive
accatttcacacttag_c.r2,sensitive
acccaaaaggaagaac_t10.a.r2,resistant
acccaaacacagctgc_t10.a.r2,resistant
acccaaacaccttcca_t10.a.r2,resistant
acccaaacataggttc_t10.a.r2,resistant
acccaaacatgataga_t10.a.r2,resistant
acccaaagtaggactg_t10.a.r2,resistant
acccaaagttgcattg_t10.a.r2,resistant
acccaaatcgtaggga_t10.a.r2,resistant
accctcaagctttccc_c.r2,sensitive
accctcaagtagtctc_c.r2,sensitive
accctcacacatactg_t10.a.r2,resistant
accctcagtcaaggca_t10.a.r2,resistant
acccttgagggcctct_c.r2,sensitive
acccttgcagacaaat_c.r2,sensitive
acccttgcaggatgac_t10.a.r2,resistant
acccttgcagtagagc_c.r2,sensitive
acccttggtgcttatg_t10.a.r2,resistant
acccttggtttgggag_c.r2,sensitive
acccttgtctagcaac_c.r2,sensitive
acccttgtctggcctt_c.r2,sensitive
accgttcagcctcttc_t10.a.r2,resistant
accgttcagtaaagct_t10.a.r2,resistant
accgttccatcacggc_t10.a.r2,resistant
accgttcgttggtact_t10.a.r2,resistant
accgttctctcggtaa_c.r2,sensitive
acctaccagattgggc_t10.a.r2,resistant
acctacccatgtgcta_t10.a.r2,resistant
acctgaaagcttgtgt_c.r2,sensitive
acctgaaagtcgttac_c.r2,sensitive
acctgaacaactggtt_t10.a.r2,resistant
acctgaagtctttcat_c.r2,sensitive
acctgtcagttccatg_c.r2,sensitive
acctgtccagcgacct_c.r2,sensitive
acctgtctcgtacaca_t10.a.r2,resistant
acgatcaagagcctga_c.r2,sensitive
acgatcaagcgccttg_t10.a.r2,resistant
acgatcaaggatcata_c.r2,sensitive
acgatcacactaggtt_t10.a.r2,resistant
acgatcagtcacttcc_t10.a.r2,resistant
acgatgtagtagaatc_t10.a.r2,resistant
acgatgtgtgacctgc_c.r2,sensitive
acgatgttcggaaggt_c.r2,sensitive
acgcacgagagtgtgc_c.r2,sensitive
acgcacgagtcccaat_t10.a.r2,resistant
acgcacgcagcatcta_t10.a.r2,resistant
acgcacgtcactgctc_c.r2,sensitive
acgcacgtcgacacta_c.r2,sensitive
acggaagagcagtacg_c.r2,sensitive
acggaagagcagtctt_t10.a.r2,resistant
acggaagcaaatgctc_c.r2,sensitive
acggaagcagaagcgt_c.r2,sensitive
acggaaggtagctaaa_c.r2,sensitive
acggaaggtgggattg_t10.a.r2,resistant
acggaagtcctactgc_c.r2,sensitive
acggaagtcgtagtgt_t10.a.r2,resistant
acgggtcgtgcatttg_c.r2,sensitive
acgggtctcattgccc_t10.a.r2,resistant
acggtcgaggcgctct_t10.a.r2,resistant
acggtcgcaaagcgtg_t10.a.r2,resistant
acggtcgcacaaatag_c.r2,sensitive
acggtcgcagagatta_t10.a.r2,resistant
acggtcgcatcacagt_t10.a.r2,resistant
acggtcggtcgacgct_c.r2,sensitive
acggtcggtcggtaag_c.r2,sensitive
acggtcggttgtcatg_t10.a.r2,resistant
acggtcgtctcgcagg_c.r2,sensitive
acggttaaggtcgaca_t10.a.r2,resistant
acggttatctgcctgt_c.r2,sensitive
acgtaacagctatcca_c.r2,sensitive
acgtaactcctcatat_t10.a.r2,resistant
acgtaactctcaatct_c.r2,sensitive
acgtacaagctcttcc_c.r2,sensitive
acgtacagtacttgtg_c.r2,sensitive
acgtacagtcggtgtc_t10.a.r2,resistant
acgtagtagctaatcc_c.r2,sensitive
acgtagtaggatatgt_t10.a.r2,resistant
acgtagtagtaaggga_c.r2,sensitive
acgtagtagttagaac_c.r2,sensitive
acgtagtgtaacatga_t10.a.r2,resistant
acgtcctagaggttat_c.r2,sensitive
acgtcctagcctttga_t10.a.r2,resistant
acgtcctagtcatcgt_t10.a.r2,resistant
acgttcccaatctctt_c.r2,sensitive
acgttccgtagttaga_t10.a.r2,resistant
acgttccgtctcgggt_t10.a.r2,resistant
acgttccgtcttacag_c.r2,sensitive
acgttccgtggtttac_c.r2,sensitive
acgttccgttgccaat_t10.a.r2,resistant
actacgaagcctcacg_c.r2,sensitive
actacgaagtgctcat_t10.a.r2,resistant
actacgacaatctgca_c.r2,sensitive
actacgacacaaccgc_t10.a.r2,resistant
actacgacaggctctg_c.r2,sensitive
actacgacagggagag_c.r2,sensitive
actacgatcatttacc_c.r2,sensitive
actatctaggcccgtt_t10.a.r2,resistant
actatctaggtaaagg_t10.a.r2,resistant
actatctcactgcacg_c.r2,sensitive
actatcttccagtgta_t10.a.r2,resistant
actatggaggttccgc_t10.a.r2,resistant
actatggcactttagg_t10.a.r2,resistant
actatgggtgtttgca_c.r2,sensitive
actatgggttgcacgc_t10.a.r2,resistant
actatggtccacgtgg_c.r2,sensitive
actattcaggaagaac_t10.a.r2,resistant
actattccaatcaaga_c.r2,sensitive
actattcgtgaggcat_c.r2,sensitive
actattctctagtacg_c.r2,sensitive
actattctcttagctt_c.r2,sensitive
actcccaaggagtctg_t10.a.r2,resistant
actcccagtcgttatg_t10.a.r2,resistant
actcccagtttcagac_c.r2,sensitive
actcccatccttcgac_t10.a.r2,resistant
actctcgagataacgt_c.r2,sensitive
actctcgcatcgaact_c.r2,sensitive
actctcggtaggtttc_c.r2,sensitive
actctcgtcagagcag_t10.a.r2,resistant
actctcgtcgaccata_c.r2,sensitive
actgatggttaagtcc_t10.a.r2,resistant
actgatgtcgccgatg_c.r2,sensitive
actgatgtctcgcgtt_t10.a.r2,resistant
actgcaaagaagccac_t10.a.r2,resistant
actgcaagtagagctg_c.r2,sensitive
actgcaatcatcgtag_t10.a.r2,resistant
actgtccaggcccgtt_t10.a.r2,resistant
actgtcccacaatctg_t10.a.r2,resistant
actgtcccaccataac_c.r2,sensitive
actgtcccagagttgg_t10.a.r2,resistant
actgtcccattgaggg_c.r2,sensitive
actgtccgtagagtta_c.r2,sensitive
actgtcctcaaagcct_t10.a.r2,resistant
actgtcctcagggatg_c.r2,sensitive
actgtcctcgtggaag_c.r2,sensitive
actgtcctctggcctt_t10.a.r2,resistant
actgtgaagggcaact_c.r2,sensitive
acttaggagtagcaat_t10.a.r2,resistant
acttaggagtcttccc_c.r2,sensitive
acttaggcacatccct_t10.a.r2,resistant
acttaggcagcagaac_c.r2,sensitive
acttaggcatcgcctt_c.r2,sensitive
acttagggtacgattc_t10.a.r2,resistant
acttagggtctctcca_t10.a.r2,resistant
acttagggtgcaagac_t10.a.r2,resistant
acttagggttggtact_t10.a.r2,resistant
acttatccaacgttac_c.r2,sensitive
acttatcgtatcccaa_c.r2,sensitive
acttatctccctctag_t10.a.r2,resistant
acttccgagcaacttc_c.r2,sensitive
acttccgcaaagcacg_c.r2,sensitive
acttccgcaataaggt_t10.a.r2,resistant
acttccgcacatagct_c.r2,sensitive
acttccgcagctgtcg_t10.a.r2,resistant
acttccggtctgatca_c.r2,sensitive
acttccggtgagtagc_c.r2,sensitive
acttccggtgctgatt_c.r2,sensitive
acttcgcaggacccaa_t10.a.r2,resistant
acttcgccaccactgg_c.r2,sensitive
acttcgccactaacca_t10.a.r2,resistant
acttcgccatgggtcc_t10.a.r2,resistant
acttcgctcgtctacc_c.r2,sensitive
actttcacagctaccg_t10.a.r2,resistant
actttcagtatgaagt_c.r2,sensitive
actttcagtggcctca_c.r2,sensitive
actttcatcggtgcac_t10.a.r2,resistant
actttcatctcttgcg_c.r2,sensitive
actttgtgtagggtac_t10.a.r2,resistant
actttgttcacacgat_t10.a.r2,resistant
agaaatgaggaactcg_c.r2,sensitive
agaaatgagtgaggct_c.r2,sensitive
agaaatgcaatgttgc_c.r2,sensitive
agaaatgcaattcttc_c.r2,sensitive
agaaatgtcgagcacc_t10.a.r2,resistant
agaacaacactacttt_c.r2,sensitive
agaacaacattgcttt_t10.a.r2,resistant
agaacctagtgctact_c.r2,sensitive
agaacctcagcagttt_t10.a.r2,resistant
agaacctgtaggtagc_c.r2,sensitive
agaagcggtgactcta_c.r2,sensitive
agaagcggtgattaga_t10.a.r2,resistant
agaagtaagcatgaat_c.r2,sensitive
agaagtaagggatctg_t10.a.r2,resistant
agaagtagtacagagc_t10.a.r2,resistant
agaagtagtcctgttc_t10.a.r2,resistant
agaagtatcgaaatcc_c.r2,sensitive
agacaaacaaccgctg_c.r2,sensitive
agacaaagtaacatga_c.r2,sensitive
agacaaagtaccaatc_c.r2,sensitive
agacaaagttcgagcc_c.r2,sensitive
agacaaatcaccatga_t10.a.r2,resistant
agacaaatctcaacga_t10.a.r2,resistant
agacactgtgccgaaa_c.r2,sensitive
agacacttctcaatct_t10.a.r2,resistant
agacaggagcctttcc_c.r2,sensitive
agacaggagctaaatg_c.r2,sensitive
agacaggaggtaaact_c.r2,sensitive
agacagggtttacacg_c.r2,sensitive
agaccatagcattgaa_c.r2,sensitive
agaccatagcgttccg_t10.a.r2,resistant
agaccatcatgacact_t10.a.r2,resistant
agaccattccgcataa_t10.a.r2,resistant
agacccgcaccagcgt_c.r2,sensitive
agacccggtcgaacag_t10.a.r2,resistant
agacccggtgactcta_c.r2,sensitive
agactcaagatgtagt_t10.a.r2,resistant
agactcacattgtcga_c.r2,sensitive
agactcagtggtctta_c.r2,sensitive
agactcagttatagcc_c.r2,sensitive
agagaatgttctcacc_t10.a.r2,resistant
agagaattctgcttta_c.r2,sensitive
agagagcagtttgctg_t10.a.r2,resistant
agagagccaggcttgc_c.r2,sensitive
agagagctcactgttt_t10.a.r2,resistant
agagagctctggccag_t10.a.r2,resistant
agagcagcaactggtt_c.r2,sensitive
agagcagcactggcca_t10.a.r2,resistant
agagcaggtgagtagc_t10.a.r2,resistant
agagcagtcaggacag_c.r2,sensitive
agagcagtccgtatga_t10.a.r2,resistant
agagcagtcttgcaag_c.r2,sensitive
agagcccagcactcgc_t10.a.r2,resistant
agagccccaggaggtt_t10.a.r2,resistant
agagccccattgcttt_c.r2,sensitive
agagcccgtctgtcaa_c.r2,sensitive
agatagacaagtccat_t10.a.r2,resistant
agatagagttatagag_c.r2,sensitive
agatagatctgattct_c.r2,sensitive
agatagatcttcgatt_c.r2,sensitive
agatccatccttctaa_c.r2,sensitive
agatcgtgtctgcaat_t10.a.r2,resistant
agatcgtgtgactgag_t10.a.r2,resistant
agatcgtgtgtgatgg_c.r2,sensitive
agatcgtgttgccgca_c.r2,sensitive
agatgaagtctaggtt_t10.a.r2,resistant
agatgaatcacagtgt_t10.a.r2,resistant
agatgaatcacccatc_t10.a.r2,resistant
agatgctaggtccgaa_c.r2,sensitive
agatgctcaccgctga_t10.a.r2,resistant
agatgctcagagatgc_c.r2,sensitive
agatgctgtcataaag_t10.a.r2,resistant
agatgctgtcatcaca_c.r2,sensitive
agcatcacagccttct_t10.a.r2,resistant
agcatcagtatctcga_t10.a.r2,resistant
agccaataggaacgtc_c.r2,sensitive
agccaatcacatcatg_c.r2,sensitive
agccaatgtgattaga_c.r2,sensitive
agccaatgtgcctaat_t10.a.r2,resistant
agccaattcatttcca_c.r2,sensitive
agccacgcacggtaga_t10.a.r2,resistant
agccacgcattgaaag_c.r2,sensitive
agccacgtccaacaca_c.r2,sensitive
agccagctcgaaccta_c.r2,sensitive
agcgattcaggcactc_t10.a.r2,resistant
agcgccaaggtcctgc_t10.a.r2,resistant
agcgccacagtctggc_c.r2,sensitive
agcgccagtggatcga_t10.a.r2,resistant
agcgccatcgccactt_c.r2,sensitive
agcgccatcggctgtg_t10.a.r2,resistant
agcgctgagtggaaga_c.r2,sensitive
agcgctgcagaaaccg_c.r2,sensitive
agcgctggtgactatc_t10.a.r2,resistant
agcgctggtggctctg_c.r2,sensitive
agcgctgtccatactt_c.r2,sensitive
agcgtatcaatttcct_t10.a.r2,resistant
agcgtatgtacagtct_t10.a.r2,resistant
agcgtatgtctcccta_c.r2,sensitive
agcgtatgttagttcg_c.r2,sensitive
agcgtcgcagagaggg_c.r2,sensitive
agcgtcgcagcagtga_t10.a.r2,resistant
agcgtcgcatgacagg_t10.a.r2,resistant
agcgtcggttcaggtt_c.r2,sensitive
agctacacatcatccc_c.r2,sensitive
agctcaatcccgttgt_t10.a.r2,resistant
agcttccgttacgatc_c.r2,sensitive
agcttccgtttgccgg_c.r2,sensitive
aggaaatagccggata_t10.a.r2,resistant
aggaaattccttatgt_c.r2,sensitive
aggaaattctagcctc_t10.a.r2,resistant
aggaataagtcctgta_c.r2,sensitive
aggaatacacttgaca_c.r2,sensitive
aggaatagtagcgttt_t10.a.r2,resistant
aggacgacaaagggct_t10.a.r2,resistant
aggacttgtttagaga_c.r2,sensitive
aggactttcattacct_t10.a.r2,resistant
aggaggtcaggatctt_t10.a.r2,resistant
aggaggtgtactcgat_c.r2,sensitive
aggaggttcatttcgt_c.r2,sensitive
aggaggttctaattcc_t10.a.r2,resistant
aggataaagagtatac_c.r2,sensitive
aggataaaggcttaaa_c.r2,sensitive
aggataagtgtccata_t10.a.r2,resistant
aggataatcagggatg_c.r2,sensitive
aggatctagacctcat_c.r2,sensitive
aggatctagatcgacg_c.r2,sensitive
aggatctaggttagta_t10.a.r2,resistant
aggatcttcaagcccg_t10.a.r2,resistant
aggatcttcagatgct_c.r2,sensitive
aggatcttcgatggag_c.r2,sensitive
aggatcttctacactt_t10.a.r2,resistant
aggcattcactaccct_c.r2,sensitive
aggcattcataatccg_c.r2,sensitive
aggcatttcggatact_c.r2,sensitive
aggccacaggtgatat_c.r2,sensitive
aggccacagtaaactg_c.r2,sensitive
aggccaccagttccaa_t10.a.r2,resistant
aggctgctccgtggtg_c.r2,sensitive
aggctgctcgctctac_c.r2,sensitive
agggagtgtggctacc_t10.a.r2,resistant
agggagttcgtcgctt_t10.a.r2,resistant
agggccttcatagcac_t10.a.r2,resistant
agggctccatcgttcc_c.r2,sensitive
agggctcgtctacaac_c.r2,sensitive
agggctctcaatcttc_t10.a.r2,resistant
agggctctcctaaacg_c.r2,sensitive
agggctctcctgctac_t10.a.r2,resistant
agggtccagatcggtg_c.r2,sensitive
agggtccagcctgtcg_t10.a.r2,resistant
agggtcccacacctaa_c.r2,sensitive
agggtccgtctaggcc_c.r2,sensitive
agggtgaagcgaatgc_c.r2,sensitive
agggtgaagtcttcga_c.r2,sensitive
agggtgagtgagcagt_t10.a.r2,resistant
aggtaggagcaattcc_t10.a.r2,resistant
aggtcatcacagacga_c.r2,sensitive
aggtcatcagcacacc_c.r2,sensitive
aggtcatgtagtggca_t10.a.r2,resistant
aggtcattcgttcgct_c.r2,sensitive
aggtctaagatcactc_t10.a.r2,resistant
aggtctagttaagcaa_c.r2,sensitive
aggtctatcctagagt_c.r2,sensitive
aggtgttcaaatgaac_c.r2,sensitive
aggtgttcaatgcaaa_c.r2,sensitive
aggtgttcacatatgc_t10.a.r2,resistant
aggtgttgtacctagt_t10.a.r2,resistant
aggtgttgtctgcctt_t10.a.r2,resistant
aggttactcggctata_t10.a.r2,resistant
aggttactctcaaagc_c.r2,sensitive
aggttactcttcgacc_c.r2,sensitive
aggttgtagagcagaa_c.r2,sensitive
aggttgtgttaggctt_c.r2,sensitive
aggttgttcttcccag_t10.a.r2,resistant
agtaaccagctgtgcc_t10.a.r2,resistant
agtaacccaatgcagg_c.r2,sensitive
agtaaccgtggctgct_c.r2,sensitive
agtaacctccatagac_t10.a.r2,resistant
agtaccaagttggcga_c.r2,sensitive
agtaccacagatcact_t10.a.r2,resistant
agtaccagttccgctt_c.r2,sensitive
agtaccatccttctgg_t10.a.r2,resistant
agtactgcacttgaca_c.r2,sensitive
agtactggtgtgctta_c.r2,sensitive
agtagctcatcccgtt_c.r2,sensitive
agtagctgttccgcag_c.r2,sensitive
agtagctgttgtccct_t10.a.r2,resistant
agtagcttcatgagaa_t10.a.r2,resistant
agtagtcaggaatcgc_t10.a.r2,resistant
agtagtcaggcgttga_c.r2,sensitive
agtagtcaggtcgtag_c.r2,sensitive
agtagtccaatcctag_t10.a.r2,resistant
agtagtcgtacaagta_c.r2,sensitive
agtagtcgtctactga_t10.a.r2,resistant
agtagtcgtgtccacg_c.r2,sensitive
agtcaacagatccaaa_t10.a.r2,resistant
agtcaacaggtgagaa_c.r2,sensitive
agtcaacagtctgcgc_c.r2,sensitive
agtcaacagtgaggct_c.r2,sensitive
agtcaacgtaattagg_c.r2,sensitive
agtcaacgtcacgctg_c.r2,sensitive
agtcaactcaagtaag_c.r2,sensitive
agtcacaagttcggtt_c.r2,sensitive
agtcacacagcgaaca_c.r2,sensitive
agtcacacatcaccaa_c.r2,sensitive
agtcacatccgcctat_c.r2,sensitive
agtcacatctacaggt_c.r2,sensitive
agtcacatctgctaga_c.r2,sensitive
agtcatgcaccctagg_t10.a.r2,resistant
agtcatgtcatcgggc_t10.a.r2,resistant
agtctccagcactcat_c.r2,sensitive
agtctccagcgactga_c.r2,sensitive
agtctccagttatgga_c.r2,sensitive
agtctccgtatgacaa_t10.a.r2,resistant
agtctccgttatggtc_t10.a.r2,resistant
agtctcctcatgccgg_c.r2,sensitive
agtgactaggatggct_c.r2,sensitive
agtgactcaaggcctc_t10.a.r2,resistant
agtgactgtttacttc_c.r2,sensitive
agtgatcgtccatctc_t10.a.r2,resistant
agtgatcgtggaccaa_c.r2,sensitive
agtgccgcacccttgt_t10.a.r2,resistant
agtgccgcactaccgg_c.r2,sensitive
agtgttgtcatttggg_t10.a.r2,resistant
agtgttgtccgatagt_c.r2,sensitive
agtgttgtccttcagc_c.r2,sensitive
agttagcaggatgcgt_c.r2,sensitive
agttagcagtaggtta_t10.a.r2,resistant
agttagcgtttcgttt_c.r2,sensitive
agttagctccgatgta_t10.a.r2,resistant
agttcccagaaggtag_t10.a.r2,resistant
agttcccagctactgt_t10.a.r2,resistant
agttcccaggctctat_c.r2,sensitive
agttccccagggcttc_t10.a.r2,resistant
agttccctcgctccta_c.r2,sensitive
agttcgacacccaacg_c.r2,sensitive
agttcgacagccgtca_t10.a.r2,resistant
agttcgagtatcgcgc_c.r2,sensitive
agttcgagtccacagc_c.r2,sensitive
agttcgatccataagc_t10.a.r2,resistant
agttcgatcgccactt_c.r2,sensitive
ataccgaagcgtctcg_c.r2,sensitive
ataccgaagtcacgcc_c.r2,sensitive
ataccgacagaacttc_t10.a.r2,resistant
ataccgagtaggaaag_c.r2,sensitive
ataccgatcaaacgaa_c.r2,sensitive
ataccgatcggcatat_t10.a.r2,resistant
ataccgatcgtcgata_c.r2,sensitive
ataccgatctcctgac_c.r2,sensitive
ataccgatctgcatga_c.r2,sensitive
ataccttgtacaacgg_c.r2,sensitive
atacctttcgcatgat_c.r2,sensitive
atacttcagatccaaa_c.r2,sensitive
atacttcagtttgctg_c.r2,sensitive
atacttccacgactat_c.r2,sensitive
atacttccacgtacat_c.r2,sensitive
atacttccactacaca_c.r2,sensitive
atagaccgtcatacca_c.r2,sensitive
atagacctcattgcga_c.r2,sensitive
atagagaagcgatcga_t10.a.r2,resistant
atagagaagggcaact_t10.a.r2,resistant
atagagacaagagctg_c.r2,sensitive
atagagatccttgaag_c.r2,sensitive
ataggcttcccgtaaa_c.r2,sensitive
ataggcttccgtttcg_t10.a.r2,resistant
ataggcttcgaggcaa_c.r2,sensitive
atatcctcacctgctt_t10.a.r2,resistant
atatcctcattcacag_c.r2,sensitive
atatccttccgatctc_c.r2,sensitive
atcacagagatccaaa_c.r2,sensitive
atcacaggttagagat_c.r2,sensitive
atcacagtctcgctca_c.r2,sensitive
atcacgacaaccaact_t10.a.r2,resistant
atcacgagtcgcgtca_t10.a.r2,resistant
atcacgatccggactg_c.r2,sensitive
atcacgatctcggctt_c.r2,sensitive
atcacttagctcgaag_c.r2,sensitive
atcacttcagttgtca_t10.a.r2,resistant
atcacttcatatgcgt_t10.a.r2,resistant
atcacttgttaagaac_t10.a.r2,resistant
atcaggtcacgtagtt_t10.a.r2,resistant
atcaggtgtggactag_t10.a.r2,resistant
atcattcagtggtcag_t10.a.r2,resistant
atcattcagttgcgcc_c.r2,sensitive
atcattccacttgaca_c.r2,sensitive
atcattcgtacagagc_t10.a.r2,resistant
atcattcgtggagaaa_c.r2,sensitive
atcattcgtgggattg_c.r2,sensitive
atccacccaacgattc_t10.a.r2,resistant
atccacctcagaacct_t10.a.r2,resistant
atccacctccaatctt_t10.a.r2,resistant
atccattcacgacaga_t10.a.r2,resistant
atccctgcagaagctg_c.r2,sensitive
atccctggtccataca_c.r2,sensitive
atccctggtgactatc_c.r2,sensitive
atccgtcgtatcgaaa_t10.a.r2,resistant
atccgtctcgaacact_t10.a.r2,resistant
atcctatagagtcgac_c.r2,sensitive
atcctatagcggatca_c.r2,sensitive
atcctataggtcgtga_t10.a.r2,resistant
atcctataggttccgc_t10.a.r2,resistant
atcctatcatgacgga_t10.a.r2,resistant
atcgatgagcacacag_c.r2,sensitive
atcgatgagccaaccc_t10.a.r2,resistant
atcgatgagggatctg_t10.a.r2,resistant
atcgatgcacaaacgg_t10.a.r2,resistant
atcgatggtgacacga_c.r2,sensitive
atcgcctagtattagg_c.r2,sensitive
atcgcctgtcatgcat_t10.a.r2,resistant
atcgcctgttagagat_c.r2,sensitive
atcggataggcagcta_c.r2,sensitive
atcggatcaggaatcg_t10.a.r2,resistant
atcggatcagtgtgcc_t10.a.r2,resistant
atcggatgtaacatcc_t10.a.r2,resistant
atcggcgcaactgaaa_c.r2,sensitive
atcggcggtacgttca_c.r2,sensitive
atcgtagcaagtatag_c.r2,sensitive
atcgtccaggaagtag_c.r2,sensitive
atcgtcccaaccctaa_t10.a.r2,resistant
atcgtccgttcagcgc_t10.a.r2,resistant
atcgtgacagcggttc_c.r2,sensitive
atcgtgagtacccgac_c.r2,sensitive
atcgtgagtcatcggc_t10.a.r2,resistant
atctctaaggcgttga_c.r2,sensitive
atctctacaaatcaga_c.r2,sensitive
atctctagtcaaacgg_c.r2,sensitive
atctctagtggatcag_c.r2,sensitive
atctctatcgcccaga_c.r2,sensitive
atctctatctactgcc_c.r2,sensitive
atcttcacagctgtta_t10.a.r2,resistant
atcttcagtggctacc_c.r2,sensitive
atcttcagtgtacgcc_t10.a.r2,resistant
atcttcatcagcattg_c.r2,sensitive
atcttcatcggtcgac_c.r2,sensitive
atcttcatcttggatg_c.r2,sensitive
atgaaagcaacttctt_c.r2,sensitive
atgaaagcatgccgca_t10.a.r2,resistant
atgaaagtccagcacg_t10.a.r2,resistant
atgaccacagacatct_c.r2,sensitive
atgaccagtgccttct_c.r2,sensitive
atgaccagttcggctg_c.r2,sensitive
atgagggagttgtaag_t10.a.r2,resistant
atgaggggtactgttg_t10.a.r2,resistant
atgaggggtaggatat_t10.a.r2,resistant
atgagtcagagagttt_t10.a.r2,resistant
atgagtccaccctatc_c.r2,sensitive
atgagtctcctcatat_c.r2,sensitive
atgagtctcttgcaag_c.r2,sensitive
atgatcgaggctgtag_t10.a.r2,resistant
atgatcgcagctcggt_c.r2,sensitive
atgatcgcaggtatgg_t10.a.r2,resistant
atgatcggttatgacc_t10.a.r2,resistant
atgatcgtccgcataa_c.r2,sensitive
atgcatgcacaccttc_t10.a.r2,resistant
atgcatggtgtgtgga_c.r2,sensitive
atgcatggttaccctc_c.r2,sensitive
atgcatggttctatct_c.r2,sensitive
atgcatgtcattccta_c.r2,sensitive
atgcatgtctctatac_c.r2,sensitive
atgcctcagaaagcga_c.r2,sensitive
atgcctccacaatgaa_t10.a.r2,resistant
atgcctcgtgcgttta_t10.a.r2,resistant
atgcctctccttctgg_c.r2,sensitive
atgcctctctcttcaa_c.r2,sensitive
atgcctctctggctgg_t10.a.r2,resistant
atgcgatagcaagcca_c.r2,sensitive
atgcgatagggctaac_c.r2,sensitive
atgcgatagtacccta_c.r2,sensitive
atgcgatgttcatctt_c.r2,sensitive
atgcgatgttcgtgcg_c.r2,sensitive
atgcgattcaggaacg_c.r2,sensitive
atgcgattcatctatc_c.r2,sensitive
atgcgattctagccaa_c.r2,sensitive
atggaggtctgggcca_t10.a.r2,resistant
atggatccacacctaa_t10.a.r2,resistant
atggatccaggcattt_t10.a.r2,resistant
atggatcgtcaatctg_c.r2,sensitive
atggatcgtctactga_c.r2,sensitive
atggatctcgctaatg_c.r2,sensitive
atggatctctcgtggg_c.r2,sensitive
atgggagagtcccgac_c.r2,sensitive
atgggagtcatgccgg_c.r2,sensitive
atgggttcaatgggtg_t10.a.r2,resistant
atgggttcacctatcc_c.r2,sensitive
atggttgtcactgatg_t10.a.r2,resistant
atggttgtcatatggc_t10.a.r2,resistant
atgtccccaagacaat_t10.a.r2,resistant
atgtccccaagtgggt_t10.a.r2,resistant
atgtccccacctcgtt_t10.a.r2,resistant
atgtccctcagggtag_t10.a.r2,resistant
atgtcttgtaacagta_c.r2,sensitive
atgtcttgttcatcga_c.r2,sensitive
atgtctttcgcctagg_t10.a.r2,resistant
attacctagcatcccg_t10.a.r2,resistant
attacctgtcttgtcc_t10.a.r2,resistant
attaccttcgcatgat_c.r2,sensitive
attactccactcccta_c.r2,sensitive
attactcgtagagctg_c.r2,sensitive
attatccaggtcccgt_t10.a.r2,resistant
attatcctcacgatca_c.r2,sensitive
attcactagaccagac_c.r2,sensitive
attcactagcagatat_c.r2,sensitive
attcactagggcctct_t10.a.r2,resistant
attcactcacctgaat_t10.a.r2,resistant
attcactcagctcctt_c.r2,sensitive
attcactgtcgcgttg_c.r2,sensitive
attcactgtggtttac_t10.a.r2,resistant
attcaggagtgcacag_t10.a.r2,resistant
attcagggtcttccgt_t10.a.r2,resistant
attcagggtgctctct_t10.a.r2,resistant
attcaggtcatgccgg_t10.a.r2,resistant
attcaggtcgcagatt_t10.a.r2,resistant
attcatccaatagtcc_t10.a.r2,resistant
attcatccacgggctt_t10.a.r2,resistant
attcatccaggattct_c.r2,sensitive
attcatcgttgtagct_t10.a.r2,resistant
attcatctccctaggg_t10.a.r2,resistant
attccatcagcgtgct_t10.a.r2,resistant
attccatgttaaaccc_t10.a.r2,resistant
attccatgtttcgaca_t10.a.r2,resistant
attcctaagaattgtg_c.r2,sensitive
attcctagtgggattg_c.r2,sensitive
attcctagtgtgctta_c.r2,sensitive
attcctatcagtgcgc_t10.a.r2,resistant
attcgttgtgaatgat_c.r2,sensitive
attcgttgtgaggcat_t10.a.r2,resistant
attcgtttctgtcgtc_t10.a.r2,resistant
attctacgtcttgagt_c.r2,sensitive
attcttggtgaatgat_c.r2,sensitive
attcttgtccgatagt_t10.a.r2,resistant
attcttgtcctctttc_c.r2,sensitive
attcttgtcggagcaa_c.r2,sensitive
attgggtcagccgttg_t10.a.r2,resistant
attgggtgttctcgtc_c.r2,sensitive
attgggttctcttgcg_c.r2,sensitive
attgttcagcctccag_t10.a.r2,resistant
attgttcagcgcccat_c.r2,sensitive
attgttcaggttcttg_c.r2,sensitive
attgttctcggagatg_t10.a.r2,resistant
atttacccaagtcgtt_t10.a.r2,resistant
atttacctccctctag_t10.a.r2,resistant
atttcaccacgccagt_c.r2,sensitive
atttcacgtattccga_c.r2,sensitive
atttcacgtggatcga_t10.a.r2,resistant
atttcacgttccgcag_c.r2,sensitive
atttcactcgtccttg_t10.a.r2,resistant
atttctgagacggaaa_c.r2,sensitive
atttctgtcactagca_t10.a.r2,resistant
atttctgtcgccaata_c.r2,sensitive
atttctgtcggtatgt_t10.a.r2,resistant
caaagaaagataacgt_c.r2,sensitive
caaagaaagccaagtg_t10.a.r2,resistant
caaagaaagctgacag_c.r2,sensitive
caaagaacataccaca_c.r2,sensitive
caacaacagattgggc_t10.a.r2,resistant
caacaacagttcctga_c.r2,sensitive
caacaactcacaaggg_c.r2,sensitive
caacaactctctcttc_c.r2,sensitive
caacagtagcgtgtcc_c.r2,sensitive
caacagtgtaccggaa_t10.a.r2,resistant
caaccaaaggatgaga_c.r2,sensitive
caaccaatctccgtgt_c.r2,sensitive
caacctcagagattca_c.r2,sensitive
caacctcaggttcttg_t10.a.r2,resistant
caacctccaagtgggt_t10.a.r2,resistant
caacctccatagcact_c.r2,sensitive
caacctcgtactccgg_c.r2,sensitive
caacctctcattgagc_t10.a.r2,resistant
caacctctcgaaccat_c.r2,sensitive
caacctctcgctacgg_c.r2,sensitive
caacgatcaaggtcag_t10.a.r2,resistant
caacgatgtagacagc_t10.a.r2,resistant
caacggcagagctgca_c.r2,sensitive
caacggcaggcctaga_t10.a.r2,resistant
caacggccatgtggcc_t10.a.r2,resistant
caacggcgtcaaccta_c.r2,sensitive
caacggctccttatgt_t10.a.r2,resistant
caagactcacattctt_c.r2,sensitive
caagactgtacgctta_c.r2,sensitive
caagacttcattgcga_c.r2,sensitive
caagaggagtaagcat_c.r2,sensitive
caagaggcactacggc_c.r2,sensitive
caagaggtccgacggt_c.r2,sensitive
caagctaagggcgaag_c.r2,sensitive
caagctaagttagaac_c.r2,sensitive
caagctacattcctcg_t10.a.r2,resistant
caagctagtcacttag_t10.a.r2,resistant
caagctagtcgtggtc_c.r2,sensitive
caagctagtgaacggt_c.r2,sensitive
caagctagtgcgaaca_t10.a.r2,resistant
caagggacaggctacc_t10.a.r2,resistant
caatacggtagaatac_t10.a.r2,resistant
caatacgtcaacgtgt_c.r2,sensitive
caatcgacatatgcgt_c.r2,sensitive
caatcgagtggtctgc_t10.a.r2,resistant
caatcgatcggtcata_t10.a.r2,resistant
caatgacagtggatat_t10.a.r2,resistant
caatttcagcgttagg_c.r2,sensitive
caatttctcctaccac_t10.a.r2,resistant
cacaacacagtcaact_c.r2,sensitive
cacaacatccgtgtct_c.r2,sensitive
cacaacatcgcagaga_c.r2,sensitive
cacaacatctaattcc_c.r2,sensitive
cacacaacagatcatc_t10.a.r2,resistant
cacagatgtcgtgtta_c.r2,sensitive
cacagattccttcacg_c.r2,sensitive
cacagattcgtaggga_c.r2,sensitive
cacagattcgtgggaa_t10.a.r2,resistant
cacaggcgtttcgtga_t10.a.r2,resistant
cacatgacaagaggtc_c.r2,sensitive
cacatgacaatctctt_t10.a.r2,resistant
cacatgagttatgtgc_c.r2,sensitive
caccaaacacattcga_c.r2,sensitive
caccgttagcgccatc_c.r2,sensitive
caccgtttctagccaa_t10.a.r2,resistant
cacgaatagcaggcat_c.r2,sensitive
cacgaatcacttggcg_c.r2,sensitive
cacgaatcatgcggtc_c.r2,sensitive
cacgaatgtattctct_t10.a.r2,resistant
cacgaattcggccaac_t10.a.r2,resistant
cacgaattcggtatgt_t10.a.r2,resistant
cacgggtagaccgcct_c.r2,sensitive
cacgggtagtattccg_c.r2,sensitive
cacgggtcaccgtcga_t10.a.r2,resistant
cacgggtgtagacagc_c.r2,sensitive
cacgggttcctatttg_c.r2,sensitive
cacgggttctcaaagc_t10.a.r2,resistant
cacgtggagcctggaa_c.r2,sensitive
cacgtggtcaagttgc_t10.a.r2,resistant
cacgtggtcgagataa_c.r2,sensitive
cacgtggtctctaagg_c.r2,sensitive
cacgtggtctgctctg_c.r2,sensitive
cacgttccaaatgcgg_t10.a.r2,resistant
cactaagaggctgaac_c.r2,sensitive
cactaagcaagcaata_c.r2,sensitive
cactaagcaccctcta_c.r2,sensitive
cactaagtcacttgga_c.r2,sensitive
cactaagtccgaggct_c.r2,sensitive
cactaagtctagcctc_t10.a.r2,resistant
cactgaaagtcaatcc_c.r2,sensitive
cactgaacacttgtga_c.r2,sensitive
cactgggagctttgtg_t10.a.r2,resistant
cactgtcagtgttgtc_t10.a.r2,resistant
cactgtccacaaagta_t10.a.r2,resistant
cactgtccatgatgct_t10.a.r2,resistant
cactgtccatgtgact_c.r2,sensitive
cactgtcgtctaatcg_c.r2,sensitive
cactgtcgttgctcct_t10.a.r2,resistant
cactgtctcatctgtt_c.r2,sensitive
cactgtctcgcagatt_t10.a.r2,resistant
cagagcccaacacagg_t10.a.r2,resistant
cagagcccagcaccca_t10.a.r2,resistant
cagagcccaggattct_t10.a.r2,resistant
cagagccgttaatgag_t10.a.r2,resistant
cagagcctcagcgcgt_t10.a.r2,resistant
cagagcctcttagctt_t10.a.r2,resistant
cagatacagacgactg_c.r2,sensitive
cagatacagggtacgt_c.r2,sensitive
cagataccacctgtct_c.r2,sensitive
cagatacgtacttccc_c.r2,sensitive
cagatacgtatgacaa_c.r2,sensitive
cagatacgtatggagc_c.r2,sensitive
cagatcaagaaccgca_c.r2,sensitive
cagatcaagttggcga_c.r2,sensitive
cagatcatcatacggt_c.r2,sensitive
cagatcatcgcttaag_t10.a.r2,resistant
cagattgagactacct_c.r2,sensitive
cagattgcaagctgtt_c.r2,sensitive
cagattggtgggctct_c.r2,sensitive
cagcaatcaagtgacg_c.r2,sensitive
cagcaatgtacagtaa_c.r2,sensitive
cagcaatgttcatctt_c.r2,sensitive
cagcaatgttgcaact_c.r2,sensitive
cagcaattcaactacg_t10.a.r2,resistant
cagcaattcactgggc_t10.a.r2,resistant
cagcaattcagctagt_c.r2,sensitive
cagcaattcgaagccc_c.r2,sensitive
cagcaattcgatacac_t10.a.r2,resistant
cagcacggtccaacgc_c.r2,sensitive
cagcacgtcctgttgc_c.r2,sensitive
cagcacgtcgagcacc_c.r2,sensitive
cagcacgtctgtcgct_c.r2,sensitive
cagcagcagaatacac_c.r2,sensitive
cagcagccagtgcgct_c.r2,sensitive
cagcagctcaatccag_t10.a.r2,resistant
cagcagctcgatccct_t10.a.r2,resistant
cagcagctcgctgtct_c.r2,sensitive
cagcagctcggagatg_c.r2,sensitive
cagccagaggtagtcg_c.r2,sensitive
cagcgtgcagtactac_t10.a.r2,resistant
cagcgtgcataatgag_c.r2,sensitive
cagcgtgtcgaacact_c.r2,sensitive
cagcgtgtcgttcctg_c.r2,sensitive
cagcgtgtctctgaga_c.r2,sensitive
caggccaagcctcttc_c.r2,sensitive
caggccaagggtcttt_c.r2,sensitive
caggccacaagctgtt_c.r2,sensitive
caggccacagagttct_c.r2,sensitive
caggccagtgcaacga_c.r2,sensitive
caggccatcattgcga_t10.a.r2,resistant
caggccatccgacata_t10.a.r2,resistant
caggccatcgcagatt_t10.a.r2,resistant
cagggctagcaggcta_c.r2,sensitive
cagggctcacaattcg_c.r2,sensitive
cagggctgtcctatag_c.r2,sensitive
caggtatcacggtgaa_t10.a.r2,resistant
caggtatgtggtctta_t10.a.r2,resistant
cagtgcgagatgccga_c.r2,sensitive
cagtgcgcaaagcgtg_t10.a.r2,resistant
cagtgcgcactggaag_c.r2,sensitive
cagtgcgcatgggatg_c.r2,sensitive
cagtgcggtctcacgg_t10.a.r2,resistant
cagtgcgtctggtcaa_t10.a.r2,resistant
cagttagaggtcatct_c.r2,sensitive
cagttagcagtcggaa_t10.a.r2,resistant
cagttagcatatagcc_t10.a.r2,resistant
cagttaggtcaaccat_c.r2,sensitive
cagttccagacggaaa_c.r2,sensitive
cagttccagagggtaa_t10.a.r2,resistant
cagttcctccgtttcg_c.r2,sensitive
cataagctcatggccg_t10.a.r2,resistant
catacagtcattccta_t10.a.r2,resistant
catacttagtcagcga_t10.a.r2,resistant
catacttgtacgactt_c.r2,sensitive
catacttgtgttcagt_c.r2,sensitive
catactttccattgcc_t10.a.r2,resistant
catagaccacgtcata_c.r2,sensitive
catagaccatcgtgcg_t10.a.r2,resistant
catagacgtcgcatta_c.r2,sensitive
catagacgtctagtgt_t10.a.r2,resistant
catagactcccgtaaa_t10.a.r2,resistant
catagactcgaacgcc_t10.a.r2,resistant
catcaagagtgattcc_c.r2,sensitive
catcaagcaacactac_c.r2,sensitive
catcaagcaggtccgt_c.r2,sensitive
catcaaggtggtctta_c.r2,sensitive
catcaagtcatggtac_c.r2,sensitive
catcaagtcgtgtgat_t10.a.r2,resistant
catccaccaccaaagg_t10.a.r2,resistant
catccaccagcctata_c.r2,sensitive
catccactcagcagag_c.r2,sensitive
catccactcgaccacg_t10.a.r2,resistant
catccactcgtggaag_c.r2,sensitive
catcccaagacaacta_c.r2,sensitive
catcccaagctctatg_t10.a.r2,resistant
catcccacaagatcct_t10.a.r2,resistant
catcccatccgcagtg_t10.a.r2,resistant
catccgtgtaacacgg_c.r2,sensitive
catccgttcaagtggg_c.r2,sensitive
catccgttcgaccaat_t10.a.r2,resistant
catccgttctttggag_t10.a.r2,resistant
catcgctgtactaaga_t10.a.r2,resistant
catcgctgtagacaat_t10.a.r2,resistant
catcgcttccagcctt_c.r2,sensitive
catcgggagtgtacaa_c.r2,sensitive
catcgggcatgtgact_c.r2,sensitive
catcggggtgatgtaa_c.r2,sensitive
catcggggtggatacg_c.r2,sensitive
catcgggtcatcgtag_t10.a.r2,resistant
catcgtcagaccctta_c.r2,sensitive
catcgtcaggcctgct_c.r2,sensitive
catcgtccagtctggc_c.r2,sensitive
catcgtccattgctga_c.r2,sensitive
catcgtcgtcgtcagc_c.r2,sensitive
catcgtctccgtgacg_t10.a.r2,resistant
catgagtagccgaatg_t10.a.r2,resistant
catgagtaggcatggt_c.r2,sensitive
catgagtagggttgca_t10.a.r2,resistant
catgagtcagctgtcg_c.r2,sensitive
catgagtgtagtccta_t10.a.r2,resistant
catgagttcatcactt_c.r2,sensitive
catgcaacaaaggcac_c.r2,sensitive
catgcaagtccagaag_c.r2,sensitive
catgcaatcgttagtg_t10.a.r2,resistant
catgcaatcttcgatt_c.r2,sensitive
catgcctagccttctc_t10.a.r2,resistant
catgcctgtagcgttt_c.r2,sensitive
catgccttcggcttgg_t10.a.r2,resistant
catgcggaggcgaact_t10.a.r2,resistant
catgcggcaccggcta_t10.a.r2,resistant
catgctctcagctgta_t10.a.r2,resistant
catgctctcgatgcta_t10.a.r2,resistant
catggatcaccagtat_c.r2,sensitive
catggatgtaacggtg_c.r2,sensitive
catggatgtagtcttg_t10.a.r2,resistant
catggattcactcacc_c.r2,sensitive
catggtaaggaagtga_c.r2,sensitive
catggtagttaacaga_t10.a.r2,resistant
cattcatcacaccttc_c.r2,sensitive
cattcatgtagttacc_c.r2,sensitive
cattcattcactgttt_c.r2,sensitive
cattcattcccatggg_t10.a.r2,resistant
cattcattcgttgtag_c.r2,sensitive
cattccgagataacac_t10.a.r2,resistant
cattccggtgaggatc_c.r2,sensitive
cattccgtcgagtact_t10.a.r2,resistant
cattctaaggaagtcc_t10.a.r2,resistant
cattctagtcgcttaa_t10.a.r2,resistant
cattctagtgagcagt_c.r2,sensitive
cattgaggtagtatag_c.r2,sensitive
cattgaggtcatccct_c.r2,sensitive
cattgaggttcggctg_t10.a.r2,resistant
cattgttagaggtcac_t10.a.r2,resistant
cattgttcaatagtcc_c.r2,sensitive
cattgttcagtggctc_t10.a.r2,resistant
cattgtttcatcctgc_t10.a.r2,resistant
catttcaaggagacct_t10.a.r2,resistant
catttcatccctcatg_c.r2,sensitive
ccaagcggtgtcatca_c.r2,sensitive
ccaatgaagctgaccc_c.r2,sensitive
ccaatgacattgaaag_t10.a.r2,resistant
ccaatttcattcgggc_t10.a.r2,resistant
ccaattttcgtaggag_t10.a.r2,resistant
ccaattttctcgctca_c.r2,sensitive
ccacaaaaggtgcttt_c.r2,sensitive
ccacaaagtagcgagt_c.r2,sensitive
ccacaaagtttgatcg_t10.a.r2,resistant
ccacaaatcaagccgc_t10.a.r2,resistant
ccacaaatcacgatac_t10.a.r2,resistant
ccacaaatctggagag_t10.a.r2,resistant
ccacactagcctccag_c.r2,sensitive
ccacactagttagtag_c.r2,sensitive
ccacactcagaagtta_c.r2,sensitive
ccacactcattaggct_c.r2,sensitive
ccacactgtaagttag_c.r2,sensitive
ccacactgtaggtagc_t10.a.r2,resistant
ccacactgtcctatag_c.r2,sensitive
ccacactgtcgcatgc_t10.a.r2,resistant
ccacactgtgcagatg_t10.a.r2,resistant
ccacactgttccgttc_c.r2,sensitive
ccacacttcctctaat_t10.a.r2,resistant
ccacacttctgcttat_t10.a.r2,resistant
ccaccatagtcgccac_c.r2,sensitive
ccaccatcaacaaagt_c.r2,sensitive
ccaccattcagtgtca_c.r2,sensitive
ccacgagagtgccgaa_c.r2,sensitive
ccacgagcacttgaca_t10.a.r2,resistant
ccacgaggttgtcatg_c.r2,sensitive
ccacgttagaaattgc_t10.a.r2,resistant
ccacgttagcacgatg_c.r2,sensitive
ccacgttagggtaatt_t10.a.r2,resistant
ccacgttcaccagtat_c.r2,sensitive
ccacgttcagttaaag_t10.a.r2,resistant
ccacgttgtaacatcc_t10.a.r2,resistant
ccacgttgtgccgtac_c.r2,sensitive
ccacgtttcaaactgc_c.r2,sensitive
ccacgtttccggacgt_t10.a.r2,resistant
ccacgtttcggtagag_c.r2,sensitive
ccacttgcacatagct_t10.a.r2,resistant
ccacttgcagagtgac_c.r2,sensitive
ccacttgcatgtggtt_t10.a.r2,resistant
ccacttggtagcgctc_c.r2,sensitive
ccacttgtccatcacc_c.r2,sensitive
ccacttgtcttgggcg_c.r2,sensitive
ccataagagatcacct_t10.a.r2,resistant
ccataagcaagagtgc_c.r2,sensitive
ccataagcagccatta_c.r2,sensitive
ccataaggtcggtaag_c.r2,sensitive
ccataaggttacactg_t10.a.r2,resistant
ccataagtccttcttc_c.r2,sensitive
ccataagtctagacac_c.r2,sensitive
ccatcacaggctggat_t10.a.r2,resistant
ccatcaccaaacggca_t10.a.r2,resistant
ccatcaccagtggctc_c.r2,sensitive
ccatcacgtactggga_c.r2,sensitive
ccatcactctagtacg_c.r2,sensitive
cccaactagatgcttc_t10.a.r2,resistant
cccaactagttggagc_c.r2,sensitive
cccaactgtgaactaa_c.r2,sensitive
cccaacttcagtgtgt_t10.a.r2,resistant
cccaacttcgtagtgt_t10.a.r2,resistant
cccattgaggaacgtc_c.r2,sensitive
cccattgagttgcgag_t10.a.r2,resistant
cccattggtaagctct_t10.a.r2,resistant
cccattggtgtctcct_c.r2,sensitive
cccgaagaggtgctga_t10.a.r2,resistant
cccgaagaggttatag_c.r2,sensitive
cccgaagcaacctaac_t10.a.r2,resistant
cccgaagcaggtctcg_c.r2,sensitive
cccggaacatgacgag_c.r2,sensitive
cccggaatccgctagg_t10.a.r2,resistant
ccctaacgtacgcgtc_c.r2,sensitive
ccctaacgttaacaga_c.r2,sensitive
ccctaactccatttgt_c.r2,sensitive
ccctaactctggaagg_t10.a.r2,resistant
ccctcaaagtccgcca_c.r2,sensitive
ccctcaatcaagttgc_t10.a.r2,resistant
ccctcaatcgcgctga_c.r2,sensitive
ccctctccagatccat_c.r2,sensitive
ccctctccataatgcc_t10.a.r2,resistant
ccctctctccgatgcg_c.r2,sensitive
ccctctctcgttcaga_c.r2,sensitive
ccctgatagtactggg_c.r2,sensitive
ccctgattcctttagt_c.r2,sensitive
cccttagagcgacttt_c.r2,sensitive
cccttagaggagtctg_t10.a.r2,resistant
cccttagagggcaatc_t10.a.r2,resistant
cccttagtcatagaga_c.r2,sensitive
cccttagtcttcacgc_t10.a.r2,resistant
cccttagtcttgcgct_c.r2,sensitive
ccgaacgcagatccat_c.r2,sensitive
ccgaacggtcaagcga_c.r2,sensitive
ccgaacgtcaaagaac_c.r2,sensitive
ccgaacgtcttaccat_c.r2,sensitive
ccgatctgtacccgca_c.r2,sensitive
ccgatcttcgagataa_t10.a.r2,resistant
ccgatcttctgcggac_c.r2,sensitive
ccgatggcacgggtaa_t10.a.r2,resistant
ccgatggcactggacc_t10.a.r2,resistant
ccgatggtcatttcgt_c.r2,sensitive
ccgcaagtcgtggaag_c.r2,sensitive
ccggacaagcgatcga_c.r2,sensitive
ccggacatctgcgggt_t10.a.r2,resistant
ccgggtacaaccaact_c.r2,sensitive
ccgggtacagctttga_c.r2,sensitive
ccgggtacatgactgt_c.r2,sensitive
ccgggtagttaacctg_c.r2,sensitive
ccgggtatcactcgaa_c.r2,sensitive
ccggtagaggtgcttt_c.r2,sensitive
ccggtagtcaccctca_t10.a.r2,resistant
ccggtgagtgaatatg_t10.a.r2,resistant
ccggtgagtgcccaca_t10.a.r2,resistant
ccgtaggagaggactc_c.r2,sensitive
ccgtaggagctcggct_c.r2,sensitive
ccgtaggcaaagggtc_t10.a.r2,resistant
ccgtaggcaagtggtg_t10.a.r2,resistant
ccgtaggcataacaga_c.r2,sensitive
ccgtagggtgaatatg_c.r2,sensitive
ccgtagggttagagta_c.r2,sensitive
ccgtaggtcgatacgt_c.r2,sensitive
ccgtgagagacaacat_c.r2,sensitive
ccgtgagtcgacgtcg_t10.a.r2,resistant
ccgtgagtctcgtcgt_c.r2,sensitive
ccgttcaagttcatcg_t10.a.r2,resistant
ccgttcacaacagata_c.r2,sensitive
ccgttcacacagcatt_c.r2,sensitive
ccgttcatcgacgatt_t10.a.r2,resistant
cctaaccagagagttt_t10.a.r2,resistant
cctaaccagcgggtat_t10.a.r2,resistant
cctaacctccatctat_t10.a.r2,resistant
cctaagaaggtatagt_t10.a.r2,resistant
cctaagacagaaattg_t10.a.r2,resistant
cctaagacagcccaca_t10.a.r2,resistant
cctaagagtagtatag_c.r2,sensitive
cctaagagtgtcatgt_t10.a.r2,resistant
cctacgtaggtcgaca_c.r2,sensitive
cctacgtcactatcga_c.r2,sensitive
cctacgtcagtcggaa_c.r2,sensitive
cctatcgaggagacct_c.r2,sensitive
cctatcgaggtacagc_t10.a.r2,resistant
cctatcgcaccgctag_c.r2,sensitive
cctatcgcagctggtc_c.r2,sensitive
cctatcggtccaagag_c.r2,sensitive
cctatcgtctaaacgc_c.r2,sensitive
cctcacacagccgttg_c.r2,sensitive
cctcacagtctcagat_t10.a.r2,resistant
cctcacagttggaccc_c.r2,sensitive
cctcacatcatacggt_t10.a.r2,resistant
cctcacatctccctag_c.r2,sensitive
cctcagtaggtcattc_t10.a.r2,resistant
cctcagtcatctgttt_c.r2,sensitive
cctcagtgtaacgata_c.r2,sensitive
cctcagttcatcgtag_c.r2,sensitive
cctcatgagcacgtcc_c.r2,sensitive
cctcatgaggtccctg_c.r2,sensitive
cctcatgagtcattgc_t10.a.r2,resistant
cctcatggtttctatc_t10.a.r2,resistant
cctcatgtcagcggaa_t10.a.r2,resistant
cctcatgtccggcttt_c.r2,sensitive
cctccaaagaagcctg_c.r2,sensitive
cctccaaagtagtcct_c.r2,sensitive
cctccaacatacatcg_t10.a.r2,resistant
cctccaagtagcacga_t10.a.r2,resistant
cctccaatcgctgata_c.r2,sensitive
cctccaatcggtaact_t10.a.r2,resistant
cctccaatctacgcaa_t10.a.r2,resistant
cctccaatctgcggca_t10.a.r2,resistant
cctcctccaattgaga_t10.a.r2,resistant
cctcctccatggatct_c.r2,sensitive
cctcctcgttcggctg_t10.a.r2,resistant
cctcctctcggaccac_t10.a.r2,resistant
cctcctctctcgtgaa_c.r2,sensitive
cctctaggttatgacc_c.r2,sensitive
cctctcctcctactgc_c.r2,sensitive
cctgcatcacaacgtt_t10.a.r2,resistant
cctgcatcagttccaa_c.r2,sensitive
cctgcattcctcactg_c.r2,sensitive
cctgttgaggcacgat_t10.a.r2,resistant
cctgttggtcagacga_c.r2,sensitive
ccttcagaggtaggct_t10.a.r2,resistant
ccttcagcaaaggatt_c.r2,sensitive
ccttgtgagcgcatcc_c.r2,sensitive
ccttgtgcaccattcc_c.r2,sensitive
ccttgtgcatcatgac_t10.a.r2,resistant
ccttgtggtgcaagac_c.r2,sensitive
ccttgtggtggtttgt_c.r2,sensitive
cctttggagcttgttg_c.r2,sensitive
cctttggagtgtcatc_t10.a.r2,resistant
cgaaggaagccacaag_t10.a.r2,resistant
cgaaggagtacagagc_c.r2,sensitive
cgaaggagtgctctct_c.r2,sensitive
cgaaggagtgttgccg_c.r2,sensitive
cgaagttagatgttag_t10.a.r2,resistant
cgaagttagtcggcct_t10.a.r2,resistant
cgaagttgtagaggaa_c.r2,sensitive
cgaattgcaccttcgt_t10.a.r2,resistant
cgaattggtgagacgt_t10.a.r2,resistant
cgacagcagcacaccc_t10.a.r2,resistant
cgacagccaccgctag_c.r2,sensitive
cgacagccatgaaggc_c.r2,sensitive
cgacagcgtgagccaa_c.r2,sensitive
cgacagctcattacct_c.r2,sensitive
cgagaaggtcactgat_t10.a.r2,resistant
cgaggaaagtgatggc_t10.a.r2,resistant
cgaggaaagtgtacaa_t10.a.r2,resistant
cgaggaatcctagcct_c.r2,sensitive
cgaggaatctgggatt_c.r2,sensitive
cgaggctcaccgctga_c.r2,sensitive
cgaggctcatcgcctt_c.r2,sensitive
cgaggctcatcggcca_c.r2,sensitive
cgaggcttcctgctac_t10.a.r2,resistant
cgagtgccaccaaatc_c.r2,sensitive
cgagtgctcaaagcct_c.r2,sensitive
cgagttacagtatgaa_t10.a.r2,resistant
cgagttagtatccttt_t10.a.r2,resistant
cgagttatcaacacgt_c.r2,sensitive
cgagttatcagtcatg_c.r2,sensitive
cgagttatccgcctat_c.r2,sensitive
cgatcggtcgtgttcc_t10.a.r2,resistant
cgatgcgcagaagctg_c.r2,sensitive
cgatgcgcagcgttgc_c.r2,sensitive
cgatgcggtacagcga_c.r2,sensitive
cgatgcggtcagactt_t10.a.r2,resistant
cgatgcgtcgcaagag_t10.a.r2,resistant
cgatggcgtagttacc_c.r2,sensitive
cgatggctctaaacgc_c.r2,sensitive
cgatggctcttgcgct_c.r2,sensitive
cgcaggtagctcggct_c.r2,sensitive
cgcaggtcatgactca_c.r2,sensitive
cgcaggtgttcaccgg_t10.a.r2,resistant
cgcaggttcaccgggt_c.r2,sensitive
cgcataacagactgcc_c.r2,sensitive
cgcataagtcctatag_t10.a.r2,resistant
cgcataatctgggcac_c.r2,sensitive
cgccagaagatcacct_c.r2,sensitive
cgccagacaagcaata_c.r2,sensitive
cgccagacatctcaag_t10.a.r2,resistant
cgccagagtactgagg_t10.a.r2,resistant
cgccattgtttcccac_t10.a.r2,resistant
cgccatttcacatcag_c.r2,sensitive
cgccatttccgagtgc_t10.a.r2,resistant
cgccatttccggcagt_t10.a.r2,resistant
cgccatttcggctgac_c.r2,sensitive
cgcgtgaagaccataa_c.r2,sensitive
cgcgtgaagcgactga_t10.a.r2,resistant
cgcgtgacatgtaacc_t10.a.r2,resistant
cggaaccagagggcga_c.r2,sensitive
cggaaccagatcgacg_c.r2,sensitive
cggaaccagtattagg_c.r2,sensitive
cggaacccatggctat_c.r2,sensitive
cggaaccgtatccttt_c.r2,sensitive
cggaaccgtgggcttc_c.r2,sensitive
cggaacctcacagtgt_c.r2,sensitive
cggaacctcgcacggt_c.r2,sensitive
cggaattagaccattc_t10.a.r2,resistant
cggaattgtcaaagat_t10.a.r2,resistant
cggaattgttctccca_c.r2,sensitive
cggaattgttctctcg_c.r2,sensitive
cggacaccaaacggca_c.r2,sensitive
cggacaccagcagttt_t10.a.r2,resistant
cggacaccatgttcag_t10.a.r2,resistant
cggagaagtccctcat_t10.a.r2,resistant
cggagaagtgattggg_t10.a.r2,resistant
cggcagtagcactccg_t10.a.r2,resistant
cggcagtcaagtgacg_t10.a.r2,resistant
cgggactagtgtacaa_t10.a.r2,resistant
cgggactcacggctac_c.r2,sensitive
cgggcatagcctagga_c.r2,sensitive
cgggcatcagttccaa_c.r2,sensitive
cgggcatgtagcgagt_c.r2,sensitive
cgggcatgtccaaatc_c.r2,sensitive
cgggcatgttgtcatg_c.r2,sensitive
cgggcattcatcgcaa_c.r2,sensitive
cgggcattcggtcacg_t10.a.r2,resistant
cgggtcaagacgaaga_t10.a.r2,resistant
cgggtcaagatcctac_t10.a.r2,resistant
cgggtcaaggactata_c.r2,sensitive
cgggtcagtagcacag_c.r2,sensitive
cgggtcagtggactag_c.r2,sensitive
cgggtcatccacacct_c.r2,sensitive
cgggtcatctactatc_t10.a.r2,resistant
cgggtgtagcctctgg_c.r2,sensitive
cgggtgtgtagagctg_t10.a.r2,resistant
cggtcagagtggtggt_c.r2,sensitive
cggtcaggtactgcgc_c.r2,sensitive
cggtcaggtgagtttc_t10.a.r2,resistant
cggtcaggttacgccg_c.r2,sensitive
cggtcaggttggagac_c.r2,sensitive
cgtaagtgtatacaga_t10.a.r2,resistant
cgtaagttctgagcat_t10.a.r2,resistant
cgtaatgagatagcta_t10.a.r2,resistant
cgtaatgagccatgcc_t10.a.r2,resistant
cgtaatgcagcacacc_c.r2,sensitive
cgtaatggtaccaatc_c.r2,sensitive
cgtagtaagcatcgag_c.r2,sensitive
cgtagtacaagatgta_t10.a.r2,resistant
cgtagtagtccttgtc_t10.a.r2,resistant
cgtagtagtgcgctca_c.r2,sensitive
cgtagtatcacaccct_t10.a.r2,resistant
cgtcaaaagcatcaaa_t10.a.r2,resistant
cgtcaaaaggtgcgat_t10.a.r2,resistant
cgtcaaacactcagat_t10.a.r2,resistant
cgtcaaagtaccgtgc_c.r2,sensitive
cgtccatagaccatgg_c.r2,sensitive
cgtgaatcaagtgggt_c.r2,sensitive
cgtgaatcatgacaaa_c.r2,sensitive
cgtgaatgtattgcca_t10.a.r2,resistant
cgtgaattcctgccat_t10.a.r2,resistant
cgtgaattctggtggc_t10.a.r2,resistant
cgtgataagggaggca_c.r2,sensitive
cgtgataagttgtcac_t10.a.r2,resistant
cgtgatagttattctc_t10.a.r2,resistant
cgtgcttcaaagtatg_c.r2,sensitive
cgtgcttcagaaatca_t10.a.r2,resistant
cgtgtctaggatttga_c.r2,sensitive
cgtgtctaggtggttg_c.r2,sensitive
cgtgtctagtattccg_c.r2,sensitive
cgtgtctgtaccgtcg_t10.a.r2,resistant
cgtgtcttcgtgcata_c.r2,sensitive
cgtgtcttctaattcc_t10.a.r2,resistant
cgttagaagctgactt_c.r2,sensitive
cgttagatcattccta_c.r2,sensitive
cgttagatcctatttg_c.r2,sensitive
cgttagatctgcatga_c.r2,sensitive
cgttctgagattgcgg_c.r2,sensitive
cgttctgcacgtacat_t10.a.r2,resistant
cgttctggtatgtgtc_c.r2,sensitive
cgttctggtgtgcctg_t10.a.r2,resistant
cgttctggttgtcatg_c.r2,sensitive
cgttctgtcctatgga_t10.a.r2,resistant
cgttctgtcggtcagc_c.r2,sensitive
cgttctgtcttcggtc_c.r2,sensitive
cgttgggagcctggaa_c.r2,sensitive
cgttgggagttccggc_t10.a.r2,resistant
cgttgggcaccaacat_c.r2,sensitive
cgttgggtcgagatgg_t10.a.r2,resistant
cgttgggtcttgtgcc_c.r2,sensitive
ctaacccaggctcacc_c.r2,sensitive
ctaacccagggagtgg_c.r2,sensitive
ctaaccccaccgctag_t10.a.r2,resistant
ctaacccgtatcacca_c.r2,sensitive
ctaaccctcaaggctt_c.r2,sensitive
ctaaccctcgcctcta_c.r2,sensitive
ctaacttcagagaatt_c.r2,sensitive
ctaacttgtgcccagt_c.r2,sensitive
ctaacttgttctctat_c.r2,sensitive
ctaactttcctaaacg_c.r2,sensitive
ctaagtgcaatgtctg_c.r2,sensitive
ctaagtgcagctacta_c.r2,sensitive
ctaagtgcatagtcgt_t10.a.r2,resistant
ctaagtgtcagctgat_c.r2,sensitive
ctacagaaggccatag_t10.a.r2,resistant
ctacagaaggtagcac_c.r2,sensitive
ctacagacaagtcgtt_t10.a.r2,resistant
ctacagagtagaaact_c.r2,sensitive
ctacagagtgctctct_c.r2,sensitive
ctacagatcctctcga_c.r2,sensitive
ctacattaggacactg_t10.a.r2,resistant
ctacattaggtaagtt_c.r2,sensitive
ctacattaggtctgga_t10.a.r2,resistant
ctacattcaccgtggt_t10.a.r2,resistant
ctacattgttcaggtt_t10.a.r2,resistant
ctacccaagctcgaag_c.r2,sensitive
ctacccacacacagcc_c.r2,sensitive
ctacccagtggttcta_c.r2,sensitive
ctacccatcactggta_t10.a.r2,resistant
ctacctgagctgtgcc_c.r2,sensitive
ctacctgagggcagag_t10.a.r2,resistant
ctacctgcaaatggcg_c.r2,sensitive
ctacctgcaccgctga_c.r2,sensitive
ctacctgcacgaaagc_c.r2,sensitive
ctacctgcatcagtgt_c.r2,sensitive
ctacctgcatcatttc_c.r2,sensitive
ctacctggtactagct_t10.a.r2,resistant
ctacgggcactaggtt_c.r2,sensitive
ctacggggtgcctacg_c.r2,sensitive
ctacgggtcacaccct_c.r2,sensitive
ctactatagacttgtc_c.r2,sensitive
ctactatgtagagatt_c.r2,sensitive
ctactatgtgttcctc_c.r2,sensitive
ctactattcttggaac_c.r2,sensitive
ctactattctttggag_t10.a.r2,resistant
ctagacacaggatctt_c.r2,sensitive
ctagacagtctacgta_c.r2,sensitive
ctagacatctcgggac_c.r2,sensitive
ctataggtctctgaga_c.r2,sensitive
ctatccgcataactcg_t10.a.r2,resistant
ctatccggtgaactaa_t10.a.r2,resistant
ctatccgtcttcgatt_c.r2,sensitive
ctatctaagatacagt_t10.a.r2,resistant
ctatctacaattgcca_c.r2,sensitive
ctatctacagggtctc_t10.a.r2,resistant
ctatctacaggtggat_c.r2,sensitive
ctatctagtttgatcg_c.r2,sensitive
ctatctatcatagacc_c.r2,sensitive
ctatctatctctagga_t10.a.r2,resistant
ctcaaccagcaaatca_t10.a.r2,resistant
ctcaaccagcatttcg_c.r2,sensitive
ctcaaccaggtgcttt_c.r2,sensitive
ctcaacccacgtctct_t10.a.r2,resistant
ctcaacccatcagcgc_t10.a.r2,resistant
ctcaaccgtccaaagg_c.r2,sensitive
ctcaagatcgtagccg_c.r2,sensitive
ctcactgagtcgaata_c.r2,sensitive
ctcactgcacaccttc_c.r2,sensitive
ctcactggtcgcaacc_c.r2,sensitive
ctcagaaagagaggta_t10.a.r2,resistant
ctcagaacaaagacgc_c.r2,sensitive
ctcagggtcaggcgaa_c.r2,sensitive
ctcagggtctcgccta_t10.a.r2,resistant
ctcagtcagatggtcg_c.r2,sensitive
ctcagtcagggaggtg_c.r2,sensitive
ctcagtccaagggcat_t10.a.r2,resistant
ctcagtccaccacata_c.r2,sensitive
ctcagtcgtaggcaac_c.r2,sensitive
ctcagtcgttcccact_t10.a.r2,resistant
ctcatcgagcctgcca_t10.a.r2,resistant
ctcatcgagttggacg_c.r2,sensitive
ctcatcgtccttaccg_c.r2,sensitive
ctcatgcagagagttt_c.r2,sensitive
ctcatgcagggcaatc_t10.a.r2,resistant
ctcatgcagtgctcat_c.r2,sensitive
ctcatgccagttgtca_t10.a.r2,resistant
ctcatgcgtcaacgcc_t10.a.r2,resistant
ctcatgcgtcgcctag_t10.a.r2,resistant
ctcattaagcacacag_c.r2,sensitive
ctcattaaggcatcga_c.r2,sensitive
ctcattacactacaca_c.r2,sensitive
ctcattacattgtgca_c.r2,sensitive
ctcattagtcaacatc_c.r2,sensitive
ctcattatctcccatg_c.r2,sensitive
ctccaacaggcccact_t10.a.r2,resistant
ctccaaccaatctcga_c.r2,sensitive
ctccaaccagaattcc_c.r2,sensitive
ctccaacgtcgtgcca_c.r2,sensitive
ctccacaagcaacttc_t10.a.r2,resistant
ctccacaagggtgaaa_t10.a.r2,resistant
ctccacagtaaggtcg_t10.a.r2,resistant
ctccacagtacctagt_t10.a.r2,resistant
ctccacagtcactagt_c.r2,sensitive
ctccacagttgtggag_t10.a.r2,resistant
ctccacatcatagacc_t10.a.r2,resistant
ctccacatctaccaga_t10.a.r2,resistant
ctccatgagcagaaag_c.r2,sensitive
ctccatgagtcggcct_c.r2,sensitive
ctccatggtggctaga_t10.a.r2,resistant
ctccatgtcaagcgtt_t10.a.r2,resistant
ctccatgtccactggg_t10.a.r2,resistant
ctcccaatcgcatagt_c.r2,sensitive
ctcccaatctgcggac_t10.a.r2,resistant
ctccctcagttgtaag_t10.a.r2,resistant
ctccctccagtcagag_c.r2,sensitive
ctccgataggtcactt_t10.a.r2,resistant
ctccgatcaaccggaa_c.r2,sensitive
ctccgatcagagaatt_t10.a.r2,resistant
ctccgattcgatacgt_t10.a.r2,resistant
ctccgattctgggtcg_c.r2,sensitive
ctcctccagcacggat_t10.a.r2,resistant
ctcctccgtcgtgatt_c.r2,sensitive
ctcctttaggaggttc_t10.a.r2,resistant
ctcctttaggcttagg_t10.a.r2,resistant
ctcctttcattcagca_t10.a.r2,resistant
ctccttttcttggtcc_t10.a.r2,resistant
ctcgaggcagaactaa_c.r2,sensitive
ctcgagggtctacgat_t10.a.r2,resistant
ctcgaggtcatcgctc_c.r2,sensitive
ctcgaggtctgtctcg_t10.a.r2,resistant
ctctcagagtttgctg_c.r2,sensitive
ctctcagcaaaccatc_c.r2,sensitive
ctctcaggtcggccta_c.r2,sensitive
ctctcaggttattctc_t10.a.r2,resistant
ctctcgaagaatttgg_t10.a.r2,resistant
ctctcgaagcgtcaag_t10.a.r2,resistant
ctctcgaagtgctcgc_c.r2,sensitive
ctctcgacatactgtg_c.r2,sensitive
ctctcgagtatagggc_t10.a.r2,resistant
ctctcgagtgcagatg_c.r2,sensitive
ctctcgatccttcagc_t10.a.r2,resistant
ctctggtagtacagcg_c.r2,sensitive
ctctggtagttgaagt_t10.a.r2,resistant
ctctggtcaacctaac_c.r2,sensitive
ctctggtcacaatgaa_t10.a.r2,resistant
ctctggtcactcctgt_t10.a.r2,resistant
ctctggtcagccatta_c.r2,sensitive
ctctggtcagtcagag_c.r2,sensitive
ctctggtcagttgtca_t10.a.r2,resistant
ctctggtgtactcgcg_c.r2,sensitive
ctgaatgagattgcgg_c.r2,sensitive
ctgaatgtctctcgac_t10.a.r2,resistant
ctgagcgagtggtgac_c.r2,sensitive
ctgagcgcagagttgg_c.r2,sensitive
ctgagcgcatagatcc_c.r2,sensitive
ctgagcgcatcggaga_c.r2,sensitive
ctgagcgcatctcaag_c.r2,sensitive
ctgagcggtatggttc_c.r2,sensitive
ctgaggcaggtcatct_t10.a.r2,resistant
ctgaggccacaagccc_t10.a.r2,resistant
ctgaggcgttaagaac_c.r2,sensitive
ctgaggctcacttcta_c.r2,sensitive
ctgaggctccctcgat_t10.a.r2,resistant
ctgaggctcttgattc_c.r2,sensitive
ctgatcccaagtacct_t10.a.r2,resistant
ctgcaggaggcaccaa_t10.a.r2,resistant
ctgcaggagtcattgc_c.r2,sensitive
ctgcaggcactaacgt_c.r2,sensitive
ctgcagggtagcacag_c.r2,sensitive
ctgcagggtctgtagt_c.r2,sensitive
ctgcagggtgtcatgt_t10.a.r2,resistant
ctgcagggtttcgtga_t10.a.r2,resistant
ctgcaggtccctcaac_c.r2,sensitive
ctgcatccaaatgctc_t10.a.r2,resistant
ctgcatccacttcctg_c.r2,sensitive
ctgcatcgtcgtatgt_c.r2,sensitive
ctgcatctcgtctaag_t10.a.r2,resistant
ctgccatagcctctct_c.r2,sensitive
ctgccatagctcgtgc_c.r2,sensitive
ctgccatcaagcgatg_c.r2,sensitive
ctgccatcaaggtcga_c.r2,sensitive
ctgccatcacgccagt_c.r2,sensitive
ctgccatcacttgagt_c.r2,sensitive
ctgcctaaggttgagc_c.r2,sensitive
ctgcctacatgtgact_c.r2,sensitive
ctgcctacattatgcg_c.r2,sensitive
ctgcctagtcagcgtc_c.r2,sensitive
ctgcctagtcgcgttg_c.r2,sensitive
ctgcgagagaagcgct_c.r2,sensitive
ctgcgagagcattgaa_c.r2,sensitive
ctgcgagcaataccca_c.r2,sensitive
ctgcgaggtacgattc_t10.a.r2,resistant
ctgcgagtcatcctat_t10.a.r2,resistant
ctgcgagtccgttggg_t10.a.r2,resistant
ctgcgagtcttgattc_t10.a.r2,resistant
ctgctcaaggttctac_c.r2,sensitive
ctgctcagtggatcga_c.r2,sensitive
ctgctcatccgagatt_c.r2,sensitive
ctggacgaggtgcatg_t10.a.r2,resistant
ctggacggtagcgtcc_c.r2,sensitive
ctggacggtggaacca_c.r2,sensitive
ctggacgtcatgacac_c.r2,sensitive
ctggacgtcgagtgag_c.r2,sensitive
ctggcagcaacacact_c.r2,sensitive
ctggcagcaccattcc_c.r2,sensitive
ctggcagcaccttcca_t10.a.r2,resistant
ctggcagtcgaaacaa_t10.a.r2,resistant
ctggtctagtagtcct_c.r2,sensitive
ctggtctagtgcactt_c.r2,sensitive
ctggtctagtgtagta_c.r2,sensitive
ctggtctgtcagtcta_c.r2,sensitive
ctggtcttcatgcatg_t10.a.r2,resistant
ctgtacccagctacta_t10.a.r2,resistant
ctgtacccatgcagcc_c.r2,sensitive
ctgtacctccgatctc_c.r2,sensitive
ctgtagaaggtatctc_c.r2,sensitive
ctgtagacagaggaaa_c.r2,sensitive
ctgtagagtccgacgt_c.r2,sensitive
ctgtattagacagtcg_t10.a.r2,resistant
ctgtattagtttgctg_c.r2,sensitive
ctgtattgtaggtcag_c.r2,sensitive
ctgtattgtttacgtg_t10.a.r2,resistant
ctgtgaacaagctact_t10.a.r2,resistant
ctgtgaacatgtgtca_c.r2,sensitive
ctgtgaagtcttgcgg_c.r2,sensitive
ctgtgaagtggacagt_t10.a.r2,resistant
ctgtgaagttacccaa_t10.a.r2,resistant
ctgtgaatctaggcat_c.r2,sensitive
ctgtgggaggcatgca_c.r2,sensitive
ctgtgggcaaatagca_t10.a.r2,resistant
ctgtgggtcgacatca_c.r2,sensitive
ctgtgggtctctggtc_c.r2,sensitive
cttaccgcacagcctg_t10.a.r2,resistant
cttaccgcagtttggt_c.r2,sensitive
cttaccggtaatcaga_c.r2,sensitive
cttaccggtagtggca_c.r2,sensitive
cttaccggtcctgttc_t10.a.r2,resistant
cttaggacaagcgcaa_c.r2,sensitive
cttaggagtagacagc_t10.a.r2,resistant
cttcaatagagggcga_t10.a.r2,resistant
cttcaatcacacggaa_c.r2,sensitive
cttcaatcacgacaag_t10.a.r2,resistant
cttcaatcatcatccc_t10.a.r2,resistant
cttcaatgtggtcaag_c.r2,sensitive
cttcaatgtggtccgt_c.r2,sensitive
cttccgaagacgcatg_t10.a.r2,resistant
cttccgacaacagccc_c.r2,sensitive
cttccgacacaagcag_c.r2,sensitive
cttccgacagctacat_t10.a.r2,resistant
cttccgatcaactctt_t10.a.r2,resistant
cttccgatccaaccaa_c.r2,sensitive
cttccgatcttctaac_t10.a.r2,resistant
cttccttagagcgact_t10.a.r2,resistant
cttccttcaaagcaat_t10.a.r2,resistant
cttcggtagaacgcgt_t10.a.r2,resistant
cttcggtgtataatgg_c.r2,sensitive
cttcggttctacacag_c.r2,sensitive
cttcggttctctgacc_c.r2,sensitive
cttctaaaggtagtat_c.r2,sensitive
cttctaacacacttag_c.r2,sensitive
cttctaagtgagtgac_t10.a.r2,resistant
cttctaatctcgcttg_c.r2,sensitive
cttctaatctttggag_t10.a.r2,resistant
cttctctagctctatg_c.r2,sensitive
cttctctgtatgggac_c.r2,sensitive
cttctcttctcttgcg_c.r2,sensitive
cttctcttctgcatga_c.r2,sensitive
cttgagagtcatcagt_c.r2,sensitive
cttgattagaaactac_t10.a.r2,resistant
cttgattaggagagta_c.r2,sensitive
cttgattagtgatcgg_c.r2,sensitive
cttgatttctagacca_c.r2,sensitive
ctttcaaagcagccct_t10.a.r2,resistant
ctttcaacaccaggtc_c.r2,sensitive
ctttcaacagtcggaa_c.r2,sensitive
ctttcaacatcatctt_c.r2,sensitive
ctttcaatcagactgt_c.r2,sensitive
ctttcaatcatcaccc_c.r2,sensitive
ctttcaatccacaggc_c.r2,sensitive
ctttcggtcttggaac_t10.a.r2,resistant
gaaacctcagaattcc_t10.a.r2,resistant
gaaacctgtttcgtag_c.r2,sensitive
gaaatgacagaccatt_c.r2,sensitive
gaaatgacagcagtga_c.r2,sensitive
gaaatgagtcatcggc_t10.a.r2,resistant
gaacactagaggtcgt_t10.a.r2,resistant
gaacactgtaacaagt_c.r2,sensitive
gaacacttcaagcccg_c.r2,sensitive
gaacacttcgccagac_c.r2,sensitive
gaacgttagggtagct_t10.a.r2,resistant
gaacgttgtcgtcggt_t10.a.r2,resistant
gaacgttgtctgtcaa_t10.a.r2,resistant
gaacgtttcagcaatc_t10.a.r2,resistant
gaactgtagtctagaa_c.r2,sensitive
gaactgtcatagactc_c.r2,sensitive
gaactgtcatcgatac_t10.a.r2,resistant
gaactgtgtaactaag_t10.a.r2,resistant
gaactgttccatctat_t10.a.r2,resistant
gaagaatagacgctcc_t10.a.r2,resistant
gaagaataggccttcg_c.r2,sensitive
gaagcccagttgtaag_t10.a.r2,resistant
gaagccccaattgcca_t10.a.r2,resistant
gaagccccatgactgt_c.r2,sensitive
gaagccccattcctat_c.r2,sensitive
gaagcgaagacgtccc_t10.a.r2,resistant
gaagcgaagtgataac_t10.a.r2,resistant
gaagcgatcctgttgc_t10.a.r2,resistant
gaaggacagtttcttc_c.r2,sensitive
gaaggacgtcacgacc_t10.a.r2,resistant
gaaggacgtccacgca_c.r2,sensitive
gaaggacgtggtctcg_c.r2,sensitive
gaaggactcaccgacg_t10.a.r2,resistant
gaaggactcattgcga_t10.a.r2,resistant
gaagggtcaagatggc_c.r2,sensitive
gaagggtgtttcggcg_t10.a.r2,resistant
gaagggttcactgaac_c.r2,sensitive
gaagggttcctggtct_c.r2,sensitive
gaagggttctacaggt_c.r2,sensitive
gaagtaaaggagaggc_c.r2,sensitive
gaagtaaagtaaatgc_t10.a.r2,resistant
gaagtaacaggtgttt_t10.a.r2,resistant
gaagtaatccggacgt_c.r2,sensitive
gaatagaagacggaaa_c.r2,sensitive
gaatagacaaccgtat_t10.a.r2,resistant
gaatagacacgctgtg_c.r2,sensitive
gaatagacagcatact_c.r2,sensitive
gaatagagtagcgctc_c.r2,sensitive
gaatcacagccaagca_t10.a.r2,resistant
gaatcacgtcactaca_c.r2,sensitive
gaatcacgtccagcca_c.r2,sensitive
gaatcgtagactacct_t10.a.r2,resistant
gaatcgttcgtgggaa_c.r2,sensitive
gaatcgttctagacac_c.r2,sensitive
gacacgccaacgttac_c.r2,sensitive
gacacgcgtaccgtgc_t10.a.r2,resistant
gacacgcgtcaagcga_t10.a.r2,resistant
gacacgcgttcaggtt_c.r2,sensitive
gacagccagaaactgt_c.r2,sensitive
gacagccagtggaaga_c.r2,sensitive
gacagccgttcgagcc_t10.a.r2,resistant
gacatcaaggtgctga_c.r2,sensitive
gacatcacaacagata_c.r2,sensitive
gacatcacaagatcct_c.r2,sensitive
gacatcagtatcgtac_t10.a.r2,resistant
gacatcagtcacagag_t10.a.r2,resistant
gacatcatcatgtcag_c.r2,sensitive
gaccaatgtatcgtac_t10.a.r2,resistant
gaccaattcgaactca_c.r2,sensitive
gacccagagtcgaagc_t10.a.r2,resistant
gacccaggttaccctc_c.r2,sensitive
gacccttagccgaatg_c.r2,sensitive
gacccttcagctgtcg_c.r2,sensitive
gacccttgtcctcatc_c.r2,sensitive
gacccttgttcatctt_c.r2,sensitive
gacccttgttgttgac_c.r2,sensitive
gaccctttcaactacg_c.r2,sensitive
gaccctttcatagaga_t10.a.r2,resistant
gaccgtgaggaggttc_t10.a.r2,resistant
gaccgtgcaccggtca_t10.a.r2,resistant
gaccgtgcagaagtgc_t10.a.r2,resistant
gaccgtggtgattggg_t10.a.r2,resistant
gaccttcagccggata_t10.a.r2,resistant
gaccttccaggactag_t10.a.r2,resistant
gaccttcgtctgcctt_c.r2,sensitive
gaccttcgtgtccctt_t10.a.r2,resistant
gaccttcgttatctgg_t10.a.r2,resistant
gacgctggttattcct_c.r2,sensitive
gacgctgtcaggacga_t10.a.r2,resistant
gacgctgtcgagttgt_t10.a.r2,resistant
gacgttacaaggtcag_c.r2,sensitive
gacgttacactaggtt_c.r2,sensitive
gacgttagtatggtaa_c.r2,sensitive
gacgttagtcaggcaa_c.r2,sensitive
gacgttagtgtcctaa_c.r2,sensitive
gactatgagtaaccgg_t10.a.r2,resistant
gactatgcagtgggta_c.r2,sensitive
gactatggttcggcca_c.r2,sensitive
gactcaaagaagctcg_t10.a.r2,resistant
gactcaaagactaagt_t10.a.r2,resistant
gactcaaaggccttcg_c.r2,sensitive
gactcaacaagtgtct_c.r2,sensitive
gactcaagtgtagcag_t10.a.r2,resistant
gactctccactaggtt_t10.a.r2,resistant
gactgatagcactcgc_c.r2,sensitive
gactgatagccgcact_c.r2,sensitive
gactgatgtccggtgt_c.r2,sensitive
gactgatgtcgagttt_t10.a.r2,resistant
gacttccagaagctcg_c.r2,sensitive
gacttccgtgaaagtt_t10.a.r2,resistant
gacttccgtttcgtga_c.r2,sensitive
gagaaatgtagagacc_t10.a.r2,resistant
gagaaattccaacaca_c.r2,sensitive
gagaaattcgctagcg_c.r2,sensitive
gagacccagactacgg_c.r2,sensitive
gagacccagggcaatc_c.r2,sensitive
gagacccagtcatgaa_c.r2,sensitive
gagaccccagagatgc_c.r2,sensitive
gagaccccagcaggat_t10.a.r2,resistant
gagacttagagggtct_c.r2,sensitive
gagacttcaactgatc_c.r2,sensitive
gagacttcagctcggt_c.r2,sensitive
gagacttcatattcgg_c.r2,sensitive
gagacttgtaatcaag_t10.a.r2,resistant
gagacttgtcactagt_c.r2,sensitive
gagacttgtgactcgc_t10.a.r2,resistant
gagaggtagaagtatc_c.r2,sensitive
gagaggtcagacaccc_c.r2,sensitive
gagaggtgtatgcgga_c.r2,sensitive
gagatggaggaaagac_c.r2,sensitive
gagatggagggtatat_t10.a.r2,resistant
gagatggcagaaccga_t10.a.r2,resistant
gagatggcataggagc_c.r2,sensitive
gagatgggtcacgacc_c.r2,sensitive
gagatgggtgtcctaa_c.r2,sensitive
gagatggtcaagaggc_t10.a.r2,resistant
gagcctgagtctagct_t10.a.r2,resistant
gagctgctctaggcat_c.r2,sensitive
gagctgctctcatgcc_c.r2,sensitive
gaggcaaagaatgttg_t10.a.r2,resistant
gaggcaacatgacgag_t10.a.r2,resistant
gaggcaatccgtccta_c.r2,sensitive
gaggcctagggcaagg_c.r2,sensitive
gaggcctagtcaacaa_t10.a.r2,resistant
gaggcctcatccaaca_c.r2,sensitive
gaggcctgtcgagatg_t10.a.r2,resistant
gagggatagcaggcta_t10.a.r2,resistant
gagggatagcttgttg_c.r2,sensitive
gagggatcaacgaggt_c.r2,sensitive
gagggattccgtagta_t10.a.r2,resistant
gagggattcgagagac_c.r2,sensitive
gagggtaagaagcctg_c.r2,sensitive
gagggtacagaggttg_c.r2,sensitive
gagggtatcgcattag_c.r2,sensitive
gagggtatcttctcaa_t10.a.r2,resistant
gagtcatagcctatca_t10.a.r2,resistant
gagtcataggcgcttc_t10.a.r2,resistant
gagtcataggtcacag_c.r2,sensitive
gagtcatcagcgcgtt_t10.a.r2,resistant
gagtcattcctaagtg_t10.a.r2,resistant
gagtctagtgctccga_t10.a.r2,resistant
gagtgagagcatcaaa_t10.a.r2,resistant
gagtgttagtactggg_t10.a.r2,resistant
gagtgttgtaggactg_t10.a.r2,resistant
gagtgttgtatgtcca_t10.a.r2,resistant
gagtgttgtgctctct_c.r2,sensitive
gagtgttgttctcgct_t10.a.r2,resistant
gagtgtttcatgccgg_t10.a.r2,resistant
gagtgtttctaaacgc_c.r2,sensitive
gagttaccaaactgct_c.r2,sensitive
gagttaccagaccatt_c.r2,sensitive
gagttactcatgccaa_t10.a.r2,resistant
gagttactcgattgac_c.r2,sensitive
gagttgtagtcgaggt_c.r2,sensitive
gagttgtcaccctagg_c.r2,sensitive
gagttgtgtagagtta_t10.a.r2,resistant
gagttgtgtccaatca_c.r2,sensitive
gagttgttccgcactt_t10.a.r2,resistant
gagttgttctgacagt_c.r2,sensitive
gagtttgcagcgtgct_c.r2,sensitive
gagtttgtcaactttc_c.r2,sensitive
gatagaaagcatttgc_c.r2,sensitive
gatagaaagctcttcc_c.r2,sensitive
gatagaaaggttgacg_t10.a.r2,resistant
gatagaacaagatgta_c.r2,sensitive
gatagaacacttgaca_c.r2,sensitive
gatagaacagagtcag_c.r2,sensitive
gatagaagtgttcgat_c.r2,sensitive
gatagaatcatttcca_t10.a.r2,resistant
gatagctaggctgaac_t10.a.r2,resistant
gatagctagttctctt_c.r2,sensitive
gatagctcatagatcc_c.r2,sensitive
gatagctgtaggatat_c.r2,sensitive
gatagcttcaccatcc_c.r2,sensitive
gatcacacaaagggct_c.r2,sensitive
gatcacacacttcaga_c.r2,sensitive
gatcacagtcttcaag_c.r2,sensitive
gatcacatctttggag_c.r2,sensitive
gatcagtgtaataccc_c.r2,sensitive
gatcagtgtacagtct_t10.a.r2,resistant
gatcagttcgacctaa_c.r2,sensitive
gatcagttctcatgga_t10.a.r2,resistant
gatcatgtccacttcg_c.r2,sensitive
gatcatgtcgatccct_t10.a.r2,resistant
gatccctagtgtcatc_t10.a.r2,resistant
gatccctcaggactag_c.r2,sensitive
gatccctcaggcgata_c.r2,sensitive
gatccctgtatcagct_c.r2,sensitive
gatcccttctttcgat_t10.a.r2,resistant
gatcgtaagggcagag_c.r2,sensitive
gatcgtaaggtagtcg_t10.a.r2,resistant
gatcgtaaggtcattc_c.r2,sensitive
gatcgtacaatcagct_t10.a.r2,resistant
gatcgtacacgacaga_t10.a.r2,resistant
gatcgtacacggtctg_t10.a.r2,resistant
gatcgtacatgagata_c.r2,sensitive
gatcgtatcagtgcgc_c.r2,sensitive
gatgacttcacggtcg_c.r2,sensitive
gatgaggcatgccgca_c.r2,sensitive
gatgagggtagttcca_t10.a.r2,resistant
gatgagggtatccctc_t10.a.r2,resistant
gatgagggtatcgcta_c.r2,sensitive
gatgaggtccagttcc_t10.a.r2,resistant
gatgatccagccttct_t10.a.r2,resistant
gatgatccataggttc_c.r2,sensitive
gatgatccattaagcc_c.r2,sensitive
gatgatcgtgtaaaca_c.r2,sensitive
gatgatctcgtcaaac_t10.a.r2,resistant
gatgatctctaccaga_t10.a.r2,resistant
gatgctacacaaatag_t10.a.r2,resistant
gatgctacagtcagtt_t10.a.r2,resistant
gatgctagtgtacatc_t10.a.r2,resistant
gatgctatcggtcgac_t10.a.r2,resistant
gatggagagatggtcg_c.r2,sensitive
gatggagcagaggtac_t10.a.r2,resistant
gatggaggtcccacga_c.r2,sensitive
gatggaggtgctgatt_t10.a.r2,resistant
gatggaggtgtgcctg_c.r2,sensitive
gatggagtcatgccgg_t10.a.r2,resistant
gatggagtcctactgc_c.r2,sensitive
gatgttgaggtcctgc_c.r2,sensitive
gatgttgagttacggg_t10.a.r2,resistant
gatgttgcagaagctg_c.r2,sensitive
gatgttgcagacgatg_c.r2,sensitive
gatgttggtcgtcagc_c.r2,sensitive
gattcgacaccaaagg_t10.a.r2,resistant
gattcgacagtaggac_t10.a.r2,resistant
gattcgagtggaacca_t10.a.r2,resistant
gattcgatccaagcat_t10.a.r2,resistant
gattcgatccgtgcga_c.r2,sensitive
gattcgatcggtaact_c.r2,sensitive
gattcgatctctgctg_t10.a.r2,resistant
gattcttagcagtctt_c.r2,sensitive
gattcttagccgattt_t10.a.r2,resistant
gattcttcagggatac_t10.a.r2,resistant
gattcttgtgcgtgct_c.r2,sensitive
gattcttgttaacaga_c.r2,sensitive
gattggtgtaaggctg_t10.a.r2,resistant
gattggtgtttgatcg_c.r2,sensitive
gattggttcgttgcct_t10.a.r2,resistant
gatttctagagaaccc_t10.a.r2,resistant
gatttctcagctttcc_c.r2,sensitive
gcaacatcacactggc_c.r2,sensitive
gcaacatcacattgtg_t10.a.r2,resistant
gcaacattctttcagt_c.r2,sensitive
gcaaccgcattctcta_c.r2,sensitive
gcaaccggttgcattg_c.r2,sensitive
gcacataagcaaatca_t10.a.r2,resistant
gcacatagtcatcgcg_c.r2,sensitive
gcacatatcgcctagg_c.r2,sensitive
gcacggtagcgacagt_c.r2,sensitive
gcacggtcaacaagat_c.r2,sensitive
gcacggtcacagtact_c.r2,sensitive
gcacggtgtaactgct_t10.a.r2,resistant
gcacggtgtcgtcagc_t10.a.r2,resistant
gcacggtgtttgccgg_t10.a.r2,resistant
gcacggttcagcttcc_c.r2,sensitive
gcacggttcttagccc_t10.a.r2,resistant
gcacgtgagaatcgcg_c.r2,sensitive
gcacgtggtatgatcc_c.r2,sensitive
gcacgtggtcaaagta_c.r2,sensitive
gcacgtggtgtgatgg_c.r2,sensitive
gcacgtgtccagcacg_t10.a.r2,resistant
gcacgtgtctgaacgt_t10.a.r2,resistant
gcacgtgtctgcgtct_c.r2,sensitive
gcactaaagcgttcat_t10.a.r2,resistant
gcactaacaccctagg_c.r2,sensitive
gcactaacatcgctaa_c.r2,sensitive
gcactaacatcttcgc_c.r2,sensitive
gcactaagtctaacgt_c.r2,sensitive
gcactaagtggctctg_t10.a.r2,resistant
gcagccaagcgcccat_c.r2,sensitive
gcagccaaggtcccgt_c.r2,sensitive
gcagccacaaagacgc_c.r2,sensitive
gcagctgcacacgtgc_c.r2,sensitive
gcagctgcactctcgt_t10.a.r2,resistant
gcagctggtatgcgga_c.r2,sensitive
gcaggctagacgtcga_c.r2,sensitive
gcaggctagcgtgcct_t10.a.r2,resistant
gcaggctagcttaaga_c.r2,sensitive
gcagttaagctatcca_t10.a.r2,resistant
gcagttaaggcctaga_c.r2,sensitive
gcagttacaagggcat_c.r2,sensitive
gcagttagtgtacgcc_c.r2,sensitive
gcagttatcggtgtta_t10.a.r2,resistant
gcagttatctccgcat_c.r2,sensitive
gcatcggagacacacg_c.r2,sensitive
gcatcggagtggactg_t10.a.r2,resistant
gcatcggagttctctt_t10.a.r2,resistant
gcatcggcagccatta_t10.a.r2,resistant
gcatcggtctcctgtg_t10.a.r2,resistant
gcatctcaggtatctc_c.r2,sensitive
gcatctcgtagacggt_t10.a.r2,resistant
gcatctcgtttcgctc_t10.a.r2,resistant
gcatctctcccattcg_c.r2,sensitive
gcatgatagagaatct_c.r2,sensitive
gcatgatcaaacacgg_t10.a.r2,resistant
gcattagaggtagcac_c.r2,sensitive
gcattagaggttccat_c.r2,sensitive
gcattagcacgacgtc_t10.a.r2,resistant
gcattagcacgcgtgt_c.r2,sensitive
gcattagcatccgaat_c.r2,sensitive
gcattagtcgtcgacg_t10.a.r2,resistant
gcattagtctctatac_c.r2,sensitive
gccaacgaggcttaaa_c.r2,sensitive
gccaacgcagttcaca_c.r2,sensitive
gccaacggtcatacca_t10.a.r2,resistant
gccaacggtccacgca_t10.a.r2,resistant
gccaacgtcccaggac_t10.a.r2,resistant
gccaacgtctggtgcg_c.r2,sensitive
gccagcaagccggaat_c.r2,sensitive
gccagcaagcctccag_c.r2,sensitive
gccagcaagcgactag_t10.a.r2,resistant
gccaggtcacctatcc_c.r2,sensitive
gccagtgaggtcattc_t10.a.r2,resistant
gccagtggtactgcgc_c.r2,sensitive
gccagtgtcgagaaat_c.r2,sensitive
gccagtgtctgggaga_t10.a.r2,resistant
gccagtgtctgttgga_c.r2,sensitive
gccatggagtaacctc_c.r2,sensitive
gccatgggtaggacca_c.r2,sensitive
gccatgggtgaatgta_c.r2,sensitive
gccatgggttgtttgg_c.r2,sensitive
gccattccagttgttg_t10.a.r2,resistant
gccattcgtcgaatgg_c.r2,sensitive
gcccagaagtaacgat_t10.a.r2,resistant
gcccagacacacggaa_c.r2,sensitive
gcccagacacacggtc_t10.a.r2,resistant
gcccagacactggcgt_t10.a.r2,resistant
gcccagagtcgaacag_t10.a.r2,resistant
gcccagatcttcgtat_t10.a.r2,resistant
gcccgaaagtggcgat_t10.a.r2,resistant
gcccgaacacaaatga_c.r2,sensitive
gcccgaacatcatctt_t10.a.r2,resistant
gccgatgcacaagccc_t10.a.r2,resistant
gccgatgcaccacata_c.r2,sensitive
gccgatgcaggaagtc_t10.a.r2,resistant
gccgatggtgcattac_t10.a.r2,resistant
gccgatggtgggattg_c.r2,sensitive
gccgatgtccgtgtct_c.r2,sensitive
gccgtgaagtggactg_t10.a.r2,resistant
gccgtgacaggtgagt_c.r2,sensitive
gccgtgagtggcatcc_c.r2,sensitive
gccgtgagtgtctaac_t10.a.r2,resistant
gcctgttagaggttat_c.r2,sensitive
gcctgttcaagtgtct_c.r2,sensitive
gcctgtttcggcatat_t10.a.r2,resistant
gcctgtttctcgtcac_t10.a.r2,resistant
gcgagaacaccactgg_t10.a.r2,resistant
gcgagaacatcaacca_t10.a.r2,resistant
gcgagaatcaagtctg_t10.a.r2,resistant
gcgagaatcatgccct_t10.a.r2,resistant
gcgatcgagactacgg_c.r2,sensitive
gcgatcgagctgcctg_t10.a.r2,resistant
gcgatcggtcggaaca_t10.a.r2,resistant
gcgatcgtcattacct_c.r2,sensitive
gcgatcgtcccacagg_c.r2,sensitive
gcgatcgtcgtcgata_c.r2,sensitive
gcggaaaaggtagcac_c.r2,sensitive
gcggaaacagtcagag_c.r2,sensitive
gcggaaatccagcaat_c.r2,sensitive
gcggaaatctcaggcg_t10.a.r2,resistant
gcggatcagggccaat_c.r2,sensitive
gcggatccacgtcata_t10.a.r2,resistant
gcggatcgtcggccta_c.r2,sensitive
gcggatcgttctcctg_t10.a.r2,resistant
gcggatctcgacacta_c.r2,sensitive
gcgtgcacagacaata_c.r2,sensitive
gcgtgcacatgacgtt_t10.a.r2,resistant
gcgtgcatccatccgt_c.r2,sensitive
gcgtgcatcgaagcag_t10.a.r2,resistant
gcgtgcatcgtgtgat_t10.a.r2,resistant
gcgtttccacagaagc_c.r2,sensitive
gcgtttccacgcaaag_t10.a.r2,resistant
gcgtttccactatgtg_c.r2,sensitive
gcgtttcgtagttacc_t10.a.r2,resistant
gcgtttctcggtcagc_t10.a.r2,resistant
gctacaacacagacga_t10.a.r2,resistant
gctacaacagctttga_t10.a.r2,resistant
gctacaacatacatcg_c.r2,sensitive
gctacaagtactgccg_t10.a.r2,resistant
gctacaagtgaccgtc_t10.a.r2,resistant
gctacaatcacatacg_c.r2,sensitive
gctacctagagtaact_t10.a.r2,resistant
gctacctaggcagcta_c.r2,sensitive
gctacctaggcgaagg_c.r2,sensitive
gctacctgttgtaaag_c.r2,sensitive
gctaccttcgttctgc_t10.a.r2,resistant
gctcaaaagcgagtac_t10.a.r2,resistant
gctcaaaagtgaggct_c.r2,sensitive
gctcaaacaacacaaa_c.r2,sensitive
gctcaaacatgaatag_c.r2,sensitive
gctcaaagtgagtgac_t10.a.r2,resistant
gctcaaatcgtgacta_c.r2,sensitive
gctcaaatctgcgggt_c.r2,sensitive
gctgaatagtagcata_c.r2,sensitive
gctgaattcagtcatg_t10.a.r2,resistant
gctgaattctttctag_c.r2,sensitive
gctgcagcagttaaag_t10.a.r2,resistant
gctgggtcacaggatg_t10.a.r2,resistant
gctgggtcatgcagga_c.r2,sensitive
gctgggtgtagacgtg_c.r2,sensitive
gctgggtgttcacgat_t10.a.r2,resistant
gctgggtgttggaccc_c.r2,sensitive
gctgggttcccagcga_c.r2,sensitive
gctgggttctctcgac_c.r2,sensitive
gcttcacagtggttaa_c.r2,sensitive
gcttcacagttaacga_c.r2,sensitive
gcttcaccagagtctt_c.r2,sensitive
gcttcaccattcacag_c.r2,sensitive
gcttcactcgcctcta_t10.a.r2,resistant
gcttggggtcctacaa_t10.a.r2,resistant
gcttgggtcgtcacct_c.r2,sensitive
gcttgggtctgaacgt_t10.a.r2,resistant
gcttgggtcttagcag_t10.a.r2,resistant
gctttcgcagaacgca_c.r2,sensitive
gctttcggtgtccata_c.r2,sensitive
gctttcgtcaatcagc_c.r2,sensitive
ggaacccagatggtat_t10.a.r2,resistant
ggaaccccaggtcaga_c.r2,sensitive
ggaagtgcactttatc_c.r2,sensitive
ggaagtggttcgggtc_c.r2,sensitive
ggaatctagcgttcat_t10.a.r2,resistant
ggaatctagtcacgag_t10.a.r2,resistant
ggaatctcagttaggg_t10.a.r2,resistant
ggaatctgtacgctta_c.r2,sensitive
ggaatctgtctgatca_c.r2,sensitive
ggaatcttcggcttgg_c.r2,sensitive
ggaatggagagtcgac_c.r2,sensitive
ggaatggtcctgtacc_t10.a.r2,resistant
ggacgtccatcagtca_t10.a.r2,resistant
ggacgtcgttgactac_c.r2,sensitive
ggacgtctcgcacggt_c.r2,sensitive
ggagaacagagagggc_c.r2,sensitive
ggagaacagagtatac_t10.a.r2,resistant
ggagaacagtttagga_c.r2,sensitive
ggagaaccaacggcct_c.r2,sensitive
ggagaaccatctcaag_t10.a.r2,resistant
ggagaactcaacccgg_t10.a.r2,resistant
ggagatgagggcagtt_t10.a.r2,resistant
ggagatgtcctagctc_t10.a.r2,resistant
ggagcaaagcgcctac_t10.a.r2,resistant
ggagcaacacacggaa_t10.a.r2,resistant
ggagcaagtaactaag_c.r2,sensitive
ggaggatagaccgcct_c.r2,sensitive
ggaggatgtctgtagt_c.r2,sensitive
ggaggattccggcaac_c.r2,sensitive
ggaggtacacgttggc_c.r2,sensitive
ggaggtagtatacaga_t10.a.r2,resistant
ggaggtagttgcacgc_t10.a.r2,resistant
ggaggtatcaagttgc_t10.a.r2,resistant
ggatctaaggtgcttt_c.r2,sensitive
ggatctacataccatg_t10.a.r2,resistant
ggatctagtaacccta_t10.a.r2,resistant
ggatctagttatggtc_t10.a.r2,resistant
ggatctatcaacgtgt_c.r2,sensitive
ggatgttagaccagca_t10.a.r2,resistant
ggatgttagccgatag_c.r2,sensitive
ggatgttagtcataga_c.r2,sensitive
ggatgttagttcaacc_c.r2,sensitive
ggatgttcaaatcaag_t10.a.r2,resistant
ggatgttgtacattgc_c.r2,sensitive
ggatgttgtatctcga_c.r2,sensitive
ggatgttgtccatagt_t10.a.r2,resistant
ggatgtttccgacata_c.r2,sensitive
ggcacgtagacgactg_t10.a.r2,resistant
ggcacgtcaatagagt_c.r2,sensitive
ggcagtccaaccagag_c.r2,sensitive
ggcagtccaaggtacg_t10.a.r2,resistant
ggcagtccagagatgc_t10.a.r2,resistant
ggcagtccagcctata_c.r2,sensitive
ggcagtcgtcagtcta_c.r2,sensitive
ggcgtcaagtggcgat_c.r2,sensitive
ggcgtcacaacacgtt_c.r2,sensitive
ggcgtcacaagcacag_t10.a.r2,resistant
ggcgtcacactcagat_t10.a.r2,resistant
ggcgtcacaggagact_c.r2,sensitive
ggcgtcacagttaggg_c.r2,sensitive
ggcgtcagtacgttca_c.r2,sensitive
ggcgtcatcggtagag_t10.a.r2,resistant
ggctgtgagcttcgta_c.r2,sensitive
ggctgtggtcaagccc_c.r2,sensitive
ggctgtggtgggacat_c.r2,sensitive
ggctgtgtcctagctc_c.r2,sensitive
ggcttggcaacgtaaa_c.r2,sensitive
ggcttggcagactcta_c.r2,sensitive
ggcttgggtgcaacag_t10.a.r2,resistant
ggctttcagcaaccag_t10.a.r2,resistant
ggctttccagcagtag_c.r2,sensitive
ggctttccaggattct_c.r2,sensitive
ggctttccataaccca_c.r2,sensitive
ggctttctcgcaatgt_t10.a.r2,resistant
gggaagtagggttagc_t10.a.r2,resistant
gggaagtcattgcaac_c.r2,sensitive
gggaagtgtcggtaag_c.r2,sensitive
gggaagttcaggacga_t10.a.r2,resistant
gggaagttctacacag_c.r2,sensitive
gggacaaagaaagtct_c.r2,sensitive
gggacaaagattagac_t10.a.r2,resistant
gggacaacaagagtgc_c.r2,sensitive
gggacaagtcggtgaa_t10.a.r2,resistant
gggacctcaaatcggg_t10.a.r2,resistant
gggacctgttcatctt_t10.a.r2,resistant
gggactccaagagatt_t10.a.r2,resistant
gggactccagctgaag_c.r2,sensitive
gggactctcccgttgt_c.r2,sensitive
gggactctcggtcgac_c.r2,sensitive
gggagatagcggtaac_c.r2,sensitive
gggagataggtaagtt_c.r2,sensitive
gggagatcagcgcttg_c.r2,sensitive
gggagatgtagggtac_c.r2,sensitive
gggagatgtcccgtga_c.r2,sensitive
gggagatgtgtctcct_t10.a.r2,resistant
gggagatgttcttagg_c.r2,sensitive
gggagtacacggcact_c.r2,sensitive
gggagtagtacggttt_t10.a.r2,resistant
gggagtagtggcactc_c.r2,sensitive
gggagtatcgtggcgt_c.r2,sensitive
gggatcctccaaggga_c.r2,sensitive
gggatcctcgcattag_t10.a.r2,resistant
gggatgaagccagagt_c.r2,sensitive
gggccattcgacccag_c.r2,sensitive
gggcgttcagtcttcc_t10.a.r2,resistant
gggcgttgtttagacc_c.r2,sensitive
gggctacagcgttcat_t10.a.r2,resistant
gggctacgtcaatggg_t10.a.r2,resistant
gggctactccttatca_c.r2,sensitive
gggctcaagactcaaa_c.r2,sensitive
gggctcaaggcctgaa_c.r2,sensitive
gggctcagtgctgtcg_c.r2,sensitive
gggctcatcacaatgc_t10.a.r2,resistant
gggctcatccactggg_t10.a.r2,resistant
gggtagagtctacaac_t10.a.r2,resistant
gggtattagaagagca_c.r2,sensitive
gggtattcagaggact_t10.a.r2,resistant
gggtatttcagtcatg_c.r2,sensitive
gggtatttcttccagc_t10.a.r2,resistant
gggtcacaggccacct_c.r2,sensitive
gggtcactctacctta_c.r2,sensitive
gggtctgtccggactg_c.r2,sensitive
gggtctgtcgccagac_t10.a.r2,resistant
gggtgaaagatgggct_t10.a.r2,resistant
gggtgaacacttgagt_c.r2,sensitive
gggtgaacagaagtgc_c.r2,sensitive
gggtgtccaagatcct_c.r2,sensitive
gggtgtccaatcagct_c.r2,sensitive
gggtgtcgtgtctcct_t10.a.r2,resistant
gggtgtcgttacggag_t10.a.r2,resistant
gggttatcactgattg_t10.a.r2,resistant
gggtttacaagaatgt_t10.a.r2,resistant
gggtttacaggaatcg_t10.a.r2,resistant
gggtttagtgcattac_t10.a.r2,resistant
ggtaactagaacttcc_t10.a.r2,resistant
ggtaactagctagata_c.r2,sensitive
ggtaactcatagaatg_t10.a.r2,resistant
ggtaactgtcgtggtc_c.r2,sensitive
ggtaactgtggaccaa_c.r2,sensitive
ggtaactgttgcacgc_t10.a.r2,resistant
ggtaacttccgaggct_t10.a.r2,resistant
ggtaacttctaggaaa_t10.a.r2,resistant
ggtaacttctgattct_t10.a.r2,resistant
ggtaatccaatgtctg_c.r2,sensitive
ggtaatcgtacccgca_c.r2,sensitive
ggtaatcgttcctacc_t10.a.r2,resistant
ggtaatcgttgcaact_c.r2,sensitive
ggtaatcgtttacgtg_t10.a.r2,resistant
ggtaatctctaagcgt_t10.a.r2,resistant
ggtaatctctttcagt_c.r2,sensitive
ggtagagcagaattcc_t10.a.r2,resistant
ggtagaggtcgtattg_t10.a.r2,resistant
ggtagagtcccaggca_c.r2,sensitive
ggtagagtcgacgatt_t10.a.r2,resistant
ggtcacgagagcaaga_c.r2,sensitive
ggtcacgagatcactc_t10.a.r2,resistant
ggtcacggttgttgac_c.r2,sensitive
ggtcacgtcccgtgtt_t10.a.r2,resistant
ggtgattagctccacg_c.r2,sensitive
ggtgattaggaaaggt_c.r2,sensitive
ggtgattagtaacctc_c.r2,sensitive
ggtgattcaacacgtt_t10.a.r2,resistant
ggtgattcaactggtt_t10.a.r2,resistant
ggtgattcaagtgtct_c.r2,sensitive
ggtgattcacaaccgc_c.r2,sensitive
ggtgattgtacaacgg_c.r2,sensitive
ggtgattgtacaagcg_t10.a.r2,resistant
ggtgattgtcaccctt_t10.a.r2,resistant
ggtgatttctacgggc_c.r2,sensitive
ggtggctagctgcctg_c.r2,sensitive
ggtggctcaaatcggg_c.r2,sensitive
ggtggctcaactgccg_c.r2,sensitive
ggtggcttccgcataa_c.r2,sensitive
ggtggcttcgcatgat_c.r2,sensitive
ggtgtcgagggatcac_t10.a.r2,resistant
ggtgtcgcacaaatga_c.r2,sensitive
ggtgtcgtcaaatgcc_c.r2,sensitive
ggtgttaagagtaact_t10.a.r2,resistant
ggtgttaagccgaatg_t10.a.r2,resistant
ggtgttacagctgtgc_t10.a.r2,resistant
ggtgttagtggaagtc_c.r2,sensitive
ggtgttatcgcccaga_t10.a.r2,resistant
ggttaacagctccata_c.r2,sensitive
ggttaaccacagagac_c.r2,sensitive
ggttaactcaagtcgt_c.r2,sensitive
ggttctcagtcgtcta_c.r2,sensitive
ggttctctctagacac_c.r2,sensitive
ggttctctctccgagg_c.r2,sensitive
gtaacaccacacgtgc_c.r2,sensitive
gtaacaccagtaacgg_c.r2,sensitive
gtaacacgtatgagat_c.r2,sensitive
gtaacactcccaagcg_t10.a.r2,resistant
gtaacactcgcggact_t10.a.r2,resistant
gtaaccacattacggt_t10.a.r2,resistant
gtaaccagtaatgcgg_c.r2,sensitive
gtaaccagtgcggata_c.r2,sensitive
gtaagtcagctggtga_c.r2,sensitive
gtaagtccatcccgtt_c.r2,sensitive
gtaagtctcgacgatt_t10.a.r2,resistant
gtaagtctcttggctc_c.r2,sensitive
gtaatcgcaatacgaa_c.r2,sensitive
gtaatcggttccgcag_t10.a.r2,resistant
gtaatcgtcgagtact_c.r2,sensitive
gtaatgccactgcgac_t10.a.r2,resistant
gtaatgccagcgttta_c.r2,sensitive
gtaatgccatcggaga_c.r2,sensitive
gtaatgcgtaagattg_t10.a.r2,resistant
gtaatgcgtgtctaac_c.r2,sensitive
gtaatgcgtttagacc_c.r2,sensitive
gtaatgctctaacacg_t10.a.r2,resistant
gtacaaccaagaaact_c.r2,sensitive
gtacaaccaatccagt_c.r2,sensitive
gtacaaccatcgtggc_c.r2,sensitive
gtacaactcccgaacg_c.r2,sensitive
gtacaactccgaagga_c.r2,sensitive
gtacagtaggaggcag_t10.a.r2,resistant
gtacagtcacatgact_t10.a.r2,resistant
gtacagtgtcgtacat_c.r2,sensitive
gtagaaagtatagggc_c.r2,sensitive
gtagaaagtggcactc_t10.a.r2,resistant
gtagaaagttaagaca_c.r2,sensitive
gtagaaatccatagac_t10.a.r2,resistant
gtagaaatccgctgtt_t10.a.r2,resistant
gtagaggagggcttcc_t10.a.r2,resistant
gtagaggcagcaggat_t10.a.r2,resistant
gtagaggcatagcact_c.r2,sensitive
gtagagggtctgtgat_t10.a.r2,resistant
gtagatcagggacact_c.r2,sensitive
gtagatcgttgtcagt_c.r2,sensitive
gtaggagagctcacta_t10.a.r2,resistant
gtaggagagtacagcg_c.r2,sensitive
gtaggagcagtcagtt_c.r2,sensitive
gtaggttcagcgtacc_t10.a.r2,resistant
gtaggttgtttgttct_t10.a.r2,resistant
gtagtacaggtcgcct_t10.a.r2,resistant
gtagtaccactcgata_t10.a.r2,resistant
gtattggagcgatggt_c.r2,sensitive
gtattggaggataatc_c.r2,sensitive
gtattggcagctgaag_t10.a.r2,resistant
gtattgggtacattgc_t10.a.r2,resistant
gtattgggtgtccgtg_t10.a.r2,resistant
gtattgggttaggccc_t10.a.r2,resistant
gtattgggtttcgaca_c.r2,sensitive
gtattggtcctcagaa_t10.a.r2,resistant
gtattggtcgagctgc_t10.a.r2,resistant
gtatttctcggaatgg_t10.a.r2,resistant
gtcaaacagggtcttt_t10.a.r2,resistant
gtcaaacgtatctctt_c.r2,sensitive
gtcaaacgttgatcgt_t10.a.r2,resistant
gtcaaactctaggaaa_c.r2,sensitive
gtcaagtaggaagtag_c.r2,sensitive
gtcaagtaggctagca_t10.a.r2,resistant
gtcaagtgtcctccat_c.r2,sensitive
gtcaagtgttccacgg_t10.a.r2,resistant
gtcacgggttaccttt_c.r2,sensitive
gtcacgggttaggctt_t10.a.r2,resistant
gtcacgggttcggtat_c.r2,sensitive
gtcacggtccgcaacg_t10.a.r2,resistant
gtcactcagagagaac_c.r2,sensitive
gtcactctcaccatga_c.r2,sensitive
gtcactctctcgtcac_t10.a.r2,resistant
gtcagcgagatgctaa_t10.a.r2,resistant
gtcagcgagcctaact_c.r2,sensitive
gtcagcgcaagtcatc_c.r2,sensitive
gtcagcggtattctct_c.r2,sensitive
gtcatccgtttactgg_c.r2,sensitive
gtcatcctcattcgga_t10.a.r2,resistant
gtcatcctccggtagc_t10.a.r2,resistant
gtcatcctctcattgt_c.r2,sensitive
gtcatgagtttaagga_c.r2,sensitive
gtcatgatcactggta_c.r2,sensitive
gtcatttagctaatcc_c.r2,sensitive
gtcatttaggccgctt_c.r2,sensitive
gtcatttaggtaatca_c.r2,sensitive
gtcatttcaggtccca_c.r2,sensitive
gtcatttcagtcggtc_c.r2,sensitive
gtccactaggcaccaa_t10.a.r2,resistant
gtccactagtcaatcc_t10.a.r2,resistant
gtccactcatcgaact_c.r2,sensitive
gtccactcatgtttgg_c.r2,sensitive
gtcccatagtgcaccc_c.r2,sensitive
gtcccattcacgatca_t10.a.r2,resistant
gtcccattccgttgaa_c.r2,sensitive
gtcctcacaggacagt_c.r2,sensitive
gtcctcacagtctctc_c.r2,sensitive
gtcctcagtcgcaacc_c.r2,sensitive
gtcgaatcacggccat_c.r2,sensitive
gtcgaatgtatcaaga_t10.a.r2,resistant
gtcgcgacaccctgag_c.r2,sensitive
gtcgcgagtaacgttc_t10.a.r2,resistant
gtcgtaaagattgaca_t10.a.r2,resistant
gtcgtaaagggtacac_c.r2,sensitive
gtcgtaaagtctaacc_t10.a.r2,resistant
gtcgtaacattcgatg_t10.a.r2,resistant
gtcgtaagtcatgcat_c.r2,sensitive
gtcgtaatccctatta_c.r2,sensitive
gtcgttcagtctggag_c.r2,sensitive
gtcgttccagctgtat_t10.a.r2,resistant
gtcgttctcagtcaca_t10.a.r2,resistant
gtcgttctcttgaacg_c.r2,sensitive
gtctaccgtagtgata_t10.a.r2,resistant
gtctagaagaagtcta_c.r2,sensitive
gtctagaagtcgaggt_t10.a.r2,resistant
gtctagacaacgatct_t10.a.r2,resistant
gtctagagttcaaaga_c.r2,sensitive
gtctagatccgcactt_c.r2,sensitive
gtctagatcctccaca_c.r2,sensitive
gtctagatcgttgttt_t10.a.r2,resistant
gtctcacagttcggtt_c.r2,sensitive
gtctcaccatctgcgg_t10.a.r2,resistant
gtctcacgtagcttac_c.r2,sensitive
gtctcactcgacgaga_t10.a.r2,resistant
gtctcactctgggaga_c.r2,sensitive
gtctgtcagctacaaa_c.r2,sensitive
gtctgtcagtattagg_t10.a.r2,resistant
gtctgtcagtgcgaca_t10.a.r2,resistant
gtctgtcagtgttcac_c.r2,sensitive
gtctgtcgtattgacc_c.r2,sensitive
gtctgtcgttattctc_t10.a.r2,resistant
gtctgtctccttctaa_c.r2,sensitive
gtctttaaggcctaag_t10.a.r2,resistant
gtctttagttcccact_c.r2,sensitive
gtctttagttcgtaca_c.r2,sensitive
gtctttatcaaaggta_c.r2,sensitive
gtctttatcggtcata_c.r2,sensitive
gtgacgcagctcgtgc_c.r2,sensitive
gtgacgcaggccactc_c.r2,sensitive
gtgacgccagtcttcc_c.r2,sensitive
gtgacgccatctgggc_c.r2,sensitive
gtgagcccaacacact_t10.a.r2,resistant
gtgagccgtccagcac_c.r2,sensitive
gtgagccgtttcacag_c.r2,sensitive
gtgagcctcaatccga_t10.a.r2,resistant
gtgagcctcgcaacat_t10.a.r2,resistant
gtgagcctctaagaag_t10.a.r2,resistant
gtgagcctctagtcag_t10.a.r2,resistant
gtgaggacagagtcag_c.r2,sensitive
gtgaggagttaacaga_t10.a.r2,resistant
gtgaggatcagctctc_t10.a.r2,resistant
gtgagttagcactcta_t10.a.r2,resistant
gtgagttcaaggtacg_c.r2,sensitive
gtgagttcacacagcc_t10.a.r2,resistant
gtgagttcatctcgtc_c.r2,sensitive
gtgagttgtgttcagt_c.r2,sensitive
gtgagtttccacgtct_t10.a.r2,resistant
gtgagtttccgcgagt_t10.a.r2,resistant
gtgatgtcaggttcgc_c.r2,sensitive
gtgatgtgtgcatgag_c.r2,sensitive
gtgatgtgttcttcat_t10.a.r2,resistant
gtgatgttctaaacgc_t10.a.r2,resistant
gtgcacgcaatgaaca_t10.a.r2,resistant
gtgcagcaggccatag_c.r2,sensitive
gtgcagccagaactct_c.r2,sensitive
gtgcagccagcacacc_t10.a.r2,resistant
gtgcagcgtgggttga_t10.a.r2,resistant
gtgcagctcacctcgt_c.r2,sensitive
gtgcagctccggcagt_c.r2,sensitive
gtgcgtgagactagat_c.r2,sensitive
gtgcgtgagggtacac_c.r2,sensitive
gtgcgtgagtggttgg_t10.a.r2,resistant
gtgcgtgcagagatta_t10.a.r2,resistant
gtgcgtgcatcgatac_c.r2,sensitive
gtgcgtggtcattccc_t10.a.r2,resistant
gtgcgtggtccctcat_c.r2,sensitive
gtgcgtggttggtagg_c.r2,sensitive
gtgctggagtttcttc_c.r2,sensitive
gtgctgggtcatcggc_c.r2,sensitive
gtgctggtcctctaat_c.r2,sensitive
gtgcttccaataccca_c.r2,sensitive
gtgcttcgtgtcttga_c.r2,sensitive
gtgcttctccacaagt_c.r2,sensitive
gtgcttctcggaactt_t10.a.r2,resistant
gtgcttctctatcgcc_t10.a.r2,resistant
gtggaagagctagaat_c.r2,sensitive
gtggaagaggtcgtcc_t10.a.r2,resistant
gtggaagcaaggcctc_c.r2,sensitive
gtggaagcagtcgcac_c.r2,sensitive
gtggaaggtcgcagtc_t10.a.r2,resistant
gtggaagtccgtagta_c.r2,sensitive
gtggagaagtcgggat_c.r2,sensitive
gtggagagtcgaatgg_t10.a.r2,resistant
gtggagagtgcctttc_t10.a.r2,resistant
gtggagatctcaaccc_c.r2,sensitive
gtggcgtagcaggcat_c.r2,sensitive
gtgggaatcatctgtt_c.r2,sensitive
gtggttacagccttct_t10.a.r2,resistant
gtggttagtttacacg_c.r2,sensitive
gtgtaacagttgcccg_c.r2,sensitive
gtgtaaccagatcact_c.r2,sensitive
gtgtaaccatcgatca_t10.a.r2,resistant
gtgtaacgtaagcaat_t10.a.r2,resistant
gtgtaacgtccctgtt_c.r2,sensitive
gtgtaacgtctcgcga_c.r2,sensitive
gtgtaacgttgcgaag_c.r2,sensitive
gtgtaactcgaacact_c.r2,sensitive
gtgtaactcgtgcata_c.r2,sensitive
gtgtcctagagcccaa_t10.a.r2,resistant
gtgtcctagagtaccg_c.r2,sensitive
gtgtcctagtcctaca_c.r2,sensitive
gtgtcctcagtcagtt_c.r2,sensitive
gtgtccttccgagctg_c.r2,sensitive
gtgtgatgttagttcg_t10.a.r2,resistant
gtgtggcagcactagg_c.r2,sensitive
gtgtggctcaaacgaa_c.r2,sensitive
gtgttagcacctgata_t10.a.r2,resistant
gtgttaggtagattga_t10.a.r2,resistant
gtgttccagcaccgaa_c.r2,sensitive
gtgttccgtagactgg_c.r2,sensitive
gtgttccgtgcgagta_c.r2,sensitive
gtgttccgtgcttcaa_t10.a.r2,resistant
gtgttcctccgacata_t10.a.r2,resistant
gtgttcctccgtatag_t10.a.r2,resistant
gtgttcctcgagaagc_c.r2,sensitive
gtgttcctctatcact_c.r2,sensitive
gttacagcaagcgaac_t10.a.r2,resistant
gttacagcacctgcga_c.r2,sensitive
gttacagcatctcaag_c.r2,sensitive
gttacaggtctgatac_t10.a.r2,resistant
gttacagtcgttatct_t10.a.r2,resistant
gttaccccacagctta_t10.a.r2,resistant
gttaccccagtaacct_c.r2,sensitive
gttaccctcaccacaa_c.r2,sensitive
gttaccctctactgag_c.r2,sensitive
gttacgagtccacgca_c.r2,sensitive
gttacgatcatcgaca_t10.a.r2,resistant
gttacgatcatgagaa_t10.a.r2,resistant
gttacgatcatgggag_c.r2,sensitive
gttacgatccattcat_c.r2,sensitive
gttacgatcttcccag_t10.a.r2,resistant
gttagaccacctgaat_c.r2,sensitive
gttagaccactgagga_t10.a.r2,resistant
gttagactcttccagc_t10.a.r2,resistant
gttagtgagacgagct_c.r2,sensitive
gttagtgaggctagca_c.r2,sensitive
gttagtgagggtaatt_c.r2,sensitive
gttagtgagtaacctc_c.r2,sensitive
gttagtgagttgccta_c.r2,sensitive
gttagtgcataatccg_t10.a.r2,resistant
gttagtggttcaagtc_c.r2,sensitive
gttagtggtttgggtt_t10.a.r2,resistant
gttatggagtgagcca_c.r2,sensitive
gttatggcacaccgca_t10.a.r2,resistant
gttatggcatgaatcc_t10.a.r2,resistant
gttatgggttgcgtat_t10.a.r2,resistant
gttcattaggtgagct_t10.a.r2,resistant
gttcattgtacctgta_c.r2,sensitive
gttcattgtatttcgg_c.r2,sensitive
gttccgtagccttgat_t10.a.r2,resistant
gttccgtaggaagtcc_t10.a.r2,resistant
gttccgtcataggagc_t10.a.r2,resistant
gttccgtgttcatcga_c.r2,sensitive
gttccgtgttgggaac_t10.a.r2,resistant
gttccgtgttgtggag_c.r2,sensitive
gttcgctcacacgtgc_t10.a.r2,resistant
gttcgctcacgccagt_t10.a.r2,resistant
gttcgctgtgtcttag_c.r2,sensitive
gttctatcaaccagag_c.r2,sensitive
gttgaacagattgagt_c.r2,sensitive
gttgaacagcatttgc_c.r2,sensitive
gttgaacaggctgaac_t10.a.r2,resistant
gttgaaccaactgaaa_t10.a.r2,resistant
gttgaaccagtcgctg_t10.a.r2,resistant
gttgcggagtcctgcg_c.r2,sensitive
gttgcggcaaccaact_t10.a.r2,resistant
gttgcggcaaggcgta_t10.a.r2,resistant
gttgcggtcgcctttg_c.r2,sensitive
gttgcggtctgaccct_t10.a.r2,resistant
gttgctccaagggcat_t10.a.r2,resistant
gttgctccacaaatag_c.r2,sensitive
gttgctcgttgaagta_c.r2,sensitive
gttgctctcatgccaa_c.r2,sensitive
gttgtagcacggtgaa_c.r2,sensitive
gttgtagcagaccaga_c.r2,sensitive
gttgtagtctgaggtt_c.r2,sensitive
gttgtccagcctgacc_t10.a.r2,resistant
gttgtcccaagtgggt_c.r2,sensitive
gttgtccgtgctgtcg_t10.a.r2,resistant
gttgtccgtggatcag_t10.a.r2,resistant
gttgtgaaggttgttc_t10.a.r2,resistant
gttgtgatcaagcgtt_t10.a.r2,resistant
gtttactgtagcgagt_t10.a.r2,resistant
gtttactgttccttgc_c.r2,sensitive
gtttggaagagagaac_c.r2,sensitive
gtttggaagagagggc_t10.a.r2,resistant
gtttggaagagcatat_c.r2,sensitive
gtttggacacttacag_c.r2,sensitive
gtttggatcatgccct_c.r2,sensitive
gtttggatcgcttacc_t10.a.r2,resistant
taacacgaggaggcag_c.r2,sensitive
taacacgcaactgccg_c.r2,sensitive
taacacggtcctacaa_c.r2,sensitive
taacacggtgttgccg_c.r2,sensitive
taacacgtcatctact_c.r2,sensitive
taacacgtcgacgcgt_t10.a.r2,resistant
taacacgtctcccatg_c.r2,sensitive
taaccagagtcatgaa_t10.a.r2,resistant
taaccagcaaccacgc_t10.a.r2,resistant
taaccagcattctccg_t10.a.r2,resistant
taaccaggttaccctc_c.r2,sensitive
taacgacagtggatat_t10.a.r2,resistant
taacgaccaaccctaa_t10.a.r2,resistant
taacgacgtacagtct_c.r2,sensitive
taacttcaggatttag_t10.a.r2,resistant
taacttccacagcgct_t10.a.r2,resistant
taacttccacagtcgc_c.r2,sensitive
taacttcgtctcacaa_t10.a.r2,resistant
taacttctcaacctcc_t10.a.r2,resistant
taacttctcaccttgc_c.r2,sensitive
taacttctcggcactg_t10.a.r2,resistant
taacttctcgtagagg_t10.a.r2,resistant
taagcaccagctacat_t10.a.r2,resistant
taagcacgtaccgtgc_c.r2,sensitive
taagccaagcgacttt_c.r2,sensitive
taagccacacgactat_c.r2,sensitive
taagccacactgttcc_t10.a.r2,resistant
taagccacagtctctc_c.r2,sensitive
taagccagtcgcctag_t10.a.r2,resistant
taagccatcagtcaca_c.r2,sensitive
taagccatctacggta_c.r2,sensitive
taagccatctgggatt_c.r2,sensitive
taagcgtcacatccct_c.r2,sensitive
taagtcgagtcataga_c.r2,sensitive
taagtcgtccgatctc_t10.a.r2,resistant
taagtcgtctaagcgt_c.r2,sensitive
taatctcgttcgttcc_c.r2,sensitive
taattccaggtaacta_t10.a.r2,resistant
taattcccagagtgac_t10.a.r2,resistant
taattccgtacgtact_c.r2,sensitive
taattccgtacgtagg_t10.a.r2,resistant
taattcctcagaacct_t10.a.r2,resistant
tacaacgagtcttccc_c.r2,sensitive
tacaccccaagagatt_c.r2,sensitive
tacacccgtctgcaat_t10.a.r2,resistant
tacaccctcgacatca_c.r2,sensitive
tacaggtagcacacag_c.r2,sensitive
tacaggtaggtactgg_t10.a.r2,resistant
tacaggtagtagccag_c.r2,sensitive
tacaggtcaagcctgc_t10.a.r2,resistant
tacaggtcaagtcccg_c.r2,sensitive
tacaggtgtagcgtcc_c.r2,sensitive
tacaggttcagggatg_c.r2,sensitive
tacattcagttcctga_c.r2,sensitive
tacattccagagtcag_c.r2,sensitive
tacccaccaaaggaga_t10.a.r2,resistant
tacccgtcaagagaga_c.r2,sensitive
tacccgtcaagttcca_t10.a.r2,resistant
tacccgttcctagctc_c.r2,sensitive
tacccgttcttggaac_c.r2,sensitive
taccgaaagacgccaa_c.r2,sensitive
taccgaaagcattgtc_t10.a.r2,resistant
taccgaacaagacaat_t10.a.r2,resistant
taccgaacagtgtgga_c.r2,sensitive
taccgaagtcgtttcc_c.r2,sensitive
taccgaatcgagagac_c.r2,sensitive
taccgaatcgcattga_t10.a.r2,resistant
taccgggcataaccca_c.r2,sensitive
taccggggtacaatag_c.r2,sensitive
taccgggtcctactgc_t10.a.r2,resistant
taccgggtcttctgta_t10.a.r2,resistant
tacctcgcagaaaccg_t10.a.r2,resistant
tacctcgtcccgtgag_t10.a.r2,resistant
tacctcgtcgagtact_c.r2,sensitive
tacctcgtcgttcatt_t10.a.r2,resistant
tacctgcgtgcctaat_c.r2,sensitive
tacctgcgttgtggag_c.r2,sensitive
tacctgctccatctcg_t10.a.r2,resistant
tacgctcagtggaaag_c.r2,sensitive
tacgctcgttgtgttg_c.r2,sensitive
tacgctctcacctacc_t10.a.r2,resistant
tacgctctctctcgac_c.r2,sensitive
tacgggcagcctatca_t10.a.r2,resistant
tacgggcagctaaaca_t10.a.r2,resistant
tacgggcaggaacgtc_c.r2,sensitive
tacgggccacatacgt_c.r2,sensitive
tacgggcgtaagttga_c.r2,sensitive
tacgggcgtaggcaac_c.r2,sensitive
tacgggcgtatacggg_c.r2,sensitive
tacggtaagaagtcta_t10.a.r2,resistant
tacggtacattaagcc_c.r2,sensitive
tacggtatcatgtcag_t10.a.r2,resistant
tacgtcccaggaggtt_t10.a.r2,resistant
tacgtccgtcgttatg_c.r2,sensitive
tacgtcctcgtcctca_t10.a.r2,resistant
tacgtcctcgttcctg_t10.a.r2,resistant
tactgccagcgcccat_t10.a.r2,resistant
tactgccagtggtgac_c.r2,sensitive
tactgccgtgccgtac_t10.a.r2,resistant
tactgccgtgttactg_c.r2,sensitive
tactgcctcggcatta_c.r2,sensitive
tactgcctcttagccc_c.r2,sensitive
tacttaccaagagaga_t10.a.r2,resistant
tacttacgtacaggtg_t10.a.r2,resistant
tacttactcaaagaac_c.r2,sensitive
tacttactcacaagaa_c.r2,sensitive
tacttactcgacgctg_t10.a.r2,resistant
tacttcaagggcagga_t10.a.r2,resistant
tacttcacatcggatt_c.r2,sensitive
tacttcatccgtaatg_c.r2,sensitive
tacttgtcagttgaaa_t10.a.r2,resistant
tagaccacacaacgag_c.r2,sensitive
tagactgagagcatat_t10.a.r2,resistant
tagactgcaaaccact_t10.a.r2,resistant
tagactggtcaatggg_t10.a.r2,resistant
tagagtcagaggttat_t10.a.r2,resistant
tagagtcagtgcaacg_c.r2,sensitive
tagagtccaagctgcc_t10.a.r2,resistant
tagagtcgtaacccta_c.r2,sensitive
tagagtcgtcccgtga_t10.a.r2,resistant
tagagtcgtcgcaacc_c.r2,sensitive
tagagtctcggcgatc_c.r2,sensitive
tagatcgagcaaccag_c.r2,sensitive
tagatcgagtgtagta_c.r2,sensitive
tagatcgcacaccgac_c.r2,sensitive
tagatcgcacctcagg_t10.a.r2,resistant
tagatcggtcaagttc_c.r2,sensitive
tagatcgtcagtaggg_c.r2,sensitive
tagatcgtctgagagg_c.r2,sensitive
tagatcgtcttacact_t10.a.r2,resistant
tagcacaagaaaccat_t10.a.r2,resistant
tagcacaagcatcagg_t10.a.r2,resistant
tagcacaaggccttcg_c.r2,sensitive
tagcacacaagtatag_c.r2,sensitive
tagcacacaatctcga_t10.a.r2,resistant
tagcacatcccgttca_c.r2,sensitive
taggaggcaggcactc_t10.a.r2,resistant
taggaggcataccatg_c.r2,sensitive
taggagggtcaaagcg_c.r2,sensitive
taggaggtcgtcacct_t10.a.r2,resistant
tagggttagctaagta_t10.a.r2,resistant
tagggttaggcgctct_c.r2,sensitive
tagggttgtcggtaag_c.r2,sensitive
tagggtttcaccgacg_t10.a.r2,resistant
taggtacagataacac_c.r2,sensitive
taggtaccagacaata_c.r2,sensitive
taggtaccaggcaatg_t10.a.r2,resistant
taggtactcgagtgga_c.r2,sensitive
taggttgagtacagat_t10.a.r2,resistant
taggttgcatgacact_c.r2,sensitive
taggttgcatgggaac_t10.a.r2,resistant
taggttgtcattgcga_t10.a.r2,resistant
tagtgcaaggtggcta_c.r2,sensitive
tagtgcacagtttcga_c.r2,sensitive
tagtgcacataggagc_c.r2,sensitive
tatacctcacgcggtt_t10.a.r2,resistant
tatacctcattgcctc_c.r2,sensitive
tatacctgtaccgtcg_t10.a.r2,resistant
tataccttcaaagaac_c.r2,sensitive
tataccttcacaagaa_c.r2,sensitive
tataccttcgcttgct_c.r2,sensitive
tataccttctgacgcg_t10.a.r2,resistant
tatatccagccagagt_c.r2,sensitive
tatatcccatgtctag_t10.a.r2,resistant
tatatcccattacggt_c.r2,sensitive
tatatccgtgttatcg_c.r2,sensitive
tatatcctcagcgcac_t10.a.r2,resistant
tatcaggcatcctcac_c.r2,sensitive
tatcagggtattctct_t10.a.r2,resistant
tatcaggtcagcttcc_c.r2,sensitive
tatcctaagcttacgt_c.r2,sensitive
tatcctagtacaggtg_t10.a.r2,resistant
tatcgccagcatcaaa_c.r2,sensitive
tatcgccagccgcttg_t10.a.r2,resistant
tatcgccagcgaggag_c.r2,sensitive
tatcgcccacaatctg_t10.a.r2,resistant
tatcgccgtaacgttc_c.r2,sensitive
tatctgtagcctatca_c.r2,sensitive
tatctgtaggagacct_t10.a.r2,resistant
tatctgtaggcacaac_c.r2,sensitive
tatctgtcatgaaggc_c.r2,sensitive
tatctgtgtagcttgt_c.r2,sensitive
tatctgtgtcttgaac_t10.a.r2,resistant
tatctgtgtttccatt_t10.a.r2,resistant
tatctgttcatcctgc_t10.a.r2,resistant
tatctgttcatcgaca_c.r2,sensitive
tatctgttcctacgaa_c.r2,sensitive
tatctgttcggctctt_t10.a.r2,resistant
tatcttgagcaggcta_t10.a.r2,resistant
tatcttgcaaactaga_c.r2,sensitive
tatcttgcacgcagtc_c.r2,sensitive
tatcttgcagctattg_c.r2,sensitive
tatcttggtgcggctt_t10.a.r2,resistant
tatcttgtcatgccaa_t10.a.r2,resistant
tatcttgtctctcgca_c.r2,sensitive
tatgttcagccttgat_c.r2,sensitive
tatgttcagtgcctcg_c.r2,sensitive
tatgttccaatcagct_c.r2,sensitive
tatgttccacagcctg_c.r2,sensitive
tatgttccaggaatat_c.r2,sensitive
tatgttccatgcggtc_c.r2,sensitive
tatgttcgtaccggaa_c.r2,sensitive
tatgttctcacctgtc_t10.a.r2,resistant
tattccaagaccgttt_t10.a.r2,resistant
tattccacacctctac_c.r2,sensitive
tattccagtcggtacc_t10.a.r2,resistant
tattccagttcctaga_c.r2,sensitive
tattgctagttgaagt_c.r2,sensitive
tattgctcaagcaccc_t10.a.r2,resistant
tattgctcaatgaaca_c.r2,sensitive
tattgctcattcaggt_t10.a.r2,resistant
tattgctgtgcaatgg_t10.a.r2,resistant
tattgcttcaaatgcc_t10.a.r2,resistant
tattgcttcctcgatc_t10.a.r2,resistant
tattgggagggcttcc_c.r2,sensitive
tattggggtacattgc_c.r2,sensitive
tattggggttatccag_t10.a.r2,resistant
tattgggtcgattggt_t10.a.r2,resistant
tattgggtcttggatg_t10.a.r2,resistant
tatttcgcattaagcc_t10.a.r2,resistant
tatttcgtccgacggt_t10.a.r2,resistant
tcaagacagaaggctc_t10.a.r2,resistant
tcaagacgttggcctg_t10.a.r2,resistant
tcaagcacagaattcc_t10.a.r2,resistant
tcaagcacagctgtta_c.r2,sensitive
tcaagcacagtctaca_c.r2,sensitive
tcaagcagtaccaatc_c.r2,sensitive
tcaagcagtctcgcga_t10.a.r2,resistant
tcaagtgtcagggtag_t10.a.r2,resistant
tcaagtgtcgtgctct_c.r2,sensitive
tcaatctagcagaaag_c.r2,sensitive
tcaatctagcgtcaag_t10.a.r2,resistant
tcaatctagtcatcgt_c.r2,sensitive
tcaatctcactgttcc_c.r2,sensitive
tcaatctgtactagct_t10.a.r2,resistant
tcaatcttcggttagt_c.r2,sensitive
tcaattccaattcttc_c.r2,sensitive
tcaattcgtataggat_t10.a.r2,resistant
tcacaaggtcggcact_c.r2,sensitive
tcacaagtcctcaggg_c.r2,sensitive
tcacaagtctcccatg_t10.a.r2,resistant
tcacaccagtcgccca_c.r2,sensitive
tcacaccagttctctt_c.r2,sensitive
tcacacccattcaggt_c.r2,sensitive
tcacaccgtaggcagt_t10.a.r2,resistant
tcacaccgtgctattg_c.r2,sensitive
tcacaccgtggaacca_t10.a.r2,resistant
tcacacctcagcgcac_c.r2,sensitive
tcacacctcgagaata_t10.a.r2,resistant
tcacacctcgagtcta_t10.a.r2,resistant
tcacacctcgtcgggt_c.r2,sensitive
tcacattgtccacacg_t10.a.r2,resistant
tcacattgtgagatta_c.r2,sensitive
tcacgctagcttctag_t10.a.r2,resistant
tcacgctgtcgaagca_c.r2,sensitive
tcacgctgtttctatc_c.r2,sensitive
tcacgcttcgatactg_c.r2,sensitive
tcactatagagccatg_t10.a.r2,resistant
tcactatcaaggtcga_c.r2,sensitive
tcactatcacctctgt_t10.a.r2,resistant
tcactatgtgacgcct_c.r2,sensitive
tcactattcctcacgt_c.r2,sensitive
tcactcgcaacggctc_t10.a.r2,resistant
tcagcaaagttacggg_c.r2,sensitive
tcagcaacaggtttac_c.r2,sensitive
tcagcaagtcttacag_t10.a.r2,resistant
tcagcctagggagaat_c.r2,sensitive
tcagcctgtaggctcc_t10.a.r2,resistant
tcagcctgtatggagc_c.r2,sensitive
tcagggcagatgacat_c.r2,sensitive
tcagggccacaagctt_t10.a.r2,resistant
tcagggccagccatta_c.r2,sensitive
tcagggccattcaccc_c.r2,sensitive
tcagggcgttgcctaa_c.r2,sensitive
tcagggcgtttggaaa_c.r2,sensitive
tcagggctcccaggca_c.r2,sensitive
tcagggctctgagatc_c.r2,sensitive
tcaggtaagcgatggt_t10.a.r2,resistant
tcaggtaagttatgga_t10.a.r2,resistant
tcaggtacaacgatct_c.r2,sensitive
tcaggtagtcatggcc_c.r2,sensitive
tcaggtatccgtgcga_t10.a.r2,resistant
tcagtccagagcatat_c.r2,sensitive
tcagtccagtgcaggt_c.r2,sensitive
tcagtcccacgatagg_t10.a.r2,resistant
tcagtcccactgcata_t10.a.r2,resistant
tcagtccgtgcctttc_c.r2,sensitive
tcagtcctcgcgctga_c.r2,sensitive
tcagtgaagaccaaat_c.r2,sensitive
tcagtgaagggaggca_t10.a.r2,resistant
tcagtgaagtggaatt_t10.a.r2,resistant
tcagtgagtagctttg_c.r2,sensitive
tcagtttaggaacgct_t10.a.r2,resistant
tcagtttcatatcggt_t10.a.r2,resistant
tcagttttccttatgt_c.r2,sensitive
tcatactagtaaccgg_c.r2,sensitive
tcatactcaagcccac_t10.a.r2,resistant
tcatacttctaacgca_c.r2,sensitive
tcatatcagaagggat_c.r2,sensitive
tcatatccaaacgtgg_c.r2,sensitive
tcatatcgtaacccgc_c.r2,sensitive
tcatatcgtacaatag_t10.a.r2,resistant
tcatatcgtcagtcgc_c.r2,sensitive
tcatatcgtctttatc_c.r2,sensitive
tcatatctcaaccttt_c.r2,sensitive
tcatatctccacaagt_c.r2,sensitive
tcatatctcgccgaac_t10.a.r2,resistant
tcatcatcaagaggtc_t10.a.r2,resistant
tcatcatgtggctgct_t10.a.r2,resistant
tcatccgagagtcaat_c.r2,sensitive
tcatccgagctctgta_t10.a.r2,resistant
tcatccgcacaatgct_c.r2,sensitive
tcatccgcatgagtaa_t10.a.r2,resistant
tcatccggtatcagct_t10.a.r2,resistant
tcatccggtatcgtgt_t10.a.r2,resistant
tcatccggttgggaca_c.r2,sensitive
tcatgagcatgccggt_c.r2,sensitive
tcatgagcattatgcg_c.r2,sensitive
tcatgagtcacctcgt_t10.a.r2,resistant
tcatgccagctacgtt_c.r2,sensitive
tcatgcccacagtcat_c.r2,sensitive
tcatgccgtttacttc_t10.a.r2,resistant
tcatggagtactcaac_t10.a.r2,resistant
tcatggagtcctcagg_c.r2,sensitive
tcatggatcattgctt_c.r2,sensitive
tcatggatcctttagt_c.r2,sensitive
tcatggatcgttctgc_t10.a.r2,resistant
tcatgttcaggctctg_t10.a.r2,resistant
tcatgttgttagaagt_c.r2,sensitive
tcattaccagttccaa_t10.a.r2,resistant
tcattacgtctcacaa_t10.a.r2,resistant
tcattacgtgtgtccg_c.r2,sensitive
tcattactcctgtacc_c.r2,sensitive
tcattcagtgagtgac_t10.a.r2,resistant
tcattcagtgagtttc_c.r2,sensitive
tcattcatccgagatt_t10.a.r2,resistant
tcattcatcgaatcca_c.r2,sensitive
tcattcatcgagccac_t10.a.r2,resistant
tcattgtagacctgga_c.r2,sensitive
tcattgtcaacgactt_c.r2,sensitive
tcattgtcactgaatc_c.r2,sensitive
tcattgtgttatgtcg_c.r2,sensitive
tcattgttcggcccaa_c.r2,sensitive
tcatttgagcctctct_t10.a.r2,resistant
tcatttgagggttgca_c.r2,sensitive
tcatttggtagtctgt_t10.a.r2,resistant
tcatttgtctcaaccc_c.r2,sensitive
tccaccaagccatttg_t10.a.r2,resistant
tccaccaagttgccta_c.r2,sensitive
tccaccacaatagtcc_c.r2,sensitive
tccaccacagacgatg_c.r2,sensitive
tccaccacagactcta_t10.a.r2,resistant
tccaccacatacagaa_c.r2,sensitive
tccaccagtgcccagt_t10.a.r2,resistant
tccaccatcatcaccc_c.r2,sensitive
tccaccatcgaagcag_t10.a.r2,resistant
tccacgtcaatagagt_c.r2,sensitive
tccacgtcagcacgaa_t10.a.r2,resistant
tccagaaaggttgccc_t10.a.r2,resistant
tccagaacaaagtgta_c.r2,sensitive
tccagaacacacctgg_t10.a.r2,resistant
tccatcgagatcccat_c.r2,sensitive
tccatcggtatcgcgc_t10.a.r2,resistant
tccatcgtccctgttg_c.r2,sensitive
tccatgcagggtacgt_c.r2,sensitive
tccatgccaactagaa_t10.a.r2,resistant
tccatgccacgcgtca_t10.a.r2,resistant
tccatgccatggaagc_c.r2,sensitive
tccatgcgttgtacgt_c.r2,sensitive
tccatgctcgacatac_t10.a.r2,resistant
tcccacacactacggc_c.r2,sensitive
tcccacatcaacgagg_t10.a.r2,resistant
tcccacatccatccgt_t10.a.r2,resistant
tcccacatcctatttg_c.r2,sensitive
tcccagtagactcttg_c.r2,sensitive
tcccagtaggctagca_c.r2,sensitive
tcccatgaggtggttg_t10.a.r2,resistant
tcccatgcactggcgt_c.r2,sensitive
tcccatgcatccgcga_c.r2,sensitive
tcccatgtcgcagtgc_t10.a.r2,resistant
tcccatgtctgaccct_c.r2,sensitive
tcccatgtcttggtcc_c.r2,sensitive
tccgaaaagtagagtt_c.r2,sensitive
tccgaaacagcctata_t10.a.r2,resistant
tccgaaagttacgtac_c.r2,sensitive
tccgaaatccgatgcg_c.r2,sensitive
tccgaaatcggattac_c.r2,sensitive
tccgaaatctcgaaca_c.r2,sensitive
tccgatccagcgtacc_c.r2,sensitive
tccgatcgtatgagat_c.r2,sensitive
tccgggaagagtgtgc_c.r2,sensitive
tccgggacactccact_t10.a.r2,resistant
tccgggagtcgcagtc_c.r2,sensitive
tccgggatcttctcaa_c.r2,sensitive
tccgtgtcacgcgtca_c.r2,sensitive
tccgtgtcactaccct_c.r2,sensitive
tccgtgtcagtaacgg_c.r2,sensitive
tccgtgttccgagatt_c.r2,sensitive
tcctaatagcggtaac_t10.a.r2,resistant
tcctaatcaaatacag_c.r2,sensitive
tcctaatcaggtccgt_t10.a.r2,resistant
tcctaattcaatcagc_c.r2,sensitive
tcctaattcggtgcac_t10.a.r2,resistant
tcctcccagagattca_c.r2,sensitive
tcctccccaagtgggt_c.r2,sensitive
tcctccccatcggtta_t10.a.r2,resistant
tcctcccgtcagctta_c.r2,sensitive
tcctcccgtcgcaacc_c.r2,sensitive
tcctccctctaagcgt_c.r2,sensitive
tcctcgaaggtcgtcc_c.r2,sensitive
tcctcgagtatcgtgt_t10.a.r2,resistant
tcctcgatctggaagg_t10.a.r2,resistant
tcctcttaggcagcta_t10.a.r2,resistant
tcctctttcctacggg_t10.a.r2,resistant
tcctgcaagccgtaag_t10.a.r2,resistant
tcctgcagtaacatga_t10.a.r2,resistant
tcctgcagtacggcaa_c.r2,sensitive
tcctgcagtgcttcaa_t10.a.r2,resistant
tcctgcatcaatcggt_t10.a.r2,resistant
tccttctcaacgggta_c.r2,sensitive
tccttctcacgtagtt_c.r2,sensitive
tccttctcatctgcgg_t10.a.r2,resistant
tccttctgtgaatgta_t10.a.r2,resistant
tccttctgtttcactt_t10.a.r2,resistant
tcctttcagctgagca_t10.a.r2,resistant
tcctttcgtcgcttaa_t10.a.r2,resistant
tcctttctcgtaggag_t10.a.r2,resistant
tcgaacaagggacagg_t10.a.r2,resistant
tcgaacacatcggtta_c.r2,sensitive
tcgaacatcaagcttg_c.r2,sensitive
tcgacctaggtacata_t10.a.r2,resistant
tcgacctcagctaccg_t10.a.r2,resistant
tcgacctgtttgatcg_c.r2,sensitive
tcgacggagctgtact_t10.a.r2,resistant
tcgacggcaccagacc_c.r2,sensitive
tcgacggcagagttgg_t10.a.r2,resistant
tcgacgggtagcgcct_c.r2,sensitive
tcgacgggtatacctg_t10.a.r2,resistant
tcgacgggtccctcat_c.r2,sensitive
tcgacggtctatttcg_c.r2,sensitive
tcgatttagacagtcg_c.r2,sensitive
tcgatttaggtatagt_t10.a.r2,resistant
tcgatttagtctgcat_t10.a.r2,resistant
tcgcactagcgaatgc_t10.a.r2,resistant
tcgcactcaattgcca_c.r2,sensitive
tcgcactgtaaggaga_c.r2,sensitive
tcgcaggcaaagtgta_c.r2,sensitive
tcgcaggcactccgag_t10.a.r2,resistant
tcgcaggcatcattgg_t10.a.r2,resistant
tcgctcaagatcactc_c.r2,sensitive
tcgctcaagatgctgg_c.r2,sensitive
tcgctcaagcctctgg_c.r2,sensitive
tcgcttgagaatttgg_t10.a.r2,resistant
tcgcttgagcgtgttt_t10.a.r2,resistant
tcgcttgaggacaaga_t10.a.r2,resistant
tcggataagataccaa_c.r2,sensitive
tcggataagctcatac_t10.a.r2,resistant
tcggatacactgcacg_c.r2,sensitive
tcggatagtgcacgct_t10.a.r2,resistant
tcggatatcggatact_c.r2,sensitive
tcgggacaggcactcc_t10.a.r2,resistant
tcgggacgtcgcggtt_c.r2,sensitive
tcgggactcgacgaga_c.r2,sensitive
tcgggactctccgcat_c.r2,sensitive
tcgggcatccctcttt_t10.a.r2,resistant
tcgggtggtcgactta_c.r2,sensitive
tcggtctgtcgttatg_c.r2,sensitive
tcgtagaagaagaacg_t10.a.r2,resistant
tcgtagagtttccatt_c.r2,sensitive
tcgtagatcattcttg_c.r2,sensitive
tcgtagatctggaagg_c.r2,sensitive
tcgtccaagagaggta_c.r2,sensitive
tcgtccacagctcctt_c.r2,sensitive
tcgtccacatgaagcg_c.r2,sensitive
tcgtccagtcgttcaa_t10.a.r2,resistant
tcgtccagtgatactc_c.r2,sensitive
tcgtccatcgcgatcg_c.r2,sensitive
tcgtgctagatgaccg_c.r2,sensitive
tcgtgctagtaagagg_c.r2,sensitive
tcgtgctgtagtctgt_t10.a.r2,resistant
tctaacttccgatgcg_c.r2,sensitive
tctacatagtcccagc_c.r2,sensitive
tctacatcaagcccac_c.r2,sensitive
tctacatgtctcaggc_c.r2,sensitive
tctacattcactgtcc_t10.a.r2,resistant
tctaccgagatagcta_t10.a.r2,resistant
tctaccgcaacagctt_t10.a.r2,resistant
tctaccggtcgtcagc_t10.a.r2,resistant
tctatacaggacgcat_c.r2,sensitive
tctatacaggcatgca_t10.a.r2,resistant
tctataccagatacct_c.r2,sensitive
tctatacgttaggacg_c.r2,sensitive
tctatcaagttgtacc_t10.a.r2,resistant
tctatcacaacttctt_c.r2,sensitive
tctatcagtgatggca_c.r2,sensitive
tctcacgagggaccat_t10.a.r2,resistant
tctcacggtaacatag_t10.a.r2,resistant
tctcacggtcctacgg_c.r2,sensitive
tctcacggtcttagtg_t10.a.r2,resistant
tctcagcagtccctaa_c.r2,sensitive
tctcagccatcaccaa_t10.a.r2,resistant
tctcagcgtagacgtg_c.r2,sensitive
tctcagctcaatccga_c.r2,sensitive
tctcagctcattcgtt_c.r2,sensitive
tctccgacagcagtag_c.r2,sensitive
tctccgatcacaagaa_t10.a.r2,resistant
tctctggagccgtcgt_c.r2,sensitive
tctctggaggccttgc_t10.a.r2,resistant
tctctgggtagattag_t10.a.r2,resistant
tctctgggtcaaccta_t10.a.r2,resistant
tctctggtctaattcc_c.r2,sensitive
tctgccacaacgattc_t10.a.r2,resistant
tctgccagtacccgac_c.r2,sensitive
tctgccatccgtacgg_t10.a.r2,resistant
tctggcttcaatccag_c.r2,sensitive
tctggcttcggaccac_t10.a.r2,resistant
tctgtcggtagtgtgg_c.r2,sensitive
tctgtcggtgatggca_c.r2,sensitive
tctgtcgtctcgagta_c.r2,sensitive
tcttagtcaattctct_c.r2,sensitive
tcttcctcaacaagta_c.r2,sensitive
tcttcctgtcgacgct_c.r2,sensitive
tcttccttctgctaga_t10.a.r2,resistant
tcttccttcttggtga_t10.a.r2,resistant
tcttgcgcaagtgtct_c.r2,sensitive
tcttgcgcagaaatca_t10.a.r2,resistant
tcttgcgcagaccaga_t10.a.r2,resistant
tcttgcgcagacgatg_c.r2,sensitive
tcttgcgtccggtaat_c.r2,sensitive
tcttgcgtctacgggc_t10.a.r2,resistant
tctttgacagaactaa_t10.a.r2,resistant
tctttgatccaaccgg_c.r2,sensitive
tctttgatcgtgagag_t10.a.r2,resistant
tgaacgtagcttacgt_c.r2,sensitive
tgaacgtaggccactc_t10.a.r2,resistant
tgaacgtaggtgcctc_t10.a.r2,resistant
tgaacgtcattcttca_t10.a.r2,resistant
tgaatcgagaggtgct_t10.a.r2,resistant
tgaatcgagcgtgcct_t10.a.r2,resistant
tgaatcgagtttgtcg_t10.a.r2,resistant
tgaatcgcaataaggt_c.r2,sensitive
tgaatcggtacctgta_c.r2,sensitive
tgaatcggtcgtcggt_t10.a.r2,resistant
tgaatgcagggcagga_c.r2,sensitive
tgaatgcagtaatacg_t10.a.r2,resistant
tgaatgccaacgtatc_c.r2,sensitive
tgaatgccatccgcga_c.r2,sensitive
tgaatgcgtggcaaca_t10.a.r2,resistant
tgaatgcgttggactt_c.r2,sensitive
tgaatgctccagtgta_t10.a.r2,resistant
tgacagtcacggtgtc_c.r2,sensitive
tgacagtgtccgaaga_c.r2,sensitive
tgacagttccaagcat_t10.a.r2,resistant
tgacagttccgtccta_c.r2,sensitive
tgaccctagtacccta_c.r2,sensitive
tgaccctcaggcgttc_c.r2,sensitive
tgaccctcatccgcga_c.r2,sensitive
tgaccctcatcgaact_c.r2,sensitive
tgaccctgtgaggcat_t10.a.r2,resistant
tgaccctgtgtacgcc_c.r2,sensitive
tgacccttccaacaca_c.r2,sensitive
tgacccttcgtcgctt_c.r2,sensitive
tgacgcgagctcgtgc_c.r2,sensitive
tgactccagtctgtac_c.r2,sensitive
tgactcccagccttct_t10.a.r2,resistant
tgactcccataactcg_t10.a.r2,resistant
tgactcctcacttgga_c.r2,sensitive
tgagactagcttcgta_c.r2,sensitive
tgagacttcaagtgtc_c.r2,sensitive
tgagcgcagtttgctg_t10.a.r2,resistant
tgagcgccacagcctg_t10.a.r2,resistant
tgagcgcgtagcgtag_t10.a.r2,resistant
tgagcgcgtagctgcc_t10.a.r2,resistant
tgagcgcgtagtgcga_c.r2,sensitive
tgagcgcgtatcacca_c.r2,sensitive
tgagcgctctggctgg_t10.a.r2,resistant
tgaggagcaaattgcc_t10.a.r2,resistant
tgaggaggtgatatag_t10.a.r2,resistant
tgagggacacgacaga_c.r2,sensitive
tgagggagtagctaaa_t10.a.r2,resistant
tgagggagttcggtat_c.r2,sensitive
tgagggatcggtcgac_t10.a.r2,resistant
tgaggttagtaggtta_c.r2,sensitive
tgaggttgtcgtgcca_t10.a.r2,resistant
tgaggtttcagtgatc_t10.a.r2,resistant
tgaggtttcggccttt_t10.a.r2,resistant
tgagtcaagggtaatt_t10.a.r2,resistant
tgagtcacagaagtta_t10.a.r2,resistant
tgagtcagtagacggt_c.r2,sensitive
tgagtcagtcttcgaa_t10.a.r2,resistant
tgagtcagtgttgagg_c.r2,sensitive
tgatcagcatcttagg_t10.a.r2,resistant
tgatcaggtcggtgtc_c.r2,sensitive
tgatcaggtgcgttta_c.r2,sensitive
tgatcttcaaccgcca_c.r2,sensitive
tgatcttcacggaagt_c.r2,sensitive
tgatcttgtgatggca_t10.a.r2,resistant
tgatgcagtacaaaca_c.r2,sensitive
tgatgcagttatagcc_c.r2,sensitive
tgatgcatcccaatag_c.r2,sensitive
tgatgcatcgattccc_t10.a.r2,resistant
tgatgcatctaggaaa_t10.a.r2,resistant
tgatggtagtccgcca_c.r2,sensitive
tgatggtcatacgcat_t10.a.r2,resistant
tgatggtcatcatccc_c.r2,sensitive
tgatggtgtcgaaacg_t10.a.r2,resistant
tgatggtgtgcgaaca_t10.a.r2,resistant
tgatggtgtggactga_t10.a.r2,resistant
tgatggtgttgcatgt_c.r2,sensitive
tgatggtgtttcgaca_c.r2,sensitive
tgatggttcgcagaga_c.r2,sensitive
tgatggttctggaagg_t10.a.r2,resistant
tgattctgtcgcggtt_t10.a.r2,resistant
tgattcttcatgcatg_c.r2,sensitive
tgatttcaggattcaa_t10.a.r2,resistant
tgatttccaagaaatc_t10.a.r2,resistant
tgatttccagcaagac_c.r2,sensitive
tgatttcgttgcattg_c.r2,sensitive
tgatttctcagcctct_t10.a.r2,resistant
tgatttctccgtatga_c.r2,sensitive
tgatttctcgtaggga_c.r2,sensitive
tgcacggcagttagaa_c.r2,sensitive
tgcagatagattgggc_c.r2,sensitive
tgcagattcctacggg_t10.a.r2,resistant
tgcagattctcatagg_t10.a.r2,resistant
tgcaggcagagccgat_t10.a.r2,resistant
tgcaggccattgctga_t10.a.r2,resistant
tgcaggcgtcagtttg_t10.a.r2,resistant
tgcaggctccgaaatc_c.r2,sensitive
tgcaggctccggactg_c.r2,sensitive
tgcagtatcggcttct_c.r2,sensitive
tgcatccgtcctgaat_c.r2,sensitive
tgcatccgttgacgga_c.r2,sensitive
tgcatgagtatcgatc_t10.a.r2,resistant
tgcatgatctactgag_c.r2,sensitive
tgcatgatctcggtaa_t10.a.r2,resistant
tgccgaggtcgattac_t10.a.r2,resistant
tgcgacgagagagcgg_c.r2,sensitive
tgcgacgcacttgtga_t10.a.r2,resistant
tgcgacgcatcgttcc_c.r2,sensitive
tgcgatacacgcgtca_c.r2,sensitive
tgcggcaaggagggtg_c.r2,sensitive
tgcggcagtcgagttt_c.r2,sensitive
tgcggcagttgactgt_c.r2,sensitive
tgcggcatcactgatg_c.r2,sensitive
tgcggcatctcattgt_c.r2,sensitive
tgcgggtaggactaat_c.r2,sensitive
tgcgggtcatgcggtc_c.r2,sensitive
tgcgggtgtcatcagt_t10.a.r2,resistant
tgcgggttctactgag_c.r2,sensitive
tgctccaagccattgt_t10.a.r2,resistant
tgctccaagggcgaag_t10.a.r2,resistant
tgctccaagtctcctc_c.r2,sensitive
tgctccacaacacagg_t10.a.r2,resistant
tgctccatcctgttat_c.r2,sensitive
tgctccatctcggctt_c.r2,sensitive
tgctcgttcttggctc_c.r2,sensitive
tgctgaacagcatgcc_t10.a.r2,resistant
tgctgaagtgattaga_t10.a.r2,resistant
tgctgaatccatactt_t10.a.r2,resistant
tgcttcgcacgtgaga_t10.a.r2,resistant
tgcttcgcagaactct_t10.a.r2,resistant
tgcttcggtgggttga_t10.a.r2,resistant
tgcttcggttcatctt_c.r2,sensitive
tgcttcgtctgtccca_c.r2,sensitive
tgcttgcagtgctcat_t10.a.r2,resistant
tgcttgcagtttcgac_t10.a.r2,resistant
tgcttgccagggatac_t10.a.r2,resistant
tgcttgcgttcgcgtg_t10.a.r2,resistant
tgcttgctcgccgtga_t10.a.r2,resistant
tggaactaggccttgc_c.r2,sensitive
tggaactcatggaagc_t10.a.r2,resistant
tggaactgtacagcga_c.r2,sensitive
tggagagaggaagtag_t10.a.r2,resistant
tggagagaggcgacat_t10.a.r2,resistant
tggagagtcacaagaa_t10.a.r2,resistant
tggaggaagccggata_c.r2,sensitive
tggaggacaccagctg_t10.a.r2,resistant
tggaggacacttctcg_c.r2,sensitive
tggaggacacttggcg_c.r2,sensitive
tggaggacaggtcaag_t10.a.r2,resistant
tggaggagtccacttc_c.r2,sensitive
tggatcacagctgaag_t10.a.r2,resistant
tggatcagtaacgata_c.r2,sensitive
tggatcagtacagagc_c.r2,sensitive
tggatgtcaaactaga_c.r2,sensitive
tggcgtgagcgcaatg_c.r2,sensitive
tggcgtgcaaccctct_c.r2,sensitive
tggcgtgcaccagcca_t10.a.r2,resistant
tggcgtggtacgtgtt_c.r2,sensitive
tggcgtggtgagaacc_t10.a.r2,resistant
tggcgtgtcagacatc_t10.a.r2,resistant
tggcgtgtccatttgt_c.r2,sensitive
tgggaagcacccttac_t10.a.r2,resistant
tgggaagcacgtacta_c.r2,sensitive
tgggaaggtgagtcag_c.r2,sensitive
tgggaaggtgcatgag_t10.a.r2,resistant
tgggaagtcaactgac_c.r2,sensitive
tgggaagtcgtcacct_t10.a.r2,resistant
tgggaagtctctggtc_t10.a.r2,resistant
tgggagacagataaac_c.r2,sensitive
tgggagagtgacatct_t10.a.r2,resistant
tgggagagttcctaga_c.r2,sensitive
tgggatttcagtgtca_t10.a.r2,resistant
tgggatttcggtcagc_c.r2,sensitive
tgggcgtagatgacat_c.r2,sensitive
tgggcgtcagaagtta_c.r2,sensitive
tgggcgtcagattcgt_c.r2,sensitive
tgggcgtcatagatcc_t10.a.r2,resistant
tgggcgttcactcgaa_t10.a.r2,resistant
tgggcgttcgctgcga_c.r2,sensitive
tgggctgagagcatta_t10.a.r2,resistant
tgggctgcaagaatac_c.r2,sensitive
tgggttaagtttgtcg_c.r2,sensitive
tgggttagtcaggagt_t10.a.r2,resistant
tgggttagttgactgt_t10.a.r2,resistant
tggtacacagttagaa_c.r2,sensitive
tggtacacatctgttt_c.r2,sensitive
tggtacagtacatacc_c.r2,sensitive
tggtacatcccataga_c.r2,sensitive
tggtacatccgagctg_c.r2,sensitive
tggtagtcagcagtag_t10.a.r2,resistant
tggtagtcaggcaatg_c.r2,sensitive
tggtagtgtctgcgca_c.r2,sensitive
tggtagtgtttgatcg_c.r2,sensitive
tggtagttcgagtact_c.r2,sensitive
tggtgatagctccgac_c.r2,sensitive
tggtgatcaacagata_c.r2,sensitive
tggtgatgtaacatag_c.r2,sensitive
tggtgattcggttgta_c.r2,sensitive
tggttagagagagcaa_c.r2,sensitive
tggttaggtcgaatgg_c.r2,sensitive
tggttagtccgcggat_c.r2,sensitive
tggttagtctacctta_t10.a.r2,resistant
tgtaacgagacgctcc_c.r2,sensitive
tgtaacgagatgttag_c.r2,sensitive
tgtaacgtccatctcg_t10.a.r2,resistant
tgtaagcagcctttcc_t10.a.r2,resistant
tgtaagccacctcagg_c.r2,sensitive
tgtaagcgtactgcgc_t10.a.r2,resistant
tgtacagcaggcttgc_c.r2,sensitive
tgtacaggtgcctttc_c.r2,sensitive
tgtacagtcttagccc_c.r2,sensitive
tgtagacaggctctcg_t10.a.r2,resistant
tgtagaccacctatcc_c.r2,sensitive
tgtagaccagtcgaga_t10.a.r2,resistant
tgtagacgtggaacac_c.r2,sensitive
tgtagactccatttac_c.r2,sensitive
tgtcagacaccgctga_t10.a.r2,resistant
tgtcagagtaacgttc_t10.a.r2,resistant
tgtcagatcaaactgc_c.r2,sensitive
tgtcagatctggagag_t10.a.r2,resistant
tgtccaccaagtagta_t10.a.r2,resistant
tgtccacgtcttgaac_t10.a.r2,resistant
tgtccactctcggctt_c.r2,sensitive
tgtccactctggaagg_t10.a.r2,resistant
tgtcccaaggttatag_c.r2,sensitive
tgtcccacagaagcgt_t10.a.r2,resistant
tgtcccacagctgaga_t10.a.r2,resistant
tgtcccatcaacctcc_c.r2,sensitive
tgtcctgcaagtcatc_c.r2,sensitive
tgtcctggtctctcac_c.r2,sensitive
tgtcctgtcatgccgg_t10.a.r2,resistant
tgtcctgtcttgagca_t10.a.r2,resistant
tgtgagtcatgtgact_t10.a.r2,resistant
tgtgagtgtgaatgta_t10.a.r2,resistant
tgtgatgagtgatagt_c.r2,sensitive
tgtgatgcagcatcta_c.r2,sensitive
tgtgatggtggtccca_c.r2,sensitive
tgtgatggttcaaaga_c.r2,sensitive
tgtgatgtcagcgcgt_c.r2,sensitive
tgtgcggagcactgga_c.r2,sensitive
tgtgcggagtataacg_c.r2,sensitive
tgtgcggcatcgtgcg_c.r2,sensitive
tgtgcgggtgagctcc_t10.a.r2,resistant
tgtgcggtccctgttg_t10.a.r2,resistant
tgtgcggtctatacgg_t10.a.r2,resistant
tgtggcgagatagtca_t10.a.r2,resistant
tgtggcggtcgtgcca_c.r2,sensitive
tgtggcggttagagat_c.r2,sensitive
tgtgtgaagctggctc_t10.a.r2,resistant
tgtgtgacaaagggtc_c.r2,sensitive
tgtgtgacaaatccca_t10.a.r2,resistant
tgtgtgagtccctgag_c.r2,sensitive
tgttactagagtcgac_c.r2,sensitive
tgttactcaccagctg_t10.a.r2,resistant
tgttactcatcgagcc_c.r2,sensitive
tgttcatagagcactg_c.r2,sensitive
tgttcatcaacagata_c.r2,sensitive
tgttcatcaccctgtt_c.r2,sensitive
tgttcatgtctacaac_t10.a.r2,resistant
tgttcatgttcgttcc_c.r2,sensitive
tgttccgagaggtcac_t10.a.r2,resistant
tgttccgcaatctagc_t10.a.r2,resistant
tgttccggtcgtggtc_c.r2,sensitive
tgttccgtcaaccttt_t10.a.r2,resistant
tgttccgtcccattta_c.r2,sensitive
tgttccgtccgaacgc_t10.a.r2,resistant
tgttccgtccgttgaa_c.r2,sensitive
tgttccgtcgtgctct_c.r2,sensitive
tgttccgtctggttga_t10.a.r2,resistant
tgttccgtcttacgga_t10.a.r2,resistant
tgttctaagttctctt_c.r2,sensitive
tgttctacaatgcagg_c.r2,sensitive
tgttctacagtattcg_c.r2,sensitive
tgttgagagacgatat_c.r2,sensitive
tgttgagaggagctgt_t10.a.r2,resistant
tgttgaggtatcgcat_c.r2,sensitive
tgttgaggtcatctag_t10.a.r2,resistant
tgttgagtcccttgtg_t10.a.r2,resistant
tgttgagtcgttctat_t10.a.r2,resistant
tgttggaaggccacct_c.r2,sensitive
tgttggacaaatacga_t10.a.r2,resistant
tgttggacaagtgata_c.r2,sensitive
tgttggacaccagtat_c.r2,sensitive
tgttggacactgtcct_c.r2,sensitive
tgttggagtttaccag_c.r2,sensitive
tgttggatcattggtg_c.r2,sensitive
tgtttgtcacagtcgc_c.r2,sensitive
tgtttgtgtagagtta_c.r2,sensitive
ttaatcccatctccca_t10.a.r2,resistant
ttaatcctcgaacgcc_c.r2,sensitive
ttaatcctctgggcgt_t10.a.r2,resistant
ttacaggaggaattac_t10.a.r2,resistant
ttacaggcacacagcc_t10.a.r2,resistant
ttacaggtcagcccag_t10.a.r2,resistant
ttacaggtcagcttga_c.r2,sensitive
ttaccatagtcactca_t10.a.r2,resistant
ttaccatcattcctcg_t10.a.r2,resistant
ttaccattcggctctt_c.r2,sensitive
ttaccgcagcatgggt_c.r2,sensitive
ttaccgccataactcg_c.r2,sensitive
ttaccgccatcggaga_c.r2,sensitive
ttaccgctctacttca_c.r2,sensitive
ttacgcccacacagcc_t10.a.r2,resistant
ttacgccgtggtgatg_c.r2,sensitive
ttacgccgttcaatcg_c.r2,sensitive
ttacgccgttcggcca_t10.a.r2,resistant
ttacgttaggttatag_c.r2,sensitive
ttacgttcaaggtcag_t10.a.r2,resistant
ttacgttcaataaggt_c.r2,sensitive
ttacgttcagcccaca_t10.a.r2,resistant
ttacgttgtatcctcc_c.r2,sensitive
ttaggcacaaactctg_c.r2,sensitive
ttaggcacaatcctag_t10.a.r2,resistant
ttaggcagtcatggcc_c.r2,sensitive
ttaggcatcgaatgct_c.r2,sensitive
ttaggcatcgagatgg_t10.a.r2,resistant
ttagggtagttgtaag_t10.a.r2,resistant
ttagggtgtgtgctta_t10.a.r2,resistant
ttagggttccgagtgc_t10.a.r2,resistant
ttagggttcgcgaaga_t10.a.r2,resistant
ttagtctcactttatc_t10.a.r2,resistant
ttattgccatcctgtc_t10.a.r2,resistant
ttattgcgtactgagg_t10.a.r2,resistant
ttattgcgtcactcgg_c.r2,sensitive
ttattgcgtcgtcggt_c.r2,sensitive
ttattgcgtctgatca_c.r2,sensitive
ttattgctctccgaaa_c.r2,sensitive
ttcaatcagtcgcgaa_c.r2,sensitive
ttcaatctcaaactgc_t10.a.r2,resistant
ttcaatctcgtgagag_c.r2,sensitive
ttcaatctctatcgga_c.r2,sensitive
ttcaatctctgcgtct_t10.a.r2,resistant
ttcaccgcaaagaact_t10.a.r2,resistant
ttcaccgcaattcttc_t10.a.r2,resistant
ttcaccggtgcgtgct_c.r2,sensitive
ttcaccgtcgtcctca_t10.a.r2,resistant
ttcacgcagcgtataa_c.r2,sensitive
ttcacgcaggttacaa_c.r2,sensitive
ttcaggaagccactcg_c.r2,sensitive
ttcaggatcatcctat_c.r2,sensitive
ttcatgtagaacccga_c.r2,sensitive
ttcatgtgtagtgcga_c.r2,sensitive
ttcatgttctggttga_t10.a.r2,resistant
ttcattgaggaattac_c.r2,sensitive
ttcattgcagcgtacc_c.r2,sensitive
ttcattggtgctgtcg_c.r2,sensitive
ttcattgtctttgcgc_t10.a.r2,resistant
ttccaatcaaccctct_c.r2,sensitive
ttccaatcagaattcc_t10.a.r2,resistant
ttccaatgttcaaaga_t10.a.r2,resistant
ttccacgcaaggcgta_c.r2,sensitive
ttccacggtatcctcc_c.r2,sensitive
ttccggtagacttgtc_c.r2,sensitive
ttccggtcaacacact_t10.a.r2,resistant
ttccggtcagggttga_c.r2,sensitive
ttccggtcataagcgg_t10.a.r2,resistant
ttccggtgtaagcaat_t10.a.r2,resistant
ttccggtgtatcgcta_t10.a.r2,resistant
ttccgtgcacgtacat_c.r2,sensitive
ttccgtggtacgttca_t10.a.r2,resistant
ttccgtggtgtgagca_t10.a.r2,resistant
ttcctaaagaacaagg_c.r2,sensitive
ttcctaaagtgagcca_t10.a.r2,resistant
ttcctaacaaatgcgg_t10.a.r2,resistant
ttcctctagccagagt_c.r2,sensitive
ttcctctcagacaata_c.r2,sensitive
ttcctctgtggtacag_t10.a.r2,resistant
ttcctcttcacgatac_t10.a.r2,resistant
ttccttcagcagcgat_t10.a.r2,resistant
ttccttcagttgtaga_c.r2,sensitive
ttccttccagtagata_c.r2,sensitive
ttccttctctgtaacg_c.r2,sensitive
ttcgattagcgaactg_c.r2,sensitive
ttcgattagggaggtg_c.r2,sensitive
ttcgattcacgccagt_c.r2,sensitive
ttcgattcaggtgtga_c.r2,sensitive
ttcgattgtacccgca_c.r2,sensitive
ttcgattgtgcggctt_t10.a.r2,resistant
ttcgatttccaaccgg_t10.a.r2,resistant
ttcgctgcagtatacc_c.r2,sensitive
ttcgctgtcccatggg_t10.a.r2,resistant
ttcggtcagatggtcg_c.r2,sensitive
ttcggtccatccgaat_t10.a.r2,resistant
ttcggtcgttcctacc_t10.a.r2,resistant
ttcggtctccgagatt_t10.a.r2,resistant
ttctaacagtgtagat_c.r2,sensitive
ttctagtgtatgcgtt_t10.a.r2,resistant
ttctagttcacccatc_t10.a.r2,resistant
ttctagttccctctcc_t10.a.r2,resistant
ttctctctccgagctg_t10.a.r2,resistant
ttctgtaaggtcgtcc_c.r2,sensitive
ttctgtagtttagtcg_c.r2,sensitive
ttctgtatcacccttg_t10.a.r2,resistant
ttctgtatcaggtgtt_c.r2,sensitive
ttctgtatccactaga_t10.a.r2,resistant
ttctgtatcgataacc_t10.a.r2,resistant
ttctgtatcggatact_c.r2,sensitive
ttctgtatctctcgca_t10.a.r2,resistant
ttcttcccaatagtag_c.r2,sensitive
ttcttccgtccagcca_t10.a.r2,resistant
ttcttccgtgccgttg_c.r2,sensitive
ttcttcctcactgctc_c.r2,sensitive
ttcttcctcgccttgt_c.r2,sensitive
ttcttgaagaacgtgc_t10.a.r2,resistant
ttcttgaagcgctgaa_c.r2,sensitive
ttgaacgagtttagga_t10.a.r2,resistant
ttgaacgtcacttgga_t10.a.r2,resistant
ttgacccagctggagt_c.r2,sensitive
ttgacccgtgtaacgg_c.r2,sensitive
ttgacccgttactcag_c.r2,sensitive
ttgacccgttcgattg_c.r2,sensitive
ttgagtgcaaatcaga_t10.a.r2,resistant
ttgagtgtccgcaaat_c.r2,sensitive
ttgagtgtctgagagg_c.r2,sensitive
ttgatggagtagaatc_t10.a.r2,resistant
ttgatggagttactcg_t10.a.r2,resistant
ttgatgggtcgttatg_t10.a.r2,resistant
ttgatgggttggaccc_c.r2,sensitive
ttgcattagacctccg_t10.a.r2,resistant
ttgcattcaattgaga_t10.a.r2,resistant
ttgcattgtccaggtc_c.r2,sensitive
ttgcattgtgaatgat_c.r2,sensitive
ttgcatttcactgctc_c.r2,sensitive
ttgcatttctggtcaa_t10.a.r2,resistant
ttgcctgagcgtctgc_c.r2,sensitive
ttgcctgagtcagccc_c.r2,sensitive
ttgcctgcatggatct_c.r2,sensitive
ttgcctggtaagaact_c.r2,sensitive
ttgcctgtccgcgatg_c.r2,sensitive
ttgcgtcagctgactt_t10.a.r2,resistant
ttgcgtcaggatcata_c.r2,sensitive
ttgcgtccacaacgag_t10.a.r2,resistant
ttgctgctctccgaaa_c.r2,sensitive
ttggatgagatgtagt_c.r2,sensitive
ttggatgcaagaatgt_t10.a.r2,resistant
ttggatgcatggctgc_t10.a.r2,resistant
ttggatggttcaagtc_t10.a.r2,resistant
ttggatgtctcgctca_t10.a.r2,resistant
ttgggatagttcggtt_c.r2,sensitive
ttgggatgtacggttt_c.r2,sensitive
ttgggatgtcgtatgt_t10.a.r2,resistant
ttgggcgaggaacgaa_t10.a.r2,resistant
ttgggcgagtctgcat_t10.a.r2,resistant
ttgggcggttctgaca_t10.a.r2,resistant
ttgggcgtccctctag_t10.a.r2,resistant
ttgggtaagtggcagt_c.r2,sensitive
ttgggtacaacggcct_c.r2,sensitive
ttgggtacactcatag_c.r2,sensitive
ttgggtacagctttga_c.r2,sensitive
ttgggtagtcggtacc_t10.a.r2,resistant
ttgggtagtgtcattg_c.r2,sensitive
ttggtttagcctttcc_t10.a.r2,resistant
ttggtttcagctgtta_c.r2,sensitive
ttggttttctgtgcaa_c.r2,sensitive
ttgtggacacgctgtg_t10.a.r2,resistant
ttgtggacagtaacgg_t10.a.r2,resistant
ttgtggacatcttcgc_t10.a.r2,resistant
ttgtggagtctaacgt_c.r2,sensitive
ttgtggatctcaaagc_t10.a.r2,resistant
ttgtgttagaagcctg_t10.a.r2,resistant
ttgtgttagtgctact_c.r2,sensitive
ttgtgttcaaattgga_c.r2,sensitive
ttgttcaagatggcgt_c.r2,sensitive
ttgttcaagattaccc_c.r2,sensitive
ttgttcacatatctgg_c.r2,sensitive
ttgttcagtatacctg_t10.a.r2,resistant
ttgttcatcctctaat_c.r2,sensitive
ttgttgtaggctccca_c.r2,sensitive
ttgttgtgtacacgtt_t10.a.r2,resistant
ttgttgttctaccacc_c.r2,sensitive
ttgtttgcaagaggct_c.r2,sensitive
ttgtttgcacaagccc_t10.a.r2,resistant
ttgtttggttcgtaac_c.r2,sensitive
ttgtttggtttgccgg_t10.a.r2,resistant
tttaccatcagatgct_c.r2,sensitive
tttacgtcaaaggtta_c.r2,sensitive
tttactgagactcgag_t10.a.r2,resistant
tttactgagcctgaag_c.r2,sensitive
tttactgcatcaccaa_c.r2,sensitive
tttactggttctaagc_t10.a.r2,resistant
tttactgtcaggtgtt_t10.a.r2,resistant
tttactgtcccgagac_t10.a.r2,resistant
tttagtcagttgtaag_c.r2,sensitive
tttagtccaatctgca_t10.a.r2,resistant
tttatgcagagcagct_c.r2,sensitive
tttatgcagggatcac_c.r2,sensitive
tttatgcaggtagtat_t10.a.r2,resistant
tttatgcgtggtgatg_c.r2,sensitive
tttatgctccggtagc_t10.a.r2,resistant
tttatgctctaagaag_t10.a.r2,resistant
tttcacaagagtctgg_c.r2,sensitive
tttcacaagccaaccc_c.r2,sensitive
tttcacacattgcaac_c.r2,sensitive
tttcagttctaaggaa_c.r2,sensitive
tttcatggtcgctcga_c.r2,sensitive
tttcatggttaggccc_t10.a.r2,resistant
tttcatgtcattgagc_c.r2,sensitive
tttcctccatgcgtgc_c.r2,sensitive
tttcctcgtccctgag_c.r2,sensitive
tttcctcgttcgcgtg_c.r2,sensitive
tttcctctcaaagaac_t10.a.r2,resistant
tttcctctcatgccgg_c.r2,sensitive
tttcgatagaattcag_c.r2,sensitive
tttcgatcactcagat_t10.a.r2,resistant
tttcgatgtagtgcga_t10.a.r2,resistant
tttcgattccgtccta_t10.a.r2,resistant
tttgactgtaacccta_t10.a.r2,resistant
tttgactgtcttgagt_c.r2,sensitive
tttgacttccttgacc_c.r2,sensitive
tttgacttcgaaatcc_c.r2,sensitive
tttgatccatgggtcc_c.r2,sensitive
tttgatcgtatcaaga_t10.a.r2,resistant
tttggagagtcatacc_c.r2,sensitive
tttggagtcaaagcct_c.r2,sensitive
tttggttagtgcaccc_c.r2,sensitive
tttggttcaagtgctt_c.r2,sensitive
tttggtttcattgccc_t10.a.r2,resistant
tttgttgcacggtaga_c.r2,sensitive
tttgttgcaggaatcg_t10.a.r2,resistant
tttgttgcagggacta_c.r2,sensitive
tttgttggtactccgg_t10.a.r2,resistant
tttgttgtcaccgggt_c.r2,sensitive
tttgttgtcacctcac_c.r2,sensitive
tttgttgtcagagcga_c.r2,sensitive
tttgttgtcagcaatc_c.r2,sensitive
tttgttgtcggattac_c.r2,sensitive
tttgttgtcggccaac_c.r2,sensitive
